threads,num_iters,outside_work,n,use_backoff,tas_ms,ttas_ms,mcs_ms
1,1000,0,53,0,0.3995,0.1702,0.1763
1,1000,0,89,0,0.226,0.2332,0.2082
1,1000,0,101,0,0.208,0.2059,0.219
1,1000,0,503,0,0.7298,0.7988,0.8452
1,1000,0,1009,0,1.589,1.4407,1.4571
1,1000,0,10007,0,13.2885,13.5562,13.2818
1,1000,0,50021,0,64.9644,65.243,65.6397
1,1000,0,100003,0,131.135,133.914,133.947
1,1000,1,53,0,0.5191,0.3327,0.4168
1,1000,1,89,0,0.3437,0.4894,0.3524
1,1000,1,101,0,0.3404,0.3376,0.3346
1,1000,1,503,0,1.3636,1.3547,1.3521
1,1000,1,1009,0,2.7056,2.6682,2.8557
1,1000,1,10007,0,25.985,26.1075,26.7571
1,1000,1,50021,0,130.087,139.053,130.982
1,1000,1,100003,0,274.453,262.176,260.461
1,1000,3,53,0,0.6756,0.8347,0.6902
1,1000,3,89,0,0.5789,0.5287,0.523
1,1000,3,101,0,0.6343,0.5975,0.616
1,1000,3,503,0,2.6349,2.6468,2.6511
1,1000,3,1009,0,5.3836,5.2614,5.2892
1,1000,3,10007,0,62.6525,53.9453,54.1221
1,1000,3,50021,0,262.467,263.358,263.25
1,1000,3,100003,0,520.493,531.396,530.565
1,1000,5,53,0,0.962,0.6229,0.5404
1,1000,5,89,0,0.9691,0.8626,0.7544
1,1000,5,101,0,0.8508,0.8412,0.845
1,1000,5,503,0,4.1457,4.1248,3.9782
1,1000,5,1009,0,8.4837,8.4424,8.0157
1,1000,5,10007,0,80.0317,78.7528,87.7149
1,1000,5,50021,0,459.844,463.36,466.528
1,1000,5,100003,0,855.094,814.209,792.513
1,1000,7,53,0,1.5885,1.1198,0.9823
1,1000,7,89,0,0.9785,0.9922,0.9668
1,1000,7,101,0,1.075,1.2093,1.6287
1,1000,7,503,0,5.4386,5.9721,5.6042
1,1000,7,1009,0,12.2451,11.0405,10.6478
1,1000,7,10007,0,114.074,116.445,127.171
1,1000,7,50021,0,660.218,542.114,536.565
1,1000,7,100003,0,1075.31,1072.39,1073.47
1,1000,9,53,0,2.0264,0.9789,1.7989
1,1000,9,89,0,1.9103,1.2459,1.1974
1,1000,9,101,0,1.659,1.3721,1.3322
1,1000,9,503,0,6.6637,6.5297,6.5671
1,1000,9,1009,0,14.1367,13.2225,13.5191
1,1000,9,10007,0,131.413,132.65,131.618
1,1000,9,50021,0,663.464,659.056,675.076
1,1000,9,100003,0,1336.12,1332.51,1327.94
2,1000,0,53,0,0.5569,0.3316,0.8238
2,1000,0,89,0,0.5601,0.3516,0.4683
2,1000,0,101,0,0.3448,0.4292,0.5362
2,1000,0,503,0,1.3473,1.3968,2.24
2,1000,0,1009,0,2.7765,2.8155,4.0785
2,1000,0,10007,0,27.6856,26.4654,27.3163
2,1000,0,50021,0,132.474,132.038,136.418
2,1000,0,100003,0,262.9,271.348,267.717
2,1000,1,53,0,0.8411,0.3627,0.6308
2,1000,1,89,0,0.8931,0.4758,0.5724
2,1000,1,101,0,0.6478,0.5202,0.5468
2,1000,1,503,0,1.5561,1.5727,1.9159
2,1000,1,1009,0,3.1961,2.9955,4.1095
2,1000,1,10007,0,30.9822,28.5358,27.5916
2,1000,1,50021,0,144.981,140.372,135.159
2,1000,1,100003,0,284.254,275.408,277.77
2,1000,3,53,0,0.565,0.5071,0.4884
2,1000,3,89,0,1.1326,0.621,1.4155
2,1000,3,101,0,0.6678,0.6532,0.6456
2,1000,3,503,0,2.8256,3.8788,2.9029
2,1000,3,1009,0,6.614,6.8143,5.6584
2,1000,3,10007,0,55.7873,55.9003,55.7012
2,1000,3,50021,0,278.993,274.234,275.485
2,1000,3,100003,0,554.304,550.787,553.933
2,1000,5,53,0,0.5814,0.747,0.786
2,1000,5,89,0,0.8829,1.8207,1.067
2,1000,5,101,0,0.962,0.9467,1.0446
2,1000,5,503,0,5.0395,4.2336,4.4712
2,1000,5,1009,0,10.0557,8.6525,8.376
2,1000,5,10007,0,82.8655,82.821,85.1937
2,1000,5,50021,0,416.7,415.355,415.091
2,1000,5,100003,0,825.547,832.808,825.041
2,1000,7,53,0,1.8452,1.0339,0.9125
2,1000,7,89,0,1.036,1.0088,1.0385
2,1000,7,101,0,1.1629,1.1682,1.7417
2,1000,7,503,0,5.6018,7.1743,5.7509
2,1000,7,1009,0,12.2176,11.5735,11.3775
2,1000,7,10007,0,112.025,112.379,110.011
2,1000,7,50021,0,556.301,553.137,554.169
2,1000,7,100003,0,1121.73,1111.68,1108.87
2,1000,9,53,0,1.9002,1.3307,1.0438
2,1000,9,89,0,1.2834,1.2521,1.2445
2,1000,9,101,0,2.0728,1.5813,2.5077
2,1000,9,503,0,8.1311,7.1447,8.0699
2,1000,9,1009,0,15.2129,14.2326,13.8609
2,1000,9,10007,0,144.979,140.943,141.3
2,1000,9,50021,0,703.96,705.599,701.994
2,1000,9,100003,0,1390.89,1411.75,1410.78
4,1000,0,53,0,0.5573,0.6038,0.9684
4,1000,0,89,0,0.6891,0.9887,1.021
4,1000,0,101,0,0.8671,1.0315,1.2865
4,1000,0,503,0,3.0646,2.9594,4.9088
4,1000,0,1009,0,5.688,5.9051,6.1741
4,1000,0,10007,0,54.7944,54.9186,55.5011
4,1000,0,50021,0,273.762,273.941,277.745
4,1000,0,100003,0,537.244,552.958,555.575
4,1000,1,53,0,0.8095,0.8113,0.7923
4,1000,1,89,0,1.3011,1.2973,1.0689
4,1000,1,101,0,1.4145,1.2397,1.1398
4,1000,1,503,0,3.6784,3.6425,3.7783
4,1000,1,1009,0,6.6147,6.5888,6.7332
4,1000,1,10007,0,57.2293,56.9123,56.8684
4,1000,1,50021,0,280.227,283.208,280.412
4,1000,1,100003,0,555.124,637.192,633.026
4,1000,3,53,0,1.4046,1.3578,1.2571
4,1000,3,89,0,1.3756,1.4117,1.2127
4,1000,3,101,0,1.4279,1.3586,1.4213
4,1000,3,503,0,3.9546,4.7252,4.0583
4,1000,3,1009,0,8.1519,7.52,7.6749
4,1000,3,10007,0,70.7328,69.794,71.6702
4,1000,3,50021,0,349.748,351.343,338.349
4,1000,3,100003,0,676.608,690.105,686.058
4,1000,5,53,0,1.2871,1.3389,1.3786
4,1000,5,89,0,1.8211,1.2323,1.3064
4,1000,5,101,0,1.1886,2.0139,1.5274
4,1000,5,503,0,5.8867,5.4372,5.9538
4,1000,5,1009,0,11.8071,10.8837,11.1085
4,1000,5,10007,0,102.546,106.578,103.758
4,1000,5,50021,0,515.162,498.994,499.516
4,1000,5,100003,0,1011.52,1020.21,993.48
4,1000,7,53,0,1.0032,1.4669,1.5136
4,1000,7,89,0,1.3288,1.3417,1.7763
4,1000,7,101,0,1.5123,1.4382,1.643
4,1000,7,503,0,6.7785,7.1664,7.0131
4,1000,7,1009,0,15.0659,15.2441,14.2039
4,1000,7,10007,0,135.604,138.425,136.312
4,1000,7,50021,0,681.452,674.621,671.674
4,1000,7,100003,0,1345.72,1341.05,1339.19
4,1000,9,53,0,2.2131,1.9811,1.4427
4,1000,9,89,0,1.758,1.6057,1.9052
4,1000,9,101,0,1.8656,1.8167,1.9168
4,1000,9,503,0,8.8244,8.6769,10.0114
4,1000,9,1009,0,17.6356,17.4098,15.2899
4,1000,9,10007,0,158.621,166.093,165.589
4,1000,9,50021,0,835.572,838.082,842.703
4,1000,9,100003,0,1660.78,1685.26,1646.75
8,1000,0,53,0,1.3444,1.1927,2.2089
8,1000,0,89,0,1.7288,1.3984,2.3741
8,1000,0,101,0,1.9878,1.6085,2.5126
8,1000,0,503,0,7.7405,7.7374,8.3514
8,1000,0,1009,0,14.538,14.8433,15.6305
8,1000,0,10007,0,140.25,150.851,163.383
8,1000,0,50021,0,752.242,755.07,787.984
8,1000,0,100003,0,1468.62,1596.13,1610.34
8,1000,1,53,0,3.0534,3.5002,2.3944
8,1000,1,89,0,4.8372,4.1614,2.8673
8,1000,1,101,0,4.8261,4.3857,3.1684
8,1000,1,503,0,11.1919,10.4582,10.2601
8,1000,1,1009,0,19.8174,18.5613,18.7354
8,1000,1,10007,0,164.817,166.083,164.64
8,1000,1,50021,0,798.973,807.255,818.095
8,1000,1,100003,0,1582.85,1627.34,1662.51
8,1000,3,53,0,4.0838,3.4969,2.2988
8,1000,3,89,0,4.648,3.9617,3.381
8,1000,3,101,0,4.9025,4.1032,3.2141
8,1000,3,503,0,11.4008,11.441,10.3056
8,1000,3,1009,0,20.1165,20.6676,18.8801
8,1000,3,10007,0,173.795,174.945,170.763
8,1000,3,50021,0,809.467,838.95,837.965
8,1000,3,100003,0,1640.53,1708.63,1638.22
8,1000,5,53,0,3.267,3.3961,2.2978
8,1000,5,89,0,4.3202,3.7103,3.2491
8,1000,5,101,0,4.4359,4.0172,3.7947
8,1000,5,503,0,11.1594,11.7839,10.5335
8,1000,5,1009,0,19.6528,20.7413,19.5453
8,1000,5,10007,0,175.114,183.754,172.798
8,1000,5,50021,0,871.687,873.914,823.308
8,1000,5,100003,0,1727.56,1715.46,1689.13
8,1000,7,53,0,3.1133,3.4202,3.0301
8,1000,7,89,0,4.3662,4.1677,3.2599
8,1000,7,101,0,4.6965,4.5543,3.5304
8,1000,7,503,0,11.2905,11.7954,12.0217
8,1000,7,1009,0,21.309,21.2549,22.7676
8,1000,7,10007,0,202.937,206.158,209.639
8,1000,7,50021,0,990.032,944.214,965.69
8,1000,7,100003,0,1914.95,1948.78,1920.34
8,1000,9,53,0,3.6374,2.8928,2.733
8,1000,9,89,0,3.8285,3.7226,3.4497
8,1000,9,101,0,4.0367,4.0152,3.6388
8,1000,9,503,0,12.3889,12.4131,15.1682
8,1000,9,1009,0,24.8535,25.6161,25.1324
8,1000,9,10007,0,231.367,234.365,242.421
8,1000,9,50021,0,1168.22,1131.66,1192.41
8,1000,9,100003,0,2273.93,2315.11,2269.58
12,1000,0,53,0,3.6968,2.6531,3.4932
12,1000,0,89,0,3.3034,2.5353,4.9426
12,1000,0,101,0,4.4629,2.8686,6.1942
12,1000,0,503,0,14.5862,13.7592,14.9257
12,1000,0,1009,0,25.3258,25.2287,28.6804
12,1000,0,10007,0,250.695,245.72,278.128
12,1000,0,50021,0,1221.9,1248.96,1466.91
12,1000,0,100003,0,2519.01,2568.88,2943.11
12,1000,1,53,0,5.4432,6.2735,4.1935
12,1000,1,89,0,8.7172,7.2752,5.2719
12,1000,1,101,0,8.8365,8.0458,5.6213
12,1000,1,503,0,21.4713,18.5074,18.8474
12,1000,1,1009,0,36.969,33.603,33.728
12,1000,1,10007,0,291.451,272.455,294.326
12,1000,1,50021,0,1277.12,1365.4,1478.19
12,1000,1,100003,0,2524.12,2753.64,2945.64
12,1000,3,53,0,7.2282,5.5443,3.8669
12,1000,3,89,0,8.3526,7.4384,5.3034
12,1000,3,101,0,8.7061,8.029,5.5948
12,1000,3,503,0,20.6261,18.8071,17.8208
12,1000,3,1009,0,35.5803,33.0925,33.2842
12,1000,3,10007,0,292.755,293.437,302.118
12,1000,3,50021,0,1367.8,1444.85,1502.2
12,1000,3,100003,0,2704.54,2942.36,2962.56
12,1000,5,53,0,6.8801,6.687,3.9574
12,1000,5,89,0,8.2713,7.5248,5.5906
12,1000,5,101,0,8.851,7.9609,5.7707
12,1000,5,503,0,21.6986,18.5458,18.9727
12,1000,5,1009,0,38.9146,35.2746,34.9503
12,1000,5,10007,0,323.897,302.647,307.331
12,1000,5,50021,0,1420.64,1553.02,1485.59
12,1000,5,100003,0,2888.22,3038.1,3025.76
12,1000,7,53,0,6.3707,6.495,4.0812
12,1000,7,89,0,7.8045,7.2484,5.5815
12,1000,7,101,0,8.054,7.6058,6.1229
12,1000,7,503,0,21.3613,19.975,18.8858
12,1000,7,1009,0,38.7078,36.1665,34.0301
12,1000,7,10007,0,325.853,322.726,284.491
12,1000,7,50021,0,1536.51,1565.7,1540.25
12,1000,7,100003,0,3021.05,3163.8,3187.58
12,1000,9,53,0,5.0801,3.9207,5.1462
12,1000,9,89,0,7.3294,6.337,5.9008
12,1000,9,101,0,8.5031,6.9417,6.558
12,1000,9,503,0,19.3286,20.773,19.1396
12,1000,9,1009,0,34.2065,38.8969,35.6346
12,1000,9,10007,0,383.397,340.117,330.681
12,1000,9,50021,0,2330.81,2363.24,1576.6
12,1000,9,100003,0,3326.64,3405.01,3788.83
16,1000,0,53,0,4.7744,2.6207,3.7218
16,1000,0,89,0,4.4723,2.8038,3.9609
16,1000,0,101,0,4.2857,4.3098,6.6379
16,1000,0,503,0,17.0059,16.4494,19.8125
16,1000,0,1009,0,30.1375,26.1118,35.8222
16,1000,0,10007,0,306.478,295.172,410.414
16,1000,0,50021,0,1629.75,1667.87,2012.99
16,1000,0,100003,0,3012.25,3403.47,4089.69
16,1000,1,53,0,7.0159,7.8834,5.6417
16,1000,1,89,0,9.1812,10.1915,7.4915
16,1000,1,101,0,9.9044,10.7661,8.0161
16,1000,1,503,0,31.913,29.2126,25.9165
16,1000,1,1009,0,55.2675,50.8046,46.825
16,1000,1,10007,0,467.106,424.122,413.64
16,1000,1,50021,0,2016.32,2212.76,2109.61
16,1000,1,100003,0,3815.86,4782.07,4472.24
16,1000,3,53,0,7.0869,8.0026,5.1868
16,1000,3,89,0,10.5921,10.3084,7.0102
16,1000,3,101,0,10.9466,10.636,7.4274
16,1000,3,503,0,28.7815,28.6592,25.7878
16,1000,3,1009,0,53.3237,55.1684,47.9959
16,1000,3,10007,0,445.606,430.667,455.427
16,1000,3,50021,0,2073.48,2310.08,2318.08
16,1000,3,100003,0,4081.91,4723.44,4722.16
16,1000,5,53,0,8.9323,9.137,6.154
16,1000,5,89,0,10.4436,10.2339,8.2574
16,1000,5,101,0,11.2273,10.4024,7.9157
16,1000,5,503,0,31.8931,32.2834,27.9608
16,1000,5,1009,0,57.5962,58.3865,62.5108
16,1000,5,10007,0,458.341,470.449,475.088
16,1000,5,50021,0,2219.67,2422.12,2459.4
16,1000,5,100003,0,4372.39,4974.14,4897.12
16,1000,7,53,0,8.0796,7.7514,6.0873
16,1000,7,89,0,10.3694,9.0141,7.9842
16,1000,7,101,0,11.1879,11.2034,8.1192
16,1000,7,503,0,31.4093,33.5467,26.5454
16,1000,7,1009,0,58.3176,56.8642,57.2689
16,1000,7,10007,0,520.975,530.972,492.963
16,1000,7,50021,0,2408.2,2622.14,2510.52
16,1000,7,100003,0,4748.73,5221.83,5062.18
16,1000,9,53,0,8.2265,7.6717,6.7746
16,1000,9,89,0,10.8872,9.4525,7.2877
16,1000,9,101,0,10.5931,10.4659,8.5594
16,1000,9,503,0,31.1323,31.8514,29.0704
16,1000,9,1009,0,56.8428,62.3316,58.8747
16,1000,9,10007,0,514.523,548.393,521.018
16,1000,9,50021,0,2493.11,2715.93,2565.95
16,1000,9,100003,0,4925.84,5439.96,5176.5
20,1000,0,53,0,4.3414,3.6591,6.2993
20,1000,0,89,0,6.4024,4.4852,10.247
20,1000,0,101,0,7.5061,5.8357,8.1676
20,1000,0,503,0,28.8488,21.5299,26.1796
20,1000,0,1009,0,55.1424,41.5385,65.3477
20,1000,0,10007,0,461.932,411.058,570.059
20,1000,0,50021,0,2272.11,2274.49,2950.58
20,1000,0,100003,0,4378.46,4718.59,6169.54
20,1000,1,53,0,9.6107,10.4525,7.4941
20,1000,1,89,0,13.2151,13.6222,10.8112
20,1000,1,101,0,14.9978,16.0142,10.5933
20,1000,1,503,0,45.1922,40.7637,35.125
20,1000,1,1009,0,82.2914,75.8562,61.3519
20,1000,1,10007,0,632.875,608.233,559.355
20,1000,1,50021,0,2589.04,3138.78,3163.7
20,1000,1,100003,0,4990.55,6342.66,6399.73
20,1000,3,53,0,11.6934,12.3033,8.827
20,1000,3,89,0,14.7737,14.9139,11.108
20,1000,3,101,0,16.1,15.6721,11.2273
20,1000,3,503,0,44.1862,42.5764,37.5194
20,1000,3,1009,0,82.5812,75.5388,64.0921
20,1000,3,10007,0,616.012,643.391,631.501
20,1000,3,50021,0,2760.3,3300.85,3465.52
20,1000,3,100003,0,5502.66,6691.66,7092.36
20,1000,5,53,0,12.8682,9.9605,7.6224
20,1000,5,89,0,15.8728,15.1514,10.7122
20,1000,5,101,0,15.3403,15.5208,11.703
20,1000,5,503,0,46.4588,43.8796,37.3748
20,1000,5,1009,0,78.5776,78.6751,72.4158
20,1000,5,10007,0,657.745,664.583,678.332
20,1000,5,50021,0,2957.5,3580.52,4248.15
20,1000,5,100003,0,6145.07,7001.11,7253.51
20,1000,7,53,0,11.2256,9.383,7.4665
20,1000,7,89,0,14.3018,13.4644,9.1367
20,1000,7,101,0,16.6386,14.5743,10.2244
20,1000,7,503,0,41.3661,41.3302,36.7694
20,1000,7,1009,0,78.2257,79.5523,70.5131
20,1000,7,10007,0,690.387,717.358,735.39
20,1000,7,50021,0,3177.75,3592.93,3672.43
20,1000,7,100003,0,6283.46,7483.38,7271.69
20,1000,9,53,0,11.5274,10.1844,7.9233
20,1000,9,89,0,13.7343,13.1735,10.3434
20,1000,9,101,0,14.7108,14.0593,10.3591
20,1000,9,503,0,43.0348,44.1261,52.7524
20,1000,9,1009,0,80.9227,72.2425,78.6378
20,1000,9,10007,0,715.283,769.406,801.469
20,1000,9,50021,0,3424.43,3769.1,3825.91
20,1000,9,100003,0,6917.71,7542.7,7387.36
1,1000,0,53,0,0.7241,0.7472,0.7186
1,1000,0,89,0,0.5153,0.4588,0.3414
1,1000,0,101,0,0.4099,0.3309,0.5447
1,1000,0,503,0,0.8374,0.8744,0.8295
1,1000,0,1009,0,1.5644,1.5585,1.9776
1,1000,0,10007,0,16.2952,14.849,14.9685
1,1000,0,50021,0,74.5535,70.0522,66.9301
1,1000,0,100003,0,134.332,133.056,134.339
1,1000,1,53,0,0.4705,0.3005,0.619
1,1000,1,89,0,0.347,0.7796,0.7123
1,1000,1,101,0,0.3608,0.3542,0.325
1,1000,1,503,0,1.4055,1.3971,1.3808
1,1000,1,1009,0,2.9805,2.7543,2.9162
1,1000,1,10007,0,28.8486,27.6078,28.481
1,1000,1,50021,0,137.266,135.293,137.141
1,1000,1,100003,0,272.423,270.361,269.413
1,1000,3,53,0,0.8415,1.2514,0.8337
1,1000,3,89,0,0.596,0.5621,0.7358
1,1000,3,101,0,0.744,0.5797,0.5851
1,1000,3,503,0,2.7369,2.8015,2.8385
1,1000,3,1009,0,5.533,5.5159,6.0315
1,1000,3,10007,0,53.1309,55.585,53.9495
1,1000,3,50021,0,272.256,271.362,270.723
1,1000,3,100003,0,548.605,540.391,538.6
1,1000,5,53,0,1.4706,1.1533,0.7773
1,1000,5,89,0,1.6158,0.9649,1.0379
1,1000,5,101,0,0.8533,0.8835,0.9078
1,1000,5,503,0,4.0187,4.1498,4.0922
1,1000,5,1009,0,8.4893,8.2993,8.2745
1,1000,5,10007,0,84.0427,81.4877,80.877
1,1000,5,50021,0,408.913,409.822,404.632
1,1000,5,100003,0,807.749,824.063,795.044
1,1000,7,53,0,1.5054,1.7767,1.6276
1,1000,7,89,0,1.1821,1.3484,1.052
1,1000,7,101,0,1.2057,1.1626,1.2652
1,1000,7,503,0,5.5213,5.5974,5.6669
1,1000,7,1009,0,11.1256,11.9295,11.0788
1,1000,7,10007,0,111.626,108.19,108.898
1,1000,7,50021,0,541.704,541.374,548.556
1,1000,7,100003,0,1080.53,1082.21,1081.68
1,1000,9,53,0,1.1234,1.8844,1.5424
1,1000,9,89,0,1.33,1.269,1.2559
1,1000,9,101,0,1.4088,1.6543,1.4308
1,1000,9,503,0,6.8594,6.9007,6.9602
1,1000,9,1009,0,13.7671,14.2157,14.0377
1,1000,9,10007,0,135.982,134.573,133.21
1,1000,9,50021,0,682.077,682.112,673.631
1,1000,9,100003,0,1352.59,1354.13,1358.5
2,1000,0,53,0,0.556,0.8592,0.7425
2,1000,0,89,0,0.6224,0.4188,0.8125
2,1000,0,101,0,0.6997,0.4249,0.5247
2,1000,0,503,0,1.5307,1.5861,1.7324
2,1000,0,1009,0,2.839,2.9259,3.2474
2,1000,0,10007,0,27.5969,27.5976,28.6354
2,1000,0,50021,0,135.039,135.808,136.297
2,1000,0,100003,0,268.583,272.193,275.101
2,1000,1,53,0,1.0299,0.8257,0.8344
2,1000,1,89,0,0.616,0.6706,0.7356
2,1000,1,101,0,0.6194,0.6208,0.5801
2,1000,1,503,0,1.6293,1.6403,2.2108
2,1000,1,1009,0,3.2533,3.0583,4.3611
2,1000,1,10007,0,28.027,27.5892,27.5843
2,1000,1,50021,0,143.742,137.647,135.263
2,1000,1,100003,0,280.47,279.252,273.773
2,1000,3,53,0,1.4025,0.9933,0.6812
2,1000,3,89,0,0.8496,0.6344,0.576
2,1000,3,101,0,0.6456,0.6316,0.6386
2,1000,3,503,0,2.8545,4.8267,2.8469
2,1000,3,1009,0,5.945,5.8141,5.8232
2,1000,3,10007,0,56.8792,54.4737,57.4607
2,1000,3,50021,0,274.108,276.203,278.529
2,1000,3,100003,0,549.399,550.845,567.591
2,1000,5,53,0,1.1557,0.8393,1.2873
2,1000,5,89,0,1.2045,1.1327,0.8865
2,1000,5,101,0,0.9047,0.898,0.9226
2,1000,5,503,0,4.5475,6.1337,4.205
2,1000,5,1009,0,8.854,8.613,9.4166
2,1000,5,10007,0,83.5804,84.747,84.4509
2,1000,5,50021,0,423.551,429.468,423.487
2,1000,5,100003,0,868.107,904.578,891.961
2,1000,7,53,0,1.2354,1.4251,1.6581
2,1000,7,89,0,2.3385,1.085,1.9871
2,1000,7,101,0,1.3879,1.3382,1.2218
2,1000,7,503,0,5.9184,7.5658,5.6997
2,1000,7,1009,0,12.5848,11.1608,11.2373
2,1000,7,10007,0,112.94,111.244,112.499
2,1000,7,50021,0,561.18,552.493,609.512
2,1000,7,100003,0,1483.44,1188.88,1418.99
2,1000,9,53,0,1.0788,1.2661,1.3061
2,1000,9,89,0,1.3211,1.5026,1.4112
2,1000,9,101,0,1.4256,1.4326,1.4797
2,1000,9,503,0,7.7918,7.1781,7.0891
2,1000,9,1009,0,13.7194,13.7393,13.9508
2,1000,9,10007,0,136.519,134.781,136.87
2,1000,9,50021,0,692.115,673.696,677.575
2,1000,9,100003,0,1354.9,1387.84,1459.07
4,1000,0,53,0,0.8049,0.7245,1.0162
4,1000,0,89,0,1.1124,0.7882,1.0909
4,1000,0,101,0,0.7778,0.6544,1.0177
4,1000,0,503,0,3.3135,3.4313,3.4248
4,1000,0,1009,0,6.0976,5.9887,6.6004
4,1000,0,10007,0,58.8563,55.6011,59.0216
4,1000,0,50021,0,285.523,283.22,285.083
4,1000,0,100003,0,568.61,577.971,575.5
4,1000,1,53,0,1.1013,1.1661,1.0821
4,1000,1,89,0,1.4305,1.2142,1.0038
4,1000,1,101,0,1.3882,1.4323,1.2256
4,1000,1,503,0,3.7965,3.8642,4.1355
4,1000,1,1009,0,6.8365,7.4492,6.598
4,1000,1,10007,0,59.0263,58.9848,59.7175
4,1000,1,50021,0,290.845,294.395,288.265
4,1000,1,100003,0,579.032,597.172,587.447
4,1000,3,53,0,1.3511,1.0698,1.1544
4,1000,3,89,0,1.236,1.201,1.1019
4,1000,3,101,0,1.3277,1.2412,1.2011
4,1000,3,503,0,3.5768,3.5757,4.6836
4,1000,3,1009,0,7.3959,6.7658,7.0154
4,1000,3,10007,0,65.5871,64.9774,64.5492
4,1000,3,50021,0,325.19,327.538,325.832
4,1000,3,100003,0,645.429,653.711,654.579
4,1000,5,53,0,1.5193,1.1669,1.2941
4,1000,5,89,0,1.3138,1.0387,1.2185
4,1000,5,101,0,1.1221,1.1006,1.4726
4,1000,5,503,0,4.844,4.8029,4.7619
4,1000,5,1009,0,9.9086,9.6293,9.5808
4,1000,5,10007,0,98.3287,100.571,99.981
4,1000,5,50021,0,497.408,481.789,482.913
4,1000,5,100003,0,991.814,998.022,997.454
4,1000,7,53,0,1.8527,1.388,1.6786
4,1000,7,89,0,1.8767,2.0278,1.4738
4,1000,7,101,0,1.5083,1.6388,1.3864
4,1000,7,503,0,6.1147,6.0758,7.4455
4,1000,7,1009,0,12.4642,12.5247,12.5443
4,1000,7,10007,0,125.588,133.631,134.825
4,1000,7,50021,0,672,684.602,644.825
4,1000,7,100003,0,1307.73,1298.13,1306.74
4,1000,9,53,0,2.0744,1.3121,1.1206
4,1000,9,89,0,1.5396,1.5332,1.5315
4,1000,9,101,0,1.7931,1.8292,1.8125
4,1000,9,503,0,9.1325,8.7011,8.4998
4,1000,9,1009,0,17.667,16.4573,17.1176
4,1000,9,10007,0,169.534,172.505,167.033
4,1000,9,50021,0,836.547,817.086,815.556
4,1000,9,100003,0,1609.55,1599.71,1605.3
8,1000,0,53,0,1.807,1.3983,1.8868
8,1000,0,89,0,2.2585,1.361,2.7876
8,1000,0,101,0,2.2136,1.6709,2.5269
8,1000,0,503,0,7.6494,7.2926,9.1383
8,1000,0,1009,0,14.3326,15.2096,15.5984
8,1000,0,10007,0,137.212,140.212,153.682
8,1000,0,50021,0,718.554,685.677,809.831
8,1000,0,100003,0,1332.14,1456.52,1593.99
8,1000,1,53,0,2.4747,3.1223,2.0329
8,1000,1,89,0,4.2434,3.6783,2.7405
8,1000,1,101,0,4.4095,4.1853,3.1909
8,1000,1,503,0,11.3883,10.4125,9.6776
8,1000,1,1009,0,19.4907,18.1521,18.3822
8,1000,1,10007,0,170.032,160.034,160.877
8,1000,1,50021,0,747.241,755.255,807.042
8,1000,1,100003,0,1472.32,1505.62,1642.17
8,1000,3,53,0,3.0097,2.7436,2.4236
8,1000,3,89,0,3.9325,3.4532,2.7272
8,1000,3,101,0,4.6307,4.0269,3.1796
8,1000,3,503,0,11.1043,10.2731,10.3414
8,1000,3,1009,0,19.1457,20.1389,18.1538
8,1000,3,10007,0,176.289,164.367,163.391
8,1000,3,50021,0,871.662,804.645,777.156
8,1000,3,100003,0,1598.09,1524.94,1852.45
8,1000,5,53,0,3.5646,2.7991,2.568
8,1000,5,89,0,3.7018,3.0808,3.1117
8,1000,5,101,0,4.1676,3.2828,3.4445
8,1000,5,503,0,11.0632,11.2437,12.4021
8,1000,5,1009,0,20.323,21.8292,19.1543
8,1000,5,10007,0,179.852,183.729,166.742
8,1000,5,50021,0,859.886,932.85,1045.48
8,1000,5,100003,0,1715.59,1725.83,1697.29
8,1000,7,53,0,3.5418,3.1683,2.6473
8,1000,7,89,0,3.1422,3.4404,3.7087
8,1000,7,101,0,3.6934,3.4787,3.3618
8,1000,7,503,0,11.1007,11.7338,10.9516
8,1000,7,1009,0,22.1971,21.7214,21.0008
8,1000,7,10007,0,200.138,207.602,192.548
8,1000,7,50021,0,1201.7,913.413,1136.05
8,1000,7,100003,0,2086.39,1989.51,2006.52
8,1000,9,53,0,3.3145,2.6461,2.6049
8,1000,9,89,0,3.4642,3.49,3.4555
8,1000,9,101,0,3.8543,3.9102,3.9861
8,1000,9,503,0,11.4732,12.9475,15.4259
8,1000,9,1009,0,23.71,24.5621,23.4948
8,1000,9,10007,0,295.107,221.68,223.948
8,1000,9,50021,0,1400.85,1229.04,1102.25
8,1000,9,100003,0,2302.07,2276.4,2963.17
12,1000,0,53,0,2.5121,2.429,3.3891
12,1000,0,89,0,2.7338,1.9578,3.7775
12,1000,0,101,0,2.3959,2.3546,3.7387
12,1000,0,503,0,11.6022,12.1093,12.9074
12,1000,0,1009,0,22.3321,21.7549,23.8938
12,1000,0,10007,0,206.661,219.793,274.753
12,1000,0,50021,0,1072.74,1169.36,1335.67
12,1000,0,100003,0,1978.65,2433.84,2777.05
12,1000,1,53,0,4.8992,5.4217,4.2332
12,1000,1,89,0,7.8331,6.424,5.2533
12,1000,1,101,0,8.3578,6.8375,7.5178
12,1000,1,503,0,20.3155,17.7601,18.871
12,1000,1,1009,0,35.7549,33.1318,32.2281
12,1000,1,10007,0,295.019,289.932,272.425
12,1000,1,50021,0,1271.94,1296.95,1427.61
12,1000,1,100003,0,2603.05,2774.38,2894.9
12,1000,3,53,0,5.9905,5.464,3.7966
12,1000,3,89,0,7.4369,6.5695,5.0283
12,1000,3,101,0,7.9613,7.4778,5.1127
12,1000,3,503,0,19.6576,17.6519,16.9398
12,1000,3,1009,0,34.2322,33.2665,31.5216
12,1000,3,10007,0,297.448,269.813,268.913
12,1000,3,50021,0,1420.38,1360.24,1475.12
12,1000,3,100003,0,2743.25,2957.39,3127.95
12,1000,5,53,0,6.1419,5.2744,4.1893
12,1000,5,89,0,7.0232,6.9643,5.7035
12,1000,5,101,0,7.5185,7.4486,5.1973
12,1000,5,503,0,20.5419,18.3373,17.9244
12,1000,5,1009,0,35.7661,32.2029,32.4803
12,1000,5,10007,0,332.024,286.276,294.621
12,1000,5,50021,0,1599.7,1444.73,1589.66
12,1000,5,100003,0,2858.74,3109.64,3026.79
12,1000,7,53,0,6.3207,5.04,4.2045
12,1000,7,89,0,6.826,5.8817,4.484
12,1000,7,101,0,7.0758,6.7655,5.3972
12,1000,7,503,0,18.9551,17.9826,18.049
12,1000,7,1009,0,34.2618,34.0227,31.9457
12,1000,7,10007,0,310.114,317.754,306.803
12,1000,7,50021,0,1811.68,1635.83,1558.07
12,1000,7,100003,0,3312.56,3357.85,3409.9
12,1000,9,53,0,4.9892,3.2525,3.3505
12,1000,9,89,0,4.1016,4.8445,4.697
12,1000,9,101,0,5.993,5.1078,4.2624
12,1000,9,503,0,16.4658,16.8561,15.6698
12,1000,9,1009,0,29.5142,32.1714,27.3985
12,1000,9,10007,0,393.614,324.099,349.662
12,1000,9,50021,0,1910.36,1788.97,1661.02
12,1000,9,100003,0,3612.01,3542.98,3595.97
16,1000,0,53,0,4.6901,1.9675,3.3964
16,1000,0,89,0,3.7735,2.5424,8.3912
16,1000,0,101,0,4.8164,2.9346,5.7056
16,1000,0,503,0,17.2797,14.8766,18.5564
16,1000,0,1009,0,29.9457,26.9012,34.894
16,1000,0,10007,0,297.95,297.977,366.303
16,1000,0,50021,0,1512.56,1716.9,2006.18
16,1000,0,100003,0,3097.63,3723.88,4144.03
16,1000,1,53,0,6.485,8.2765,5.1287
16,1000,1,89,0,9.1979,9.9898,7.5527
16,1000,1,101,0,8.8226,10.5753,8.9136
16,1000,1,503,0,31.5935,28.862,25.5689
16,1000,1,1009,0,58.979,50.9949,46.3466
16,1000,1,10007,0,465.266,403.134,423.766
16,1000,1,50021,0,1944.58,2347.51,2140.22
16,1000,1,100003,0,3839.78,4764.05,4311.48
16,1000,3,53,0,8.7892,9.1761,6.6564
16,1000,3,89,0,10.7436,10.9328,7.2339
16,1000,3,101,0,11.3663,11.5278,7.6402
16,1000,3,503,0,30.1361,29.0422,27.0908
16,1000,3,1009,0,57.3523,54.1144,48.6154
16,1000,3,10007,0,474.025,427.441,487.62
16,1000,3,50021,0,2140.03,2368.04,2554.47
16,1000,3,100003,0,4078.18,5465.21,4650.47
16,1000,5,53,0,8.5359,8.5187,6.1298
16,1000,5,89,0,11.3944,10.4941,8.017
16,1000,5,101,0,12.4797,11.7927,8.4428
16,1000,5,503,0,31.6617,29.1899,28.2257
16,1000,5,1009,0,57.7538,54.8823,49.042
16,1000,5,10007,0,471.083,407.654,421.51
16,1000,5,50021,0,2276.18,2468.24,2482.15
16,1000,5,100003,0,4427.39,5001.19,4904.64
16,1000,7,53,0,7.6008,5.7316,4.723
16,1000,7,89,0,7.9403,7.4453,6.0635
16,1000,7,101,0,8.668,8.8248,6.9112
16,1000,7,503,0,24.841,24.1119,21.4165
16,1000,7,1009,0,47.3991,44.6101,40.5089
16,1000,7,10007,0,482.234,484.297,516.717
16,1000,7,50021,0,2417.84,2685.31,2441.19
16,1000,7,100003,0,4813.15,5432.64,5234.57
16,1000,9,53,0,7.4382,7.1426,5.1178
16,1000,9,89,0,7.5689,7.4669,11.674
16,1000,9,101,0,10.8967,9.5853,7.9309
16,1000,9,503,0,28.7661,29.1062,26.2733
16,1000,9,1009,0,54.5732,54.684,55.0074
16,1000,9,10007,0,508.346,531.693,534.056
16,1000,9,50021,0,2521.2,2685.26,2701.9
16,1000,9,100003,0,4998.28,5509.2,5353.01
20,1000,0,53,0,4.2876,2.3414,6.7297
20,1000,0,89,0,4.8001,4.2695,6.6887
20,1000,0,101,0,8.5304,5.8797,7.0859
20,1000,0,503,0,24.7464,19.4282,23.091
20,1000,0,1009,0,46.8589,39.3845,63.9944
20,1000,0,10007,0,442.098,434.968,542.904
20,1000,0,50021,0,2118.92,2284.46,2975.29
20,1000,0,100003,0,4283.67,4777.1,6088.38
20,1000,1,53,0,10.9993,11.8865,7.6988
20,1000,1,89,0,13.5999,13.9989,9.4946
20,1000,1,101,0,14.601,15.004,10.3026
20,1000,1,503,0,44.8506,39.1895,32.7683
20,1000,1,1009,0,78.8547,75.0048,65.9637
20,1000,1,10007,0,631.63,588.951,595.596
20,1000,1,50021,0,2615.82,3080.93,3000.52
20,1000,1,100003,0,5168.65,6435.32,6213.87
20,1000,3,53,0,12.565,13.5341,7.6867
20,1000,3,89,0,15.3518,14.4795,10.4018
20,1000,3,101,0,15.3314,15.0461,16.4144
20,1000,3,503,0,46.6199,42.1711,35.473
20,1000,3,1009,0,70.8748,71.4184,75.3312
20,1000,3,10007,0,607.509,643.387,652.221
20,1000,3,50021,0,2760.76,3360.71,3363.57
20,1000,3,100003,0,5420.58,6679.56,6963.25
20,1000,5,53,0,11.571,11.2462,7.572
20,1000,5,89,0,14.3714,15.0951,10.3859
20,1000,5,101,0,15.6663,15.3155,12.164
20,1000,5,503,0,45.7687,44.0186,55.5288
20,1000,5,1009,0,84.0813,80.5645,70.0506
20,1000,5,10007,0,589.6,693.57,788.901
20,1000,5,50021,0,3027.34,3412.31,3614.09
20,1000,5,100003,0,5760.33,7000.85,7303.86
20,1000,7,53,0,12.1016,10.5025,7.4635
20,1000,7,89,0,16.4785,13.0187,9.877
20,1000,7,101,0,15.9907,13.9687,12.0086
20,1000,7,503,0,43.7445,43.7448,36.6302
20,1000,7,1009,0,80.5617,81.5834,73.2673
20,1000,7,10007,0,713.139,730.961,718.394
20,1000,7,50021,0,3187.41,3605.39,3669.68
20,1000,7,100003,0,6463.31,7467.41,7236.48
20,1000,9,53,0,11.3305,9.832,10.2065
20,1000,9,89,0,14.049,12.526,10.234
20,1000,9,101,0,15.2438,14.0629,10.4835
20,1000,9,503,0,41.7002,44.4363,37.5505
20,1000,9,1009,0,79.7345,82.4593,73.4199
20,1000,9,10007,0,731.235,769.855,789.706
20,1000,9,50021,0,3432.29,3775.43,4403.93
20,1000,9,100003,0,6797.44,7693.07,7540.97
1,1000,0,53,0,1.0168,0.7432,0.6217
1,1000,0,89,0,0.6264,0.6112,0.377
1,1000,0,101,0,0.3335,0.5608,0.5597
1,1000,0,503,0,0.8218,0.804,0.8322
1,1000,0,1009,0,1.5811,1.5613,1.8108
1,1000,0,10007,0,15.1309,16.4186,16.7095
1,1000,0,50021,0,76.6834,70.493,70.2505
1,1000,0,100003,0,145.607,143.897,143.875
1,1000,1,53,0,0.6338,0.4906,0.5463
1,1000,1,89,0,0.3295,0.3417,0.2979
1,1000,1,101,0,0.6591,0.3328,0.341
1,1000,1,503,0,1.4459,1.5064,1.5441
1,1000,1,1009,0,2.9963,2.9942,2.7666
1,1000,1,10007,0,27.0944,26.8353,26.8923
1,1000,1,50021,0,136.111,138.719,133.949
1,1000,1,100003,0,268.965,267.426,268.01
1,1000,3,53,0,0.8319,0.7585,0.7426
1,1000,3,89,0,0.9453,1.2911,1.0184
1,1000,3,101,0,0.6006,0.6155,0.6213
1,1000,3,503,0,2.8559,2.7318,2.7753
1,1000,3,1009,0,5.5128,5.404,5.5298
1,1000,3,10007,0,54.4705,53.5576,54.5995
1,1000,3,50021,0,274.066,270.189,268.365
1,1000,3,100003,0,537.856,533.474,530.33
1,1000,5,53,0,1.2788,1.3794,1.2332
1,1000,5,89,0,1.4434,0.9062,0.9076
1,1000,5,101,0,0.9948,0.8702,0.9404
1,1000,5,503,0,4.2152,4.1686,4.2754
1,1000,5,1009,0,8.1605,8.0447,8.0271
1,1000,5,10007,0,80.8383,81.8252,79.6178
1,1000,5,50021,0,405.726,400.472,397.561
1,1000,5,100003,0,797.149,798.697,794.146
1,1000,7,53,0,1.2646,1.8923,0.6539
1,1000,7,89,0,1.0599,1.0342,1.5159
1,1000,7,101,0,1.119,1.1561,1.9429
1,1000,7,503,0,5.3463,5.7945,5.3834
1,1000,7,1009,0,10.8986,10.7078,10.6911
1,1000,7,10007,0,106.283,108.16,105.211
1,1000,7,50021,0,530.202,527.138,527.09
1,1000,7,100003,0,1052.1,1053.49,1048.86
1,1000,9,53,0,1.9519,1.5269,1.0263
1,1000,9,89,0,1.3275,1.2905,2.8719
1,1000,9,101,0,1.387,1.3773,1.3892
1,1000,9,503,0,6.787,6.696,6.6855
1,1000,9,1009,0,13.4983,13.6821,13.3279
1,1000,9,10007,0,136.486,131.434,132.422
1,1000,9,50021,0,664.485,655.961,657.256
1,1000,9,100003,0,1322.53,1311.23,1315.34
2,1000,0,53,0,0.4371,0.5119,0.4123
2,1000,0,89,0,0.4012,0.6657,0.7772
2,1000,0,101,0,0.3934,0.4156,0.5092
2,1000,0,503,0,1.3596,1.51,2.1769
2,1000,0,1009,0,2.7632,2.829,3.7546
2,1000,0,10007,0,26.5912,26.9228,28.0906
2,1000,0,50021,0,132.273,137.661,135.757
2,1000,0,100003,0,262.637,265.33,271.784
2,1000,1,53,0,0.4199,0.4371,0.4285
2,1000,1,89,0,0.5158,0.8195,0.603
2,1000,1,101,0,0.5482,0.5311,0.5621
2,1000,1,503,0,1.6086,2.7181,1.9511
2,1000,1,1009,0,2.9444,4.0736,4.3497
2,1000,1,10007,0,28.3627,28.6937,27.4559
2,1000,1,50021,0,140.428,136.055,139.759
2,1000,1,100003,0,274.443,275.082,271.395
2,1000,3,53,0,0.9621,0.9002,1.0232
2,1000,3,89,0,0.9969,0.5921,0.5868
2,1000,3,101,0,0.6471,0.6356,0.6462
2,1000,3,503,0,2.7571,3.8623,3.0249
2,1000,3,1009,0,7.5562,5.933,5.6611
2,1000,3,10007,0,56.7492,57.3361,56.2169
2,1000,3,50021,0,278.94,281.859,285.19
2,1000,3,100003,0,551.645,570.077,547.403
2,1000,5,53,0,0.9139,0.6661,0.6482
2,1000,5,89,0,0.8648,1.2687,0.8897
2,1000,5,101,0,0.8945,0.8936,0.9137
2,1000,5,503,0,4.5799,4.1457,4.4356
2,1000,5,1009,0,8.5709,8.8308,8.3938
2,1000,5,10007,0,82.471,85.9511,86.4208
2,1000,5,50021,0,413.354,411.382,414.485
2,1000,5,100003,0,835.211,828.827,860.371
2,1000,7,53,0,1.1249,1.251,1.5828
2,1000,7,89,0,1.0518,1.0902,1.0855
2,1000,7,101,0,1.1419,1.4811,1.4793
2,1000,7,503,0,5.6855,7.2953,5.8519
2,1000,7,1009,0,12.3354,11.2132,11.1838
2,1000,7,10007,0,115.936,111.071,112.88
2,1000,7,50021,0,551.857,574.817,579.573
2,1000,7,100003,0,1152.99,1159.81,1125.08
2,1000,9,53,0,2.5435,1.6544,1.7073
2,1000,9,89,0,1.7214,1.2633,1.2556
2,1000,9,101,0,1.412,1.5261,1.5421
2,1000,9,503,0,7.0672,8.1125,8.0868
2,1000,9,1009,0,15.1209,13.9464,14.1394
2,1000,9,10007,0,144.116,142.365,146.46
2,1000,9,50021,0,715.295,708.239,717.711
2,1000,9,100003,0,1425.02,1414.83,1418.46
4,1000,0,53,0,0.9393,0.8694,1.3461
4,1000,0,89,0,0.7695,0.6932,1.0746
4,1000,0,101,0,0.932,0.7312,1.5046
4,1000,0,503,0,2.9182,2.8988,4.7457
4,1000,0,1009,0,5.7298,6.0862,7.1935
4,1000,0,10007,0,59.1218,58.5491,60.5883
4,1000,0,50021,0,287.942,288.476,292.174
4,1000,0,100003,0,575.503,572.865,580.983
4,1000,1,53,0,0.9394,1.1499,1.1377
4,1000,1,89,0,1.3783,1.1886,1.0692
4,1000,1,101,0,1.3969,1.3524,1.1984
4,1000,1,503,0,3.7429,3.5482,3.5738
4,1000,1,1009,0,7.4039,6.4471,6.5854
4,1000,1,10007,0,63.5086,61.0235,58.2182
4,1000,1,50021,0,293.723,308.75,290.724
4,1000,1,100003,0,597.195,597.268,596.301
4,1000,3,53,0,1.3289,0.9482,1.282
4,1000,3,89,0,1.4509,1.1737,1.0999
4,1000,3,101,0,1.2761,1.2961,1.2247
4,1000,3,503,0,3.5795,4.8398,3.6526
4,1000,3,1009,0,7.5172,6.8422,6.7116
4,1000,3,10007,0,69.1803,68.5489,64.7906
4,1000,3,50021,0,306.659,296.509,306.209
4,1000,3,100003,0,637.851,658.121,649.967
4,1000,5,53,0,1.6348,1.4679,1.7192
4,1000,5,89,0,1.2729,1.1958,1.3506
4,1000,5,101,0,1.5636,1.2703,1.4459
4,1000,5,503,0,5.5723,5.3651,5.7622
4,1000,5,1009,0,10.8418,11.0452,12.6954
4,1000,5,10007,0,106.62,103.516,103.673
4,1000,5,50021,0,510.73,496.932,491.118
4,1000,5,100003,0,1023.03,975.71,977.387
4,1000,7,53,0,1.3669,1.0306,1.2168
4,1000,7,89,0,1.8621,1.3534,1.5149
4,1000,7,101,0,1.4915,1.488,1.6585
4,1000,7,503,0,7.5901,7.4864,7.7504
4,1000,7,1009,0,14.2077,14.0877,14.0505
4,1000,7,10007,0,139.985,139.293,135.532
4,1000,7,50021,0,645.84,651.699,649.512
4,1000,7,100003,0,1300.23,1335.15,1939.57
4,1000,9,53,0,2.5543,2.9229,1.9146
4,1000,9,89,0,1.6011,2.301,1.5218
4,1000,9,101,0,1.5928,1.5627,1.5972
4,1000,9,503,0,8.2504,9.6745,8.6537
4,1000,9,1009,0,16.3576,16.386,16.141
4,1000,9,10007,0,155.116,161.475,170.67
4,1000,9,50021,0,899.829,891.622,813.936
4,1000,9,100003,0,1764.77,1680.3,1722.1
8,1000,0,53,0,2.081,1.0736,2.8097
8,1000,0,89,0,1.3732,1.4035,2.0153
8,1000,0,101,0,1.9114,1.6881,1.7225
8,1000,0,503,0,7.1158,7.0984,7.2929
8,1000,0,1009,0,13.489,14.1146,14.9914
8,1000,0,10007,0,131.774,144.934,147.917
8,1000,0,50021,0,669.276,688.47,784.236
8,1000,0,100003,0,1320,1550.8,1645.48
8,1000,1,53,0,2.3224,1.8508,2.2664
8,1000,1,89,0,3.7944,3.4621,2.6325
8,1000,1,101,0,4.2208,3.7664,2.952
8,1000,1,503,0,10.4467,9.2644,9.4887
8,1000,1,1009,0,18.5156,17.7882,17.0395
8,1000,1,10007,0,166.461,158.064,175.375
8,1000,1,50021,0,764.895,760.571,829.305
8,1000,1,100003,0,1478.28,1523.73,1601.59
8,1000,3,53,0,2.4406,3.238,2.3434
8,1000,3,89,0,4.1731,3.819,2.7827
8,1000,3,101,0,4.3434,4.2076,3.3092
8,1000,3,503,0,11.6297,10.8812,9.8615
8,1000,3,1009,0,20.7537,20.5671,18.4408
8,1000,3,10007,0,188.025,169.185,164.747
8,1000,3,50021,0,880.681,849.772,789.297
8,1000,3,100003,0,1661.47,1645.87,1593.38
8,1000,5,53,0,3.0315,2.8411,2.6613
8,1000,5,89,0,4.0495,3.6386,2.9883
8,1000,5,101,0,4.3911,3.9391,3.1675
8,1000,5,503,0,11.1455,12.022,10.1555
8,1000,5,1009,0,18.8954,20.2307,19.1083
8,1000,5,10007,0,196.509,178.921,162.788
8,1000,5,50021,0,842.396,850.981,816.103
8,1000,5,100003,0,1654.8,1731.75,1611.94
8,1000,7,53,0,3.169,2.5487,2.4994
8,1000,7,89,0,3.5869,3.6016,3.3639
8,1000,7,101,0,4.3332,3.9869,3.5313
8,1000,7,503,0,11.309,11.3982,10.7569
8,1000,7,1009,0,20.8752,20.8924,20.4601
8,1000,7,10007,0,195.935,194.88,190.528
8,1000,7,50021,0,967.85,918.362,1013.46
8,1000,7,100003,0,1896.23,2263.57,1773.25
8,1000,9,53,0,3.8218,2.8751,2.3971
8,1000,9,89,0,3.9548,3.7042,3.9823
8,1000,9,101,0,3.6748,4.1438,3.9882
8,1000,9,503,0,12.8729,13.4276,12.461
8,1000,9,1009,0,24.0954,24.3123,23.9365
8,1000,9,10007,0,300.843,246.526,248.263
8,1000,9,50021,0,1129.48,1125.42,1120.06
8,1000,9,100003,0,2782.89,2180.32,2243.02
12,1000,0,53,0,3.2118,1.7979,3.0541
12,1000,0,89,0,2.465,2.1611,4.0587
12,1000,0,101,0,3.6578,2.3514,8.105
12,1000,0,503,0,13.1036,12.731,14.5105
12,1000,0,1009,0,24.3586,25.0458,26.3533
12,1000,0,10007,0,215.168,219.222,251.291
12,1000,0,50021,0,995.38,1067.78,1298.28
12,1000,0,100003,0,2038.2,2282.29,2584.97
12,1000,1,53,0,4.4442,5.686,3.5341
12,1000,1,89,0,7.0928,6.4715,4.6627
12,1000,1,101,0,7.4523,6.987,5.4569
12,1000,1,503,0,19.4451,17.1335,16.3876
12,1000,1,1009,0,33.0542,30.7299,29.655
12,1000,1,10007,0,291.071,252.17,272.461
12,1000,1,50021,0,1276.87,1341.55,1431.57
12,1000,1,100003,0,2517.86,2663.11,2760.37
12,1000,3,53,0,6.9449,5.5361,4.4069
12,1000,3,89,0,7.6689,6.4852,5.3629
12,1000,3,101,0,8.0047,7.3185,5.8598
12,1000,3,503,0,19.9743,18.7547,18.1618
12,1000,3,1009,0,35.2013,33.067,32.0628
12,1000,3,10007,0,303.215,284.043,309.604
12,1000,3,50021,0,1385.15,1406.44,1428.9
12,1000,3,100003,0,2791.43,3097.92,2853.18
12,1000,5,53,0,5.5328,5.8567,4.0797
12,1000,5,89,0,7.7947,6.4827,5.3428
12,1000,5,101,0,7.8083,7.5337,6.0378
12,1000,5,503,0,20.1534,18.7095,18.4982
12,1000,5,1009,0,36.6237,36.7665,31.9202
12,1000,5,10007,0,324.779,278.006,305.114
12,1000,5,50021,0,1502.64,1522.71,1516.58
12,1000,5,100003,0,3014.62,3012.48,3308.29
12,1000,7,53,0,4.9575,5.1872,3.8595
12,1000,7,89,0,7.1855,6.3584,5.8038
12,1000,7,101,0,7.293,7.1216,5.2645
12,1000,7,503,0,19.9319,18.6728,18.0319
12,1000,7,1009,0,37.5363,32.7292,31.7729
12,1000,7,10007,0,333.76,313.842,325.883
12,1000,7,50021,0,1624.66,1662.22,1566.04
12,1000,7,100003,0,3241.32,3056.67,3030.21
12,1000,9,53,0,6.1972,4.1055,3.8933
12,1000,9,89,0,6.6693,5.6831,5.7201
12,1000,9,101,0,6.9012,6.0564,5.2873
12,1000,9,503,0,17.7313,18.1523,17.6956
12,1000,9,1009,0,34.1733,33.0178,32.8845
12,1000,9,10007,0,372.679,347.418,357.933
12,1000,9,50021,0,1805.59,1834.21,1681.79
12,1000,9,100003,0,3680.33,3516.19,3526.46
16,1000,0,53,0,4.6057,1.938,6.5571
16,1000,0,89,0,4.3242,2.6428,4.9094
16,1000,0,101,0,4.3437,3.6201,6.2573
16,1000,0,503,0,16.683,17.1974,18.9704
16,1000,0,1009,0,33.6444,25.7836,34.6705
16,1000,0,10007,0,280.623,289.603,392.071
16,1000,0,50021,0,1565.25,1671.51,2071.53
16,1000,0,100003,0,3100.58,3571.56,4188.96
16,1000,1,53,0,6.7704,8.7421,5.3093
16,1000,1,89,0,9.8964,10.1951,7.6681
16,1000,1,101,0,10.2348,11.0436,8.1766
16,1000,1,503,0,31.5837,28.4802,27.0611
16,1000,1,1009,0,60.1424,53.4016,46.7608
16,1000,1,10007,0,484.631,415.094,424.875
16,1000,1,50021,0,1901.78,2136,2204.95
16,1000,1,100003,0,3661.94,4498.51,4464.28
16,1000,3,53,0,8.8445,7.6305,5.5691
16,1000,3,89,0,10.7437,8.9583,7.1853
16,1000,3,101,0,10.8949,10.3235,7.7726
16,1000,3,503,0,29.4812,28.1552,24.6679
16,1000,3,1009,0,52.2735,50.2482,47.644
16,1000,3,10007,0,457.16,451.285,459.63
16,1000,3,50021,0,2109.7,2315.12,2377.49
16,1000,3,100003,0,4086.72,4773.88,4702.54
16,1000,5,53,0,8.9482,8.9249,6.1453
16,1000,5,89,0,10.6543,10.6624,7.0301
16,1000,5,101,0,11.2263,11.0435,8.1173
16,1000,5,503,0,33.0547,30.8308,26.994
16,1000,5,1009,0,56.1769,55.5467,48.5764
16,1000,5,10007,0,495.585,467.978,490.617
16,1000,5,50021,0,2248.33,2460.72,2468.62
16,1000,5,100003,0,4502.37,4986.28,4920.87
16,1000,7,53,0,9.9567,8.2748,5.9424
16,1000,7,89,0,10.9996,10.0033,8.3271
16,1000,7,101,0,11.5839,11.1633,8.5215
16,1000,7,503,0,32.0016,33.6644,28.0837
16,1000,7,1009,0,58.5084,59.7718,64.0913
16,1000,7,10007,0,554.531,513.229,497.926
16,1000,7,50021,0,2322.37,2659.97,2479.21
16,1000,7,100003,0,4815.83,5199.02,5128.4
16,1000,9,53,0,8.6652,5.1904,5.1204
16,1000,9,89,0,8.0248,8.0308,7.5674
16,1000,9,101,0,11.0094,9.2213,8.0029
16,1000,9,503,0,28.9404,30.4314,24.5317
16,1000,9,1009,0,52.0079,55.8356,51.7475
16,1000,9,10007,0,499.418,557.104,518.844
16,1000,9,50021,0,2550.53,2858.62,2557.48
16,1000,9,100003,0,5113.03,5360.97,5197
20,1000,0,53,0,6.2447,3.1525,6.4421
20,1000,0,89,0,6.8184,5.9913,7.779
20,1000,0,101,0,7.8092,6.1995,11.0905
20,1000,0,503,0,29.7264,22.0876,25.5794
20,1000,0,1009,0,53.7657,43.6637,77.5366
20,1000,0,10007,0,466.291,416.477,552.421
20,1000,0,50021,0,2159.68,2323.98,2949.39
20,1000,0,100003,0,4264.98,4729.27,6159.51
20,1000,1,53,0,10.3652,9.9291,8.1273
20,1000,1,89,0,13.4501,13.816,8.2491
20,1000,1,101,0,12.0556,13.5774,9.0756
20,1000,1,503,0,41.0928,36.6694,31.3671
20,1000,1,1009,0,78.0104,70.2718,57.8888
20,1000,1,10007,0,632.594,621.049,635.385
20,1000,1,50021,0,2626.41,3355.17,3256.94
20,1000,1,100003,0,5070.39,6429.21,6382.64
20,1000,3,53,0,13.4846,13.5242,8.2389
20,1000,3,89,0,15.9876,15.916,10.7251
20,1000,3,101,0,16.6441,16.7781,9.0151
20,1000,3,503,0,37.7381,36.4991,31.783
20,1000,3,1009,0,73.3713,70.1427,61.8528
20,1000,3,10007,0,593.928,653.015,668.5
20,1000,3,50021,0,2747.65,3347.07,3483.62
20,1000,3,100003,0,5411.92,6789.35,6910.05
20,1000,5,53,0,13.4473,13.7674,9.0728
20,1000,5,89,0,17.8528,16.1342,10.9664
20,1000,5,101,0,17.3028,16.8196,12.1393
20,1000,5,503,0,48.4381,44.8044,54.997
20,1000,5,1009,0,82.5348,82.9291,64.8176
20,1000,5,10007,0,640.588,695.56,712.307
20,1000,5,50021,0,2956.68,3484.37,3653.25
20,1000,5,100003,0,5798.88,7027.87,7230.54
20,1000,7,53,0,10.9567,11.995,9.2222
20,1000,7,89,0,13.9307,13.8507,11.4036
20,1000,7,101,0,15.7526,15.2338,10.567
20,1000,7,503,0,43.9786,43.7792,37.4543
20,1000,7,1009,0,81.7718,81.598,72.3331
20,1000,7,10007,0,707.173,723.485,706.254
20,1000,7,50021,0,3212.45,3668.19,3599.45
20,1000,7,100003,0,6250.75,7251.71,7359.79
20,1000,9,53,0,11.4671,10.5146,8.5598
20,1000,9,89,0,13.9072,13.1635,10.3402
20,1000,9,101,0,15.198,14.8629,11.1812
20,1000,9,503,0,42.8533,44.0518,52.4776
20,1000,9,1009,0,82.4014,81.9413,74.838
20,1000,9,10007,0,751.767,769.748,754.222
20,1000,9,50021,0,3501.17,3863.96,3670.76
20,1000,9,100003,0,6903.05,7698.58,7384.92
1,1000,0,53,0,0.8522,0.7654,0.6467
1,1000,0,89,0,0.6025,0.55,0.4238
1,1000,0,101,0,0.4417,0.494,0.3028
1,1000,0,503,0,0.9375,0.8648,0.8565
1,1000,0,1009,0,1.7723,1.7656,1.7676
1,1000,0,10007,0,15.8617,16.3172,16.1351
1,1000,0,50021,0,75.1982,73.9181,72.4581
1,1000,0,100003,0,142.706,148.235,145.318
1,1000,1,53,0,0.6172,0.49,0.5997
1,1000,1,89,0,0.5138,0.7739,0.483
1,1000,1,101,0,0.6793,0.5217,0.4081
1,1000,1,503,0,1.3451,1.4005,1.3978
1,1000,1,1009,0,2.8989,2.7613,2.8594
1,1000,1,10007,0,27.7524,28.885,28.8412
1,1000,1,50021,0,145.718,145.069,145.477
1,1000,1,100003,0,287.203,285.94,289.975
1,1000,3,53,0,0.5185,0.5174,0.5029
1,1000,3,89,0,1.1415,0.6968,0.5892
1,1000,3,101,0,0.5879,0.5916,0.6025
1,1000,3,503,0,2.8125,2.8263,2.7342
1,1000,3,1009,0,5.9186,5.5297,5.6046
1,1000,3,10007,0,57.033,57.6071,58.5164
1,1000,3,50021,0,286.954,287.858,292.369
1,1000,3,100003,0,575.824,574.242,567.642
1,1000,5,53,0,1.1278,0.6582,0.6354
1,1000,5,89,0,1.6927,1.1582,0.838
1,1000,5,101,0,1.6085,0.9448,0.9535
1,1000,5,503,0,4.0942,4.1632,4.2251
1,1000,5,1009,0,9.456,8.0714,8.3115
1,1000,5,10007,0,88.2133,86.573,85.1115
1,1000,5,50021,0,428.463,431.379,424.458
1,1000,5,100003,0,855.476,851.024,852.549
1,1000,7,53,0,0.878,0.7856,0.6603
1,1000,7,89,0,1.944,1.004,1.0229
1,1000,7,101,0,1.1293,1.1881,1.1885
1,1000,7,503,0,5.6803,5.7752,5.4114
1,1000,7,1009,0,11.2706,11.6443,11.3154
1,1000,7,10007,0,112.706,112.482,114.719
1,1000,7,50021,0,571.826,560.529,562.311
1,1000,7,100003,0,1079.75,1074.14,1055.18
1,1000,9,53,0,1.8418,1.5505,2.1851
1,1000,9,89,0,1.5963,1.7692,1.8891
1,1000,9,101,0,1.3815,1.4483,1.5353
1,1000,9,503,0,6.9314,6.8489,6.7553
1,1000,9,1009,0,13.3845,13.5459,14.3424
1,1000,9,10007,0,131.671,143.502,134.955
1,1000,9,50021,0,669.726,656.678,674.829
1,1000,9,100003,0,1321.45,1381.51,1383.58
2,1000,0,53,0,0.5115,0.7262,0.9084
2,1000,0,89,0,0.7102,0.5653,0.5554
2,1000,0,101,0,0.3677,0.3556,0.5197
2,1000,0,503,0,2.2953,1.5628,1.6639
2,1000,0,1009,0,2.6905,3.536,3.0957
2,1000,0,10007,0,27.0765,27.3441,27.4013
2,1000,0,50021,0,138.14,134.325,135.153
2,1000,0,100003,0,278.17,273,275.889
2,1000,1,53,0,0.6834,0.4574,0.3911
2,1000,1,89,0,0.5382,0.5918,0.8199
2,1000,1,101,0,0.5812,0.5431,0.6066
2,1000,1,503,0,1.647,1.6227,1.9892
2,1000,1,1009,0,3.2805,3.0294,4.249
2,1000,1,10007,0,30.1631,30.4673,28.7557
2,1000,1,50021,0,146.557,141.757,144.001
2,1000,1,100003,0,291.177,286.201,285.235
2,1000,3,53,0,0.8064,0.57,0.531
2,1000,3,89,0,0.5986,0.6272,0.6804
2,1000,3,101,0,0.6842,0.6384,0.6756
2,1000,3,503,0,2.942,3.4957,3.1527
2,1000,3,1009,0,6.8607,7.0336,6.0018
2,1000,3,10007,0,59.4089,56.9788,57.8005
2,1000,3,50021,0,309.012,287.274,284.445
2,1000,3,100003,0,574.176,575.887,583.137
2,1000,5,53,0,0.6937,0.5392,0.7089
2,1000,5,89,0,0.9165,1.0184,1.0004
2,1000,5,101,0,0.9017,0.8952,0.8955
2,1000,5,503,0,5.4092,4.6288,4.7274
2,1000,5,1009,0,9.2628,9.0986,9.7273
2,1000,5,10007,0,88.6691,86.9739,87.4721
2,1000,5,50021,0,435.356,437.122,431.352
2,1000,5,100003,0,860.073,868.863,864.923
2,1000,7,53,0,1.5651,1.3785,1.5774
2,1000,7,89,0,1.1994,1.1387,1.1992
2,1000,7,101,0,1.6379,1.3158,1.3574
2,1000,7,503,0,6.0214,6.0507,6.29
2,1000,7,1009,0,12.4483,12.5767,12.9405
2,1000,7,10007,0,115.236,117.665,115.551
2,1000,7,50021,0,583.647,584.522,581.088
2,1000,7,100003,0,1165.79,1164.43,1157.63
2,1000,9,53,0,2.0358,1.4834,1.1683
2,1000,9,89,0,1.4208,1.3449,2.468
2,1000,9,101,0,1.6316,1.4461,1.6312
2,1000,9,503,0,9.1844,8.0982,7.5687
2,1000,9,1009,0,15.4154,15.1805,14.9335
2,1000,9,10007,0,145.134,148.218,152.637
2,1000,9,50021,0,731.024,739.154,727.311
2,1000,9,100003,0,1452.9,1464.4,1456.28
4,1000,0,53,0,1.0341,0.829,0.6904
4,1000,0,89,0,0.809,0.8646,0.8937
4,1000,0,101,0,0.8883,0.9694,1.0552
4,1000,0,503,0,3.0191,3.4321,3.6231
4,1000,0,1009,0,6.2304,6.2536,6.7792
4,1000,0,10007,0,61.8839,62.8929,57.9123
4,1000,0,50021,0,301.255,305.461,301.814
4,1000,0,100003,0,598.716,570.564,583.293
4,1000,1,53,0,0.9586,0.9468,0.774
4,1000,1,89,0,1.34,1.1451,0.9913
4,1000,1,101,0,1.373,1.241,1.3322
4,1000,1,503,0,3.7898,3.6488,3.8992
4,1000,1,1009,0,7.0558,6.995,6.8206
4,1000,1,10007,0,61.3283,61.1345,59.2184
4,1000,1,50021,0,299.509,305.326,294.402
4,1000,1,100003,0,588.913,602.007,605.293
4,1000,3,53,0,1.2525,1.0273,1.2138
4,1000,3,89,0,1.2095,1.1703,1.1061
4,1000,3,101,0,1.2825,1.6678,1.6254
4,1000,3,503,0,3.525,3.6692,3.8718
4,1000,3,1009,0,7.8114,7.0967,6.9326
4,1000,3,10007,0,70.8334,70.6895,68.1187
4,1000,3,50021,0,343.47,335.22,324.847
4,1000,3,100003,0,662.079,662.256,756.372
4,1000,5,53,0,1.6869,1.2996,1.6788
4,1000,5,89,0,1.2285,1.3507,1.9124
4,1000,5,101,0,1.1915,1.0795,1.293
4,1000,5,503,0,5.7195,4.9635,5.0683
4,1000,5,1009,0,10.9166,10.3168,10.957
4,1000,5,10007,0,99.9204,119.452,101.843
4,1000,5,50021,0,506.548,487.471,488.557
4,1000,5,100003,0,1004.86,992.927,967.995
4,1000,7,53,0,1.3722,1.5006,1.2939
4,1000,7,89,0,1.5382,1.3272,1.3545
4,1000,7,101,0,1.4852,1.775,1.6242
4,1000,7,503,0,8.0317,7.2637,7.1097
4,1000,7,1009,0,14.6053,17.2741,13.9924
4,1000,7,10007,0,138.384,135.928,136.176
4,1000,7,50021,0,674.283,689.431,667.208
4,1000,7,100003,0,1352.94,1356.29,1310.1
4,1000,9,53,0,1.8641,1.6459,1.3004
4,1000,9,89,0,1.7155,1.8818,2.3126
4,1000,9,101,0,1.9496,1.9338,1.9131
4,1000,9,503,0,9.7397,9.395,9.7626
4,1000,9,1009,0,18.4606,18.42,17.8878
4,1000,9,10007,0,173.214,171.647,172.479
4,1000,9,50021,0,860.738,812.265,847.758
4,1000,9,100003,0,1702.93,1670.63,1822.95
8,1000,0,53,0,1.6078,1.292,1.9948
8,1000,0,89,0,1.6839,1.1782,2.1804
8,1000,0,101,0,2.0687,1.4689,2.2858
8,1000,0,503,0,7.0458,7.5286,14.5008
8,1000,0,1009,0,12.9213,15.2707,15.8757
8,1000,0,10007,0,121.088,152.637,147.077
8,1000,0,50021,0,683.679,766.57,716.111
8,1000,0,100003,0,1375.05,1489.8,1600.12
8,1000,1,53,0,2.5865,2.5307,2.5093
8,1000,1,89,0,4.1952,3.7915,3.2679
8,1000,1,101,0,4.6597,4.1194,3.2546
8,1000,1,503,0,11.3841,10.426,10.9206
8,1000,1,1009,0,20.3444,18.9759,18.4846
8,1000,1,10007,0,164.678,170.543,165.126
8,1000,1,50021,0,791.442,810.028,786.676
8,1000,1,100003,0,1517.78,1544.14,1694.52
8,1000,3,53,0,2.7814,3.0523,2.3019
8,1000,3,89,0,4.532,4.1373,3.131
8,1000,3,101,0,4.7293,4.3361,3.1159
8,1000,3,503,0,11.6071,11.8812,10.836
8,1000,3,1009,0,20.8039,20.4573,19.3742
8,1000,3,10007,0,182.257,176.437,166.982
8,1000,3,50021,0,870.839,837.548,848.665
8,1000,3,100003,0,1656.87,1692.1,1634.38
8,1000,5,53,0,3.0888,2.6815,2.5665
8,1000,5,89,0,4.5131,4.1474,3.6755
8,1000,5,101,0,4.6404,4.4934,3.3873
8,1000,5,503,0,12.3358,12.5619,10.5005
8,1000,5,1009,0,22.8241,22.4913,19.7345
8,1000,5,10007,0,182.284,190.631,173.902
8,1000,5,50021,0,924.34,879.542,950.986
8,1000,5,100003,0,1724.49,1977.54,1668.53
8,1000,7,53,0,3.0365,2.7227,2.257
8,1000,7,89,0,3.4509,3.362,3.6629
8,1000,7,101,0,4.3162,3.5688,3.3076
8,1000,7,503,0,10.1357,12.5291,11.3367
8,1000,7,1009,0,19.5553,21.8032,20.3961
8,1000,7,10007,0,194.335,199.502,197.741
8,1000,7,50021,0,974.994,990.623,991.932
8,1000,7,100003,0,1976.28,1893.14,1984.18
8,1000,9,53,0,3.8101,2.8343,2.8789
8,1000,9,89,0,4.2113,3.0355,3.4821
8,1000,9,101,0,3.7086,3.5036,3.5912
8,1000,9,503,0,11.9421,11.983,13.4318
8,1000,9,1009,0,22.2137,23.6146,23.2889
8,1000,9,10007,0,226.953,236.863,227.053
8,1000,9,50021,0,1176.12,1179.88,1169.4
8,1000,9,100003,0,2865.18,2321.05,2549.4
12,1000,0,53,0,2.445,2.0266,3.1937
12,1000,0,89,0,2.3353,1.9449,3.831
12,1000,0,101,0,3.3434,2.382,3.3477
12,1000,0,503,0,10.9697,12.4018,13.4995
12,1000,0,1009,0,21.227,21.5698,23.8909
12,1000,0,10007,0,204.957,205.412,236.672
12,1000,0,50021,0,1098.37,1157.59,1370.06
12,1000,0,100003,0,1966.97,2417.19,2774.24
12,1000,1,53,0,4.859,4.8524,3.8988
12,1000,1,89,0,7.068,6.8726,7.0916
12,1000,1,101,0,7.8409,6.534,5.5642
12,1000,1,503,0,19.8381,17.2945,17.434
12,1000,1,1009,0,35.1477,32.5383,32.5667
12,1000,1,10007,0,309.478,261.495,300.109
12,1000,1,50021,0,1283.07,1348.92,1360.73
12,1000,1,100003,0,2586.26,2739.61,2891.98
12,1000,3,53,0,6.1395,4.8341,4.5617
12,1000,3,89,0,7.6511,6.8789,5.6279
12,1000,3,101,0,8.075,6.969,5.4868
12,1000,3,503,0,20.6888,18.9511,17.9792
12,1000,3,1009,0,35.147,32.7925,33.5155
12,1000,3,10007,0,302.235,270.457,283.895
12,1000,3,50021,0,1346.59,1394.99,1457.5
12,1000,3,100003,0,2957.04,3005.01,2961.77
12,1000,5,53,0,5.437,5.9966,4.0858
12,1000,5,89,0,7.2055,6.7152,5.2865
12,1000,5,101,0,7.6795,7.255,5.7385
12,1000,5,503,0,20.7508,19.474,17.9335
12,1000,5,1009,0,37.4155,33.3353,35.6924
12,1000,5,10007,0,335.396,276.141,306.777
12,1000,5,50021,0,1532.38,1605.93,1520.79
12,1000,5,100003,0,2900.04,3182.08,3147.52
12,1000,7,53,0,4.5291,5.0667,3.5849
12,1000,7,89,0,5.2517,4.8829,5.0425
12,1000,7,101,0,6.7406,5.7018,5.2307
12,1000,7,503,0,18.2559,16.9177,15.6827
12,1000,7,1009,0,31.894,28.9797,27.9212
12,1000,7,10007,0,281.296,285.776,295.569
12,1000,7,50021,0,1736.16,1587.63,1656.51
12,1000,7,100003,0,3036.85,3302.23,3033.84
12,1000,9,53,0,4.7099,4.3536,4.345
12,1000,9,89,0,7.1861,5.9525,5.4872
12,1000,9,101,0,8.4271,7.2472,6.3076
12,1000,9,503,0,19.3941,18.2056,18.6602
12,1000,9,1009,0,34.889,33.7094,31.9248
12,1000,9,10007,0,373.438,321.545,374.423
12,1000,9,50021,0,1805.71,1761.14,1855.76
12,1000,9,100003,0,3284.62,3607.69,3689.65
16,1000,0,53,0,4.1699,2.3566,3.4342
16,1000,0,89,0,4.4927,2.6189,5.0825
16,1000,0,101,0,4.8541,4.1243,5.4294
16,1000,0,503,0,16.5802,16.3527,18.8439
16,1000,0,1009,0,34.1024,27.5647,34.409
16,1000,0,10007,0,321.797,317.635,388.262
16,1000,0,50021,0,1539.47,1653.38,2002.22
16,1000,0,100003,0,3146.57,3288.37,4073.46
16,1000,1,53,0,7.6581,8.4766,5.3915
16,1000,1,89,0,9.7186,10.1645,6.9362
16,1000,1,101,0,10.7158,9.834,8.0791
16,1000,1,503,0,32.9813,28.7688,24.8966
16,1000,1,1009,0,57.3681,53.4512,45.795
16,1000,1,10007,0,473.484,410.562,450.075
16,1000,1,50021,0,1950.37,2154.35,2055.16
16,1000,1,100003,0,3813.56,4710.23,4336.54
16,1000,3,53,0,7.98,7.7303,5.9712
16,1000,3,89,0,10.8457,10.1862,13.5785
16,1000,3,101,0,11.9591,10.0507,8.0089
16,1000,3,503,0,30.0883,28.4078,25.1021
16,1000,3,1009,0,54.2603,55.4353,53.287
16,1000,3,10007,0,468.973,438.7,471.598
16,1000,3,50021,0,2033.21,2272.59,2397.86
16,1000,3,100003,0,4201.76,4744.52,4760.11
16,1000,5,53,0,8.4561,9.5038,6.0105
16,1000,5,89,0,11.7077,11.5972,7.7907
16,1000,5,101,0,12.221,11.6482,9.0707
16,1000,5,503,0,34.1879,35.045,30.6853
16,1000,5,1009,0,67.6611,59.8693,52.4055
16,1000,5,10007,0,458.007,479.471,479.607
16,1000,5,50021,0,2271.4,2586.46,2510.88
16,1000,5,100003,0,4396.22,4971.49,4946.43
16,1000,7,53,0,9.4881,8.2838,6.0737
16,1000,7,89,0,11.6463,10.5827,7.3555
16,1000,7,101,0,11.276,10.5736,8.1729
16,1000,7,503,0,31.7493,34.0188,27.6862
16,1000,7,1009,0,60.3926,55.1283,54.5326
16,1000,7,10007,0,538.409,501.18,486.425
16,1000,7,50021,0,2446.36,2525.04,2507.31
16,1000,7,100003,0,4755.98,5260.47,5062
16,1000,9,53,0,8.0588,6.7781,5.6707
16,1000,9,89,0,9.4808,9.2793,7.552
16,1000,9,101,0,10.102,9.9326,8.1929
16,1000,9,503,0,28.504,28.7529,25.7975
16,1000,9,1009,0,50.944,53.593,53.4817
16,1000,9,10007,0,506.686,546.117,504.846
16,1000,9,50021,0,2545.52,2724.32,2549.7
16,1000,9,100003,0,5039.44,5459.03,5247.1
20,1000,0,53,0,5.7846,3.5108,6.144
20,1000,0,89,0,5.4194,4.8408,8.252
20,1000,0,101,0,7.7866,6.1406,14.979
20,1000,0,503,0,27.6512,21.1372,26.4963
20,1000,0,1009,0,55.165,42.8318,76.2728
20,1000,0,10007,0,475.197,412.832,542.208
20,1000,0,50021,0,2118.84,2190.26,3023.32
20,1000,0,100003,0,4186.9,4705.86,6097.52
20,1000,1,53,0,9.3895,12.3574,8.1358
20,1000,1,89,0,14.8694,15.1913,10.1447
20,1000,1,101,0,13.5536,15.0243,11.3779
20,1000,1,503,0,49.2045,41.2011,35.3143
20,1000,1,1009,0,86.4714,73.9308,58.0257
20,1000,1,10007,0,613.332,612.079,642.853
20,1000,1,50021,0,2637.08,3143.48,3184.62
20,1000,1,100003,0,5019.02,6496.46,6292.37
20,1000,3,53,0,11.2754,12.3434,9.0336
20,1000,3,89,0,15.9674,16.2172,10.8198
20,1000,3,101,0,16.8639,16.7984,11.0377
20,1000,3,503,0,44.2827,43.503,36.7852
20,1000,3,1009,0,77.9295,77.2231,67.7262
20,1000,3,10007,0,614.56,653.009,699.455
20,1000,3,50021,0,2832.66,3332.83,3412.15
20,1000,3,100003,0,5395.32,7381,6935.11
20,1000,5,53,0,14.607,14.2918,9.5701
20,1000,5,89,0,16.0661,17.5488,11.3054
20,1000,5,101,0,20.9982,17.7857,15.2329
20,1000,5,503,0,53.755,51.3357,45.17
20,1000,5,1009,0,89.6774,88.652,80.455
20,1000,5,10007,0,700.387,748.5,759.537
20,1000,5,50021,0,3292.47,3817.27,4139.66
20,1000,5,100003,0,6379.79,7919.42,7239.45
20,1000,7,53,0,11.7481,11.7967,20.274
20,1000,7,89,0,14.8224,15.0617,11.0252
20,1000,7,101,0,16.9961,16.4447,12.0655
20,1000,7,503,0,46.9472,46.8682,43.2427
20,1000,7,1009,0,86.3024,90.9279,86.2928
20,1000,7,10007,0,753.979,812.041,782.015
20,1000,7,50021,0,3516.46,4103.16,3803.43
20,1000,7,100003,0,6892.77,8194.45,7585.72
20,1000,9,53,0,14.5992,11.9876,8.7651
20,1000,9,89,0,16.6786,14.3049,17.5361
20,1000,9,101,0,16.1335,16.4728,13.4661
20,1000,9,503,0,49.9818,48.622,43.2099
20,1000,9,1009,0,92.6119,94.6492,82.8103
20,1000,9,10007,0,752.052,851.229,830.015
20,1000,9,50021,0,3745.9,4319.67,3930.34
20,1000,9,100003,0,7320.92,8436.76,7674.84
1,1000,0,53,0,0.9334,0.4506,0.4439
1,1000,0,89,0,0.4891,0.7253,0.6068
1,1000,0,101,0,0.4805,0.5658,0.4937
1,1000,0,503,0,1.4789,1.9428,1.5136
1,1000,0,1009,0,2.7528,3.0914,4.3535
1,1000,0,10007,0,27.9489,26.6117,22.471
1,1000,0,50021,0,113.963,96.4764,97.6367
1,1000,0,100003,0,169.83,186.118,166.814
1,1000,1,53,0,0.2895,0.23,0.224
1,1000,1,89,0,0.3715,1.014,1.4505
1,1000,1,101,0,0.4801,0.4127,0.3883
1,1000,1,503,0,1.5257,1.5215,1.5074
1,1000,1,1009,0,3.034,3.503,2.9959
1,1000,1,10007,0,32.5854,32.0267,32.3295
1,1000,1,50021,0,163.224,167.086,168.203
1,1000,1,100003,0,329.053,315.419,308.093
1,1000,3,53,0,0.5148,0.3742,0.3427
1,1000,3,89,0,0.5682,0.5556,0.5492
1,1000,3,101,0,0.623,0.6111,0.6094
1,1000,3,503,0,2.8844,2.9882,2.9706
1,1000,3,1009,0,9.1776,5.9079,6.2304
1,1000,3,10007,0,60.5071,63.1113,63.1573
1,1000,3,50021,0,309.894,306.251,315.294
1,1000,3,100003,0,601.117,600.179,602.899
1,1000,5,53,0,0.6061,0.6102,0.6612
1,1000,5,89,0,0.9007,0.9341,0.9863
1,1000,5,101,0,1.4018,2.6903,2.7214
1,1000,5,503,0,4.4245,4.0981,4.278
1,1000,5,1009,0,8.6594,9.2163,9.0576
1,1000,5,10007,0,90.4725,95.9629,92.809
1,1000,5,50021,0,469.762,490.987,473.771
1,1000,5,100003,0,949.604,949.433,916.162
1,1000,7,53,0,0.9666,0.6561,0.6469
1,1000,7,89,0,1.1282,1.2355,1.0464
1,1000,7,101,0,1.1718,1.204,1.2831
1,1000,7,503,0,6.0793,8.7258,5.4213
1,1000,7,1009,0,15.0832,14.3731,11.4259
1,1000,7,10007,0,120.376,122.365,117.424
1,1000,7,50021,0,609.936,609.738,642.651
1,1000,7,100003,0,1238.23,1252.41,1203.39
1,1000,9,53,0,1.1646,0.876,0.9856
1,1000,9,89,0,1.3793,1.795,1.5035
1,1000,9,101,0,1.568,1.5796,1.5726
1,1000,9,503,0,9.7491,7.6242,7.8924
1,1000,9,1009,0,15.995,15.1863,15.08
1,1000,9,10007,0,148.837,145.582,148.746
1,1000,9,50021,0,758.726,756.368,744.321
1,1000,9,100003,0,1501.04,1549.81,1567.91
2,1000,0,53,0,0.317,0.2844,0.3912
2,1000,0,89,0,0.3449,0.3696,0.5424
2,1000,0,101,0,0.3582,0.4454,0.667
2,1000,0,503,0,1.4158,1.4771,1.7269
2,1000,0,1009,0,2.8035,2.9125,3.4865
2,1000,0,10007,0,33.9364,31.9034,35.12
2,1000,0,50021,0,162.562,162.005,163.591
2,1000,0,100003,0,308.043,323.544,331.392
2,1000,1,53,0,1.196,1.171,2.4393
2,1000,1,89,0,0.5721,0.4786,0.6681
2,1000,1,101,0,0.6699,0.687,0.6383
2,1000,1,503,0,2.9432,2.8897,2.3026
2,1000,1,1009,0,5.4278,5.6017,8.3369
2,1000,1,10007,0,48.8903,52.8926,41.764
2,1000,1,50021,0,273.162,242.234,245.901
2,1000,1,100003,0,508.589,559.179,504.031
2,1000,3,53,0,0.4418,0.4007,0.3976
2,1000,3,89,0,0.597,0.5654,0.5757
2,1000,3,101,0,2.618,1.3922,1.1734
2,1000,3,503,0,6.0893,7.1146,3.3129
2,1000,3,1009,0,7.9445,11.8953,10.5699
2,1000,3,10007,0,82.5145,118.78,117.955
2,1000,3,50021,0,514.824,503.146,511.179
2,1000,3,100003,0,1054.85,952.595,989.329
2,1000,5,53,0,0.8314,0.5523,0.8378
2,1000,5,89,0,0.8217,0.8633,0.8546
2,1000,5,101,0,1.0291,1.0021,1.0208
2,1000,5,503,0,4.4962,4.6261,5.0372
2,1000,5,1009,0,9.3759,18.5626,16.8959
2,1000,5,10007,0,157.756,159.303,150.639
2,1000,5,50021,0,747.96,769.962,795.544
2,1000,5,100003,0,1547.3,1549.73,1517.88
2,1000,7,53,0,1.2021,1.3608,0.7167
2,1000,7,89,0,2.0142,3.419,2.5825
2,1000,7,101,0,1.1764,1.242,1.3539
2,1000,7,503,0,6.4828,6.6472,6.8279
2,1000,7,1009,0,22.5403,22.3725,24.3495
2,1000,7,10007,0,216.236,192.201,210.035
2,1000,7,50021,0,1032.99,982.286,1080.29
2,1000,7,100003,0,2007.35,2070.25,2067.7
2,1000,9,53,0,1.4966,0.8021,1.8007
2,1000,9,89,0,1.3581,2.6594,4.0109
2,1000,9,101,0,1.7439,1.5335,2.2477
2,1000,9,503,0,12.9848,14.1868,14.7876
2,1000,9,1009,0,27.516,29.9373,29.4047
2,1000,9,10007,0,266.574,256.781,267.322
2,1000,9,50021,0,1336.15,1238.48,1294.31
2,1000,9,100003,0,2556.88,2568.51,2499.7
4,1000,0,53,0,0.6598,0.5677,0.7237
4,1000,0,89,0,0.7999,0.8311,0.9632
4,1000,0,101,0,0.8874,0.8317,1.8033
4,1000,0,503,0,3.1599,3.1559,3.3541
4,1000,0,1009,0,7.3616,6.1219,6.413
4,1000,0,10007,0,61.4915,63.1722,65.5426
4,1000,0,50021,0,294.847,313.099,322.732
4,1000,0,100003,0,606.832,661.794,667.374
4,1000,1,53,0,1.9935,1.3575,2.0126
4,1000,1,89,0,1.2579,1.1858,1.1694
4,1000,1,101,0,1.1998,1.417,1.2029
4,1000,1,503,0,4.5266,5.8652,4.0803
4,1000,1,1009,0,11.1442,9.9619,8.5177
4,1000,1,10007,0,87.284,98.8397,83.2707
4,1000,1,50021,0,426.441,446.153,453.792
4,1000,1,100003,0,826.651,873.289,883.471
4,1000,3,53,0,1.1132,1.0683,1.0731
4,1000,3,89,0,1.4441,3.6866,2.0445
4,1000,3,101,0,1.5513,1.5021,1.5223
4,1000,3,503,0,6.7461,6.3544,6.3761
4,1000,3,1009,0,15.4058,13.5678,14.8786
4,1000,3,10007,0,136.136,138.636,130.15
4,1000,3,50021,0,638.721,646.372,634.25
4,1000,3,100003,0,1214.73,1185.71,1172.88
4,1000,5,53,0,1.5397,1.2219,1.4584
4,1000,5,89,0,1.8886,1.8077,1.8347
4,1000,5,101,0,2.0564,2.0682,2.0934
4,1000,5,503,0,11.0295,9.5224,9.8601
4,1000,5,1009,0,21.1475,18.8514,18.5935
4,1000,5,10007,0,190.153,171.802,189.875
4,1000,5,50021,0,893.978,871.908,910.328
4,1000,5,100003,0,1780.22,1773.87,1775.51
4,1000,7,53,0,0.9674,1.3974,1.0947
4,1000,7,89,0,1.1616,1.1904,1.1999
4,1000,7,101,0,1.6228,2.5591,2.7157
4,1000,7,503,0,13.7607,11.9577,11.0374
4,1000,7,1009,0,24.4585,24.545,25.6307
4,1000,7,10007,0,236.772,228.646,242.289
4,1000,7,50021,0,1151.8,1125.34,1183.97
4,1000,7,100003,0,2270.89,2336.28,2329.06
4,1000,9,53,0,2.1999,1.8292,1.8492
4,1000,9,89,0,2.8669,2.9862,2.9196
4,1000,9,101,0,3.2092,5.3538,4.4038
4,1000,9,503,0,14.973,14.9904,17.3784
4,1000,9,1009,0,31.0025,31.7087,25.0388
4,1000,9,10007,0,303.479,313.231,298.813
4,1000,9,50021,0,1442.1,1414.28,1431.15
4,1000,9,100003,0,2825.68,2802.79,2801.27
8,1000,0,53,0,1.7881,1.5078,1.5917
8,1000,0,89,0,2.4264,1.9556,2.2255
8,1000,0,101,0,2.3035,1.9969,2.1815
8,1000,0,503,0,12.3222,6.8551,7.9754
8,1000,0,1009,0,14.6774,16.3996,15.0371
8,1000,0,10007,0,154.014,152.308,180.229
8,1000,0,50021,0,883.485,820.473,936.648
8,1000,0,100003,0,1818.36,1597.7,1740.62
8,1000,1,53,0,2.4493,2.564,2.1746
8,1000,1,89,0,3.0784,3.3834,4.8105
8,1000,1,101,0,3.931,3.9205,3.8115
8,1000,1,503,0,13.7186,11.5744,13.1821
8,1000,1,1009,0,21.6687,21.4123,22.3307
8,1000,1,10007,0,215.903,208.551,173.257
8,1000,1,50021,0,931.702,955.905,942.875
8,1000,1,100003,0,1954.04,2131.13,1937.04
8,1000,3,53,0,2.8119,2.6314,2.9269
8,1000,3,89,0,3.5133,3.8877,3.7234
8,1000,3,101,0,3.7507,3.9668,3.6498
8,1000,3,503,0,13.6671,14.5712,12.4943
8,1000,3,1009,0,24.9254,26.4605,22.4849
8,1000,3,10007,0,225.33,227.467,226.207
8,1000,3,50021,0,1092.4,1097.22,1051.47
8,1000,3,100003,0,2066.61,2137.01,2160.19
8,1000,5,53,0,3.1343,3.7898,3.5533
8,1000,5,89,0,5.1033,4.5789,3.1241
8,1000,5,101,0,4.7088,4.1906,3.3166
8,1000,5,503,0,12.6694,15.4576,14.0579
8,1000,5,1009,0,25.2881,26.1764,27.3948
8,1000,5,10007,0,236.431,239.061,236.95
8,1000,5,50021,0,1165,1130.32,1134.48
8,1000,5,100003,0,2270.34,2280.58,2202.83
8,1000,7,53,0,3.3403,3.3474,3.0324
8,1000,7,89,0,4.0728,4.0032,4.6746
8,1000,7,101,0,4.1621,4.3803,4.4279
8,1000,7,503,0,17.1573,14.8977,13.3845
8,1000,7,1009,0,27.9559,32.6761,26.8508
8,1000,7,10007,0,270.216,293.286,267.223
8,1000,7,50021,0,1305.5,1354.05,1388.84
8,1000,7,100003,0,2686.15,2726.85,2582.7
8,1000,9,53,0,3.6819,3.2474,3.5483
8,1000,9,89,0,3.6455,3.6657,3.6036
8,1000,9,101,0,4.9873,4.2311,4.3351
8,1000,9,503,0,12.0237,20.7564,16.5153
8,1000,9,1009,0,30.3674,34.5575,25.0372
8,1000,9,10007,0,322.658,323.323,322.593
8,1000,9,50021,0,1645.77,1577.16,1593.46
8,1000,9,100003,0,3379.06,3196.17,3104.07
12,1000,0,53,0,4.3113,3.4388,4.0813
12,1000,0,89,0,4.1526,4.0798,4.1086
12,1000,0,101,0,3.5436,3.5704,6.3833
12,1000,0,503,0,13.3679,11.5239,14.0303
12,1000,0,1009,0,26.9528,22.1362,26.6479
12,1000,0,10007,0,267.454,242.904,288.379
12,1000,0,50021,0,1444.75,1447.94,1702.7
12,1000,0,100003,0,2901.76,2927.65,3278.16
12,1000,1,53,0,5.0716,5.1002,4.2655
12,1000,1,89,0,6.5978,7.701,5.9856
12,1000,1,101,0,7.6679,7.0033,7.3344
12,1000,1,503,0,22.5723,22.1631,20.9476
12,1000,1,1009,0,48.7945,45.0055,36.3126
12,1000,1,10007,0,362.286,363.247,340.551
12,1000,1,50021,0,1591.07,1846.94,1824.11
12,1000,1,100003,0,3237.15,3667.6,3452.8
12,1000,3,53,0,6.1532,6.2257,4.9291
12,1000,3,89,0,8.4659,8.7632,7.786
12,1000,3,101,0,8.4715,7.9281,6.3413
12,1000,3,503,0,26.2766,25.459,26.2207
12,1000,3,1009,0,49.1503,44.413,47.8978
12,1000,3,10007,0,377.548,370.228,388.968
12,1000,3,50021,0,1816.36,1931.49,1776.28
12,1000,3,100003,0,3445.89,3859.37,3870.16
12,1000,5,53,0,7.3456,6.9558,5.107
12,1000,5,89,0,8.443,9.457,6.1445
12,1000,5,101,0,9.253,8.793,6.7902
12,1000,5,503,0,29.2233,28.9112,28.1332
12,1000,5,1009,0,52.9533,56.0881,50.3785
12,1000,5,10007,0,438.379,447.325,438.389
12,1000,5,50021,0,2031.27,1971.59,1919.93
12,1000,5,100003,0,3714.78,4220.83,4126.43
12,1000,7,53,0,7.8128,6.6627,4.985
12,1000,7,89,0,8.9512,8.5098,6.6068
12,1000,7,101,0,10.2443,8.8364,6.7016
12,1000,7,503,0,25.251,28.7813,30.0127
12,1000,7,1009,0,52.6875,49.1881,49.0568
12,1000,7,10007,0,421.9,423.129,399.71
12,1000,7,50021,0,1971.69,2145.7,2021
12,1000,7,100003,0,4110.22,4208.48,4014.04
12,1000,9,53,0,8.076,7.0583,5.2991
12,1000,9,89,0,8.7828,7.4603,6.3877
12,1000,9,101,0,8.1682,8.5095,7.3231
12,1000,9,503,0,28.2017,29.0915,30.116
12,1000,9,1009,0,47.5319,51.5394,54.0703
12,1000,9,10007,0,490.125,467.663,472.957
12,1000,9,50021,0,2228.78,2246.97,2128.69
12,1000,9,100003,0,4225,4481.68,4720.93
16,1000,0,53,0,9.9149,8.0177,5.102
16,1000,0,89,0,8.3785,6.6438,9.8133
16,1000,0,101,0,7.7075,7.3428,7.3359
16,1000,0,503,0,32.9313,20.1707,25.4374
16,1000,0,1009,0,52.1572,37.9873,54.6162
16,1000,0,10007,0,457.902,370.993,461.596
16,1000,0,50021,0,2117.46,2147.63,2581.58
16,1000,0,100003,0,4485.42,4659.41,5235.94
16,1000,1,53,0,8.9652,10.196,6.6878
16,1000,1,89,0,14.595,13.2753,15.6728
16,1000,1,101,0,12.8986,13.1618,9.465
16,1000,1,503,0,41.1294,40.6349,36.9268
16,1000,1,1009,0,71.1936,74.4366,61.7138
16,1000,1,10007,0,581.052,563.505,586.135
16,1000,1,50021,0,2582.36,2807.58,2793.01
16,1000,1,100003,0,4791.84,5916.75,5489.56
16,1000,3,53,0,10.609,12.7323,7.7384
16,1000,3,89,0,12.1721,14.6011,9.3061
16,1000,3,101,0,13.3512,13.8125,10.6254
16,1000,3,503,0,36.9191,37.3924,36.3866
16,1000,3,1009,0,69.2459,68.9812,62.5388
16,1000,3,10007,0,575.495,527.04,555.433
16,1000,3,50021,0,2781.2,3091.36,3018.64
16,1000,3,100003,0,5022.86,6292.85,5961.99
16,1000,5,53,0,10.516,11.1539,10.6651
16,1000,5,89,0,13.1393,12.9183,9.3682
16,1000,5,101,0,16.3932,13.6907,13.1273
16,1000,5,503,0,39.7276,37.6344,37.9333
16,1000,5,1009,0,71.8353,72.2376,65.3969
16,1000,5,10007,0,567.99,605.983,636.024
16,1000,5,50021,0,2943.65,3142.28,3098.9
16,1000,5,100003,0,5568.57,6422.08,6055.82
16,1000,7,53,0,11.0003,10.7213,10.997
16,1000,7,89,0,13.5339,13.7448,13.2852
16,1000,7,101,0,14.7417,14.0976,10.6994
16,1000,7,503,0,42.9586,40.8064,32.5386
16,1000,7,1009,0,71.3805,80.0083,73.529
16,1000,7,10007,0,628.185,663.077,640.556
16,1000,7,50021,0,3134.74,3529.08,3123.17
16,1000,7,100003,0,5960.2,6939.65,6341.47
16,1000,9,53,0,10.9195,9.8178,7.6479
16,1000,9,89,0,13.8069,11.6491,9.7684
16,1000,9,101,0,12.7278,13.5309,9.3513
16,1000,9,503,0,41.1452,40.0389,39.7102
16,1000,9,1009,0,73.5084,75.216,74.7293
16,1000,9,10007,0,675.982,703.559,712.974
16,1000,9,50021,0,3242.78,3426.46,3251.93
16,1000,9,100003,0,6393.62,6847.94,6588.37
20,1000,0,53,0,10.0978,8.2731,8.6082
20,1000,0,89,0,10.0136,14.9371,8.7908
20,1000,0,101,0,13.9477,12.3401,13.1368
20,1000,0,503,0,41.7633,30.0682,34.5444
20,1000,0,1009,0,75.9798,54.3223,67.6638
20,1000,0,10007,0,648.993,597.918,682.367
20,1000,0,50021,0,2929.06,2881.48,3117.16
20,1000,0,100003,0,5442.14,5939.21,6170.66
20,1000,1,53,0,11.525,13.5816,8.0811
20,1000,1,89,0,18.1165,17.7939,18.4374
20,1000,1,101,0,15.8344,18.7486,15.3279
20,1000,1,503,0,53.8961,47.1046,39.1345
20,1000,1,1009,0,95.3677,87.1275,70.206
20,1000,1,10007,0,717.173,690.285,683.386
20,1000,1,50021,0,2818.29,3468.47,3307.65
20,1000,1,100003,0,5510.7,7391.93,6593.17
20,1000,3,53,0,14.1745,17.4082,9.5468
20,1000,3,89,0,20.4316,17.5397,18.8266
20,1000,3,101,0,18.3836,19.6894,14.2333
20,1000,3,503,0,52.4464,50.1528,41.764
20,1000,3,1009,0,90.5201,88.6036,82.1242
20,1000,3,10007,0,649.669,740.569,683.507
20,1000,3,50021,0,3012.27,3704.46,3392.43
20,1000,3,100003,0,5827.77,7655.63,6970.63
20,1000,5,53,0,15.859,14.6855,13.377
20,1000,5,89,0,17.3022,17.3512,12.4648
20,1000,5,101,0,21.2425,18.4154,19.5807
20,1000,5,503,0,50.0452,49.4148,43.7831
20,1000,5,1009,0,90.8692,90.6577,95.1192
20,1000,5,10007,0,711.389,745.473,758.958
20,1000,5,50021,0,3252.26,3892.13,3726.66
20,1000,5,100003,0,6354.76,7755.82,7397.38
20,1000,7,53,0,13.7566,11.6721,8.0647
20,1000,7,89,0,17.3496,14.6482,14.6339
20,1000,7,101,0,15.9671,17.5229,12.3335
20,1000,7,503,0,50.1372,47.298,42.1091
20,1000,7,1009,0,86.2567,90.4293,84.8573
20,1000,7,10007,0,758.687,835.899,828.479
20,1000,7,50021,0,3553.51,4011.01,3748.38
20,1000,7,100003,0,6917.47,8284.1,7599.93
20,1000,9,53,0,15.5937,11.0657,7.7581
20,1000,9,89,0,18.6752,14.4951,13.5748
20,1000,9,101,0,16.3302,17.8529,11.7343
20,1000,9,503,0,48.9912,50.2154,42.1677
20,1000,9,1009,0,93.8169,94.0856,90.1246
20,1000,9,10007,0,808.28,901.557,820.326
20,1000,9,50021,0,3787.41,4233.83,3892.79
20,1000,9,100003,0,7230.54,8424.63,7897.05
1,1000,0,53,0,0.6429,0.6789,0.5374
1,1000,0,89,0,0.6716,0.5956,0.7028
1,1000,0,101,0,0.398,0.387,0.412
1,1000,0,503,0,1.324,1.3051,1.351
1,1000,0,1009,0,2.5571,2.8397,2.5851
1,1000,0,10007,0,20.7187,16.8109,17.721
1,1000,0,50021,0,94.3491,86.2059,82.7423
1,1000,0,100003,0,163.477,157.346,157.481
1,1000,1,53,0,0.2865,0.2234,0.2101
1,1000,1,89,0,0.3107,0.3219,0.2946
1,1000,1,101,0,0.3301,0.3282,0.3278
1,1000,1,503,0,4.3565,4.2024,1.5343
1,1000,1,1009,0,3.1994,2.9671,2.8309
1,1000,1,10007,0,29.0176,31.0051,34.6061
1,1000,1,50021,0,159.562,162.904,164.129
1,1000,1,100003,0,325.452,315.546,322.61
1,1000,3,53,0,0.4945,0.4053,0.3808
1,1000,3,89,0,1.2004,0.5504,0.9989
1,1000,3,101,0,0.6501,0.665,0.647
1,1000,3,503,0,3.0752,3.1661,3.1195
1,1000,3,1009,0,9.5936,5.8167,5.8586
1,1000,3,10007,0,59.6243,64.4985,59.3599
1,1000,3,50021,0,316.72,320.747,316.178
1,1000,3,100003,0,621.439,621.228,616.312
1,1000,5,53,0,0.675,0.5448,0.5319
1,1000,5,89,0,0.8602,0.8532,0.8451
1,1000,5,101,0,0.9513,0.9455,1.2026
1,1000,5,503,0,4.5232,4.5283,4.499
1,1000,5,1009,0,12.8125,8.4332,8.1262
1,1000,5,10007,0,91.9276,96.9311,91.2939
1,1000,5,50021,0,459.533,465.114,476.257
1,1000,5,100003,0,939.119,921.835,945.725
1,1000,7,53,0,0.8986,0.6682,0.6483
1,1000,7,89,0,1.1042,1.0177,1.0054
1,1000,7,101,0,1.1377,1.1333,1.1329
1,1000,7,503,0,6.1132,5.8663,6.6792
1,1000,7,1009,0,12.9815,11.1018,12.5834
1,1000,7,10007,0,117.846,120.577,121.767
1,1000,7,50021,0,593.906,611.462,592.257
1,1000,7,100003,0,1214.35,1195.81,1241.32
1,1000,9,53,0,0.8571,0.8066,0.7866
1,1000,9,89,0,1.243,1.2457,1.3331
1,1000,9,101,0,1.964,1.3935,1.3885
1,1000,9,503,0,7.0426,10.898,7.0467
1,1000,9,1009,0,14.3632,17.9287,15.133
1,1000,9,10007,0,162.35,159.578,151.238
1,1000,9,50021,0,781.285,792.052,780.899
1,1000,9,100003,0,1568,1536.8,1515.75
2,1000,0,53,0,0.6495,0.7108,0.8148
2,1000,0,89,0,0.7159,0.7312,0.5993
2,1000,0,101,0,0.6381,0.4623,0.5862
2,1000,0,503,0,1.5716,1.7508,1.8165
2,1000,0,1009,0,3.2717,2.9042,3.0126
2,1000,0,10007,0,30.4541,31.7606,32.0657
2,1000,0,50021,0,154.727,153.167,161.446
2,1000,0,100003,0,312.768,307.451,320.309
2,1000,1,53,0,0.6305,0.431,0.567
2,1000,1,89,0,0.963,1.104,0.7036
2,1000,1,101,0,0.6711,0.5946,0.7326
2,1000,1,503,0,1.7277,1.7784,2.9884
2,1000,1,1009,0,5.9711,5.8364,6.2341
2,1000,1,10007,0,32.2166,54.5152,57.5451
2,1000,1,50021,0,266.409,273.866,270.3
2,1000,1,100003,0,518.335,537.898,509.998
2,1000,3,53,0,1.5024,0.8764,0.7677
2,1000,3,89,0,0.6375,0.5802,1.0053
2,1000,3,101,0,0.6504,1.1293,0.6887
2,1000,3,503,0,7.0673,4.3081,5.5149
2,1000,3,1009,0,11.3274,10.6029,6.4237
2,1000,3,10007,0,82.6067,99.4098,92.6036
2,1000,3,50021,0,548.752,479.264,505.731
2,1000,3,100003,0,1022.28,1004.32,1054.73
2,1000,5,53,0,0.816,0.6886,0.8034
2,1000,5,89,0,0.8924,0.7814,0.8112
2,1000,5,101,0,0.961,0.9321,1.1224
2,1000,5,503,0,4.9762,4.9435,4.4026
2,1000,5,1009,0,16.8956,17.7876,18.255
2,1000,5,10007,0,141.79,164.088,156.88
2,1000,5,50021,0,787.424,732.309,765.072
2,1000,5,100003,0,1539.65,1434.51,1562.02
2,1000,7,53,0,1.2318,0.9029,1.5677
2,1000,7,89,0,1.0495,2.0666,1.1808
2,1000,7,101,0,2.2837,2.2812,1.5577
2,1000,7,503,0,9.0417,11.1308,11.7385
2,1000,7,1009,0,21.1424,22.6068,21.6891
2,1000,7,10007,0,225.167,202.728,195.664
2,1000,7,50021,0,1001.27,979.628,1015.72
2,1000,7,100003,0,2104.29,2056.43,2094.1
2,1000,9,53,0,1.7063,1.6919,1.766
2,1000,9,89,0,2.6952,3.6735,4.4742
2,1000,9,101,0,1.6952,1.5182,1.7424
2,1000,9,503,0,8.5297,7.7588,14.6716
2,1000,9,1009,0,29.4015,26.9802,29.8993
2,1000,9,10007,0,270.634,267.053,239.151
2,1000,9,50021,0,1266.37,1307.21,1325.44
2,1000,9,100003,0,2617.12,2444.32,2567.09
4,1000,0,53,0,0.7595,0.6268,0.882
4,1000,0,89,0,0.8176,0.783,1.2327
4,1000,0,101,0,0.9069,0.8289,1.1613
4,1000,0,503,0,3.0941,3.1094,3.4142
4,1000,0,1009,0,6.0521,7.3985,6.5695
4,1000,0,10007,0,59.8245,64.0399,63.6055
4,1000,0,50021,0,304.554,320.141,328.276
4,1000,0,100003,0,610.793,644.459,671.724
4,1000,1,53,0,1.1797,1.9475,3.5556
4,1000,1,89,0,1.1759,1.1599,1.0525
4,1000,1,101,0,1.1039,1.2627,1.1827
4,1000,1,503,0,4.4269,4.6488,4.4042
4,1000,1,1009,0,9.0193,12.1811,11.2612
4,1000,1,10007,0,88.0897,95.0414,86.1401
4,1000,1,50021,0,410.81,425.536,433.082
4,1000,1,100003,0,863.018,888.776,877.271
4,1000,3,53,0,1.1165,0.9425,0.8316
4,1000,3,89,0,1.2645,1.1663,1.1021
4,1000,3,101,0,1.4794,1.6007,1.4041
4,1000,3,503,0,6.2865,6.1002,8.667
4,1000,3,1009,0,13.2277,14.8855,12.7315
4,1000,3,10007,0,116.033,128.411,128.681
4,1000,3,50021,0,620.681,603.713,606.448
4,1000,3,100003,0,1165.81,1207.62,1232.38
4,1000,5,53,0,1.3759,1.2558,1.1073
4,1000,5,89,0,1.785,2.7885,4.5924
4,1000,5,101,0,1.934,1.945,1.9542
4,1000,5,503,0,9.2703,9.997,11.3776
4,1000,5,1009,0,19.5029,21.5214,10.9949
4,1000,5,10007,0,185.7,197.41,192.335
4,1000,5,50021,0,944.423,895.903,896.771
4,1000,5,100003,0,1780.97,1759.99,1725.99
4,1000,7,53,0,1.5044,1.4992,1.3929
4,1000,7,89,0,2.2448,2.2314,2.4225
4,1000,7,101,0,2.5834,2.5594,2.838
4,1000,7,503,0,12.1919,13.6744,12.5166
4,1000,7,1009,0,24.3805,26.4419,24.9408
4,1000,7,10007,0,235.171,241.223,237.382
4,1000,7,50021,0,1125.75,1181.42,1136.08
4,1000,7,100003,0,2315.53,2384.01,2272.14
4,1000,9,53,0,2.9335,1.0512,1.0487
4,1000,9,89,0,1.4695,1.4805,1.5234
4,1000,9,101,0,1.6933,1.7187,1.813
4,1000,9,503,0,7.7141,8.4557,16.6093
4,1000,9,1009,0,30.2269,31.2519,31.2566
4,1000,9,10007,0,289.053,286.241,296.883
4,1000,9,50021,0,1444.92,1376.54,1455.24
4,1000,9,100003,0,2799.89,3011.36,3056.99
8,1000,0,53,0,1.8326,1.6238,1.8114
8,1000,0,89,0,1.8642,1.7498,2.0434
8,1000,0,101,0,3.9183,2.0561,2.3994
8,1000,0,503,0,7.4284,6.9833,7.6072
8,1000,0,1009,0,16.3537,14.3929,15.0294
8,1000,0,10007,0,143.493,139.775,161.897
8,1000,0,50021,0,781.529,810.027,852.23
8,1000,0,100003,0,1577.68,1571.83,1816.89
8,1000,1,53,0,4.0112,3.7167,3.1629
8,1000,1,89,0,4.4652,3.8876,3.6624
8,1000,1,101,0,5.2359,5.2923,4.057
8,1000,1,503,0,13.2666,13.6148,14.0804
8,1000,1,1009,0,26.6601,27.6096,26.6381
8,1000,1,10007,0,221.149,206.97,201.065
8,1000,1,50021,0,1010.14,1043.44,981.458
8,1000,1,100003,0,1907.74,2089.1,1942.46
8,1000,3,53,0,2.6771,2.7665,3.1046
8,1000,3,89,0,4.0002,4.6732,3.8838
8,1000,3,101,0,3.9731,4.7525,4.1387
8,1000,3,503,0,13.3903,13.5128,12.2489
8,1000,3,1009,0,26.324,25.0496,25.3036
8,1000,3,10007,0,212.758,230.593,218.313
8,1000,3,50021,0,989.01,1062.03,1043.17
8,1000,3,100003,0,2104.71,2176.69,2167.04
8,1000,5,53,0,3.0409,3.1857,3.4542
8,1000,5,89,0,4.2382,4.1676,5.2459
8,1000,5,101,0,4.5216,4.3928,3.9611
8,1000,5,503,0,13.492,12.646,18.0158
8,1000,5,1009,0,26.7383,25.1916,24.7009
8,1000,5,10007,0,232.439,237.074,233.232
8,1000,5,50021,0,1101.87,1157.92,1144.7
8,1000,5,100003,0,2293.47,2292.69,2357.11
8,1000,7,53,0,3.4433,3.8124,2.7659
8,1000,7,89,0,3.8559,4.155,6.9261
8,1000,7,101,0,4.1822,4.3264,4.3662
8,1000,7,503,0,12.3185,16.5345,15.5029
8,1000,7,1009,0,30.801,32.3081,33.7607
8,1000,7,10007,0,287.755,278.809,256.439
8,1000,7,50021,0,1353.82,1329.12,1343.08
8,1000,7,100003,0,2652.31,2671.25,2533.51
8,1000,9,53,0,3.8687,3.5973,2.9617
8,1000,9,89,0,4.2309,3.977,3.8823
8,1000,9,101,0,4.4926,4.8704,5.0593
8,1000,9,503,0,19.8043,21.1944,19.7625
8,1000,9,1009,0,37.2626,39.9957,41.0671
8,1000,9,10007,0,338.331,344.215,349.359
8,1000,9,50021,0,1719.93,1672.72,1736.78
8,1000,9,100003,0,3163.92,3238.77,3269.13
12,1000,0,53,0,2.9325,2.1634,3.9408
12,1000,0,89,0,3.8824,3.5318,7.3111
12,1000,0,101,0,4.8854,3.8519,4.3631
12,1000,0,503,0,17.4001,13.5372,16.701
12,1000,0,1009,0,32.2692,25.7455,30.137
12,1000,0,10007,0,297.481,262.346,313.66
12,1000,0,50021,0,1496.93,1412.78,1647.47
12,1000,0,100003,0,2976.11,2750.53,3366.03
12,1000,1,53,0,5.2383,5.7334,9.312
12,1000,1,89,0,6.111,6.7576,5.1426
12,1000,1,101,0,6.9159,6.3528,6.3989
12,1000,1,503,0,23.4882,23.1937,21.6001
12,1000,1,1009,0,44.5999,44.113,35.7481
12,1000,1,10007,0,381.048,382.131,369.308
12,1000,1,50021,0,1703.69,1840.41,1596.17
12,1000,1,100003,0,3142.19,3810.22,3546.61
12,1000,3,53,0,6.437,6.3658,4.7599
12,1000,3,89,0,7.368,7.1174,7.8647
12,1000,3,101,0,7.8403,7.7595,6.4835
12,1000,3,503,0,24.3628,24.6653,21.5322
12,1000,3,1009,0,42.8802,48.1961,42.5543
12,1000,3,10007,0,373.383,380.854,369.583
12,1000,3,50021,0,1740.14,1875.97,1842.17
12,1000,3,100003,0,3359.5,4178.71,3772.98
12,1000,5,53,0,6.8067,6.333,4.773
12,1000,5,89,0,7.5718,7.1742,6.5426
12,1000,5,101,0,8.1591,8.183,6.1373
12,1000,5,503,0,25.2076,25.5822,21.9504
12,1000,5,1009,0,47.5226,46.1066,41.6421
12,1000,5,10007,0,401.034,405.314,392.709
12,1000,5,50021,0,1765.77,2045.59,2087.36
12,1000,5,100003,0,3905.53,4154.93,3849.24
12,1000,7,53,0,6.0022,5.3801,4.343
12,1000,7,89,0,6.8845,7.3961,5.9874
12,1000,7,101,0,7.9559,7.9299,6.3595
12,1000,7,503,0,25.0985,27.1345,21.7379
12,1000,7,1009,0,46.721,49.3171,45.4278
12,1000,7,10007,0,417.164,436.24,434.24
12,1000,7,50021,0,2083.12,2168.32,2067.37
12,1000,7,100003,0,3947.86,4249.18,4229.29
12,1000,9,53,0,5.6773,6.6273,5.2969
12,1000,9,89,0,8.8182,7.6313,7.4555
12,1000,9,101,0,8.4043,8.7548,7.5255
12,1000,9,503,0,27.3565,26.5522,25.236
12,1000,9,1009,0,53.5103,51.6357,51.3421
12,1000,9,10007,0,454.852,413.869,423.151
12,1000,9,50021,0,2152.12,2220.67,2135.36
12,1000,9,100003,0,4320.34,4749.77,4291.73
16,1000,0,53,0,4.7318,5.7433,5.191
16,1000,0,89,0,6.3294,5.122,16.5711
16,1000,0,101,0,7.3657,6.6748,6.4184
16,1000,0,503,0,25.4723,20.3339,25.0898
16,1000,0,1009,0,44.2104,35.2522,46.8412
16,1000,0,10007,0,434.944,390.042,449.656
16,1000,0,50021,0,2323.81,2227.66,2679.11
16,1000,0,100003,0,4452.67,4478.74,5461.05
16,1000,1,53,0,7.0296,6.9115,5.5058
16,1000,1,89,0,9.7524,11.0676,7.0039
16,1000,1,101,0,10.0922,11.7175,8.9489
16,1000,1,503,0,32.2751,31.6209,28.9482
16,1000,1,1009,0,63.2887,61.3878,53.1827
16,1000,1,10007,0,551.464,575.65,573.19
16,1000,1,50021,0,2465.94,2801.57,2882.74
16,1000,1,100003,0,4887.91,5944.63,5781.63
16,1000,3,53,0,11.7754,11.2368,7.308
16,1000,3,89,0,14.1837,15.0263,9.5578
16,1000,3,101,0,13.3702,15.8867,10.8142
16,1000,3,503,0,42.4017,40.2894,41.6
16,1000,3,1009,0,69.4615,64.1673,65.4083
16,1000,3,10007,0,580.02,641.705,665.594
16,1000,3,50021,0,2717.39,2914.2,2944.2
16,1000,3,100003,0,5371.56,6231.18,5887.5
16,1000,5,53,0,13.4184,11.743,7.4524
16,1000,5,89,0,12.5258,13.7812,10.0046
16,1000,5,101,0,13.8371,13.6634,16.399
16,1000,5,503,0,43.6952,41.3232,37.5086
16,1000,5,1009,0,75.6742,76.1404,70.5092
16,1000,5,10007,0,622.181,636.821,651.311
16,1000,5,50021,0,2827.81,3145.2,3002.52
16,1000,5,100003,0,5749.32,6358.54,6295.76
16,1000,7,53,0,11.1819,11.0736,6.9973
16,1000,7,89,0,14.2395,13.5796,10.2256
16,1000,7,101,0,16.35,14.3145,10.7163
16,1000,7,503,0,46.6452,47.225,37.2899
16,1000,7,1009,0,81.3384,79.8622,84.9791
16,1000,7,10007,0,691.973,728.573,677.216
16,1000,7,50021,0,3037.94,3247.78,3328.17
16,1000,7,100003,0,6140.34,6561.38,6501.69
16,1000,9,53,0,9.5604,10.1445,7.794
16,1000,9,89,0,12.4794,14.6185,10.182
16,1000,9,101,0,13.8519,13.4621,13.3621
16,1000,9,503,0,42.5073,44.0518,40.402
16,1000,9,1009,0,77.2354,76.2857,72.9822
16,1000,9,10007,0,665.693,695.373,673.196
16,1000,9,50021,0,3118.8,3448.03,3443.52
16,1000,9,100003,0,6332.53,6754.61,6839.17
20,1000,0,53,0,6.7997,5.8127,22.3042
20,1000,0,89,0,9.6397,9.3266,12.719
20,1000,0,101,0,11.6667,12.8041,9.948
20,1000,0,503,0,42.617,30.0068,35.4075
20,1000,0,1009,0,72.7416,53.2529,63.8436
20,1000,0,10007,0,591.593,524.978,670.7
20,1000,0,50021,0,2752.21,2998.5,3144.82
20,1000,0,100003,0,5991.85,5769.07,6241.15
20,1000,1,53,0,10.0877,16.2419,8.0163
20,1000,1,89,0,15.6025,17.1164,15.6977
20,1000,1,101,0,15.9875,18.7103,11.8733
20,1000,1,503,0,51.8614,47.2277,42.7873
20,1000,1,1009,0,97.3255,86.6605,94.5432
20,1000,1,10007,0,694.412,712.5,690.707
20,1000,1,50021,0,2866.15,3623.99,3193.3
20,1000,1,100003,0,5582.24,7173.23,6664.12
20,1000,3,53,0,14.985,14.4225,11.5691
20,1000,3,89,0,17.5208,17.2079,12.5051
20,1000,3,101,0,19.7671,17.8829,16.5126
20,1000,3,503,0,48.8519,45.7888,44.8797
20,1000,3,1009,0,86.4255,89.0292,94.9774
20,1000,3,10007,0,676.911,731.431,708.293
20,1000,3,50021,0,2982.9,3832.3,3459.65
20,1000,3,100003,0,5896.49,7475.77,7023.14
20,1000,5,53,0,18.426,12.6122,9.2906
20,1000,5,89,0,16.9562,17.1678,10.3251
20,1000,5,101,0,20.6626,20.8379,13.3991
20,1000,5,503,0,53.8392,47.5247,45.1758
20,1000,5,1009,0,91.5852,92.8546,82.5134
20,1000,5,10007,0,717.287,783.065,777.981
20,1000,5,50021,0,3242.99,3900.77,3721.62
20,1000,5,100003,0,6302.32,7914.4,7514.19
20,1000,7,53,0,14.0459,12.9119,7.9263
20,1000,7,89,0,15.4775,16.6803,11.9438
20,1000,7,101,0,18.3538,16.7003,17.5086
20,1000,7,503,0,48.2302,46.8842,44.4801
20,1000,7,1009,0,90.6072,95.6819,81.4694
20,1000,7,10007,0,718.019,822.739,800.976
20,1000,7,50021,0,3558.25,4219.36,3801.04
20,1000,7,100003,0,6904.35,8312.9,7558.51
20,1000,9,53,0,13.0824,11.6749,8.3695
20,1000,9,89,0,15.3245,14.3521,12.8504
20,1000,9,101,0,16.7326,17.4707,11.8412
20,1000,9,503,0,50.6839,51.2349,42.8338
20,1000,9,1009,0,93.2385,95.3844,82.7826
20,1000,9,10007,0,775.707,858.683,782.693
20,1000,9,50021,0,3729.98,4261.76,3953.09
20,1000,9,100003,0,7415.03,8501.03,7820.05
1,1000,0,53,0,0.8082,0.6,0.648
1,1000,0,89,0,0.7676,0.6027,0.6481
1,1000,0,101,0,0.4774,0.467,0.4614
1,1000,0,503,0,1.4621,1.5128,1.5129
1,1000,0,1009,0,2.7439,2.8254,2.6921
1,1000,0,10007,0,26.1488,21.5878,18.5722
1,1000,0,50021,0,114.111,95.9338,99.2742
1,1000,0,100003,0,176.538,166.791,162.052
1,1000,1,53,0,0.5992,0.4466,0.4234
1,1000,1,89,0,0.3734,0.3593,0.3367
1,1000,1,101,0,0.3813,0.3846,0.3643
1,1000,1,503,0,1.5487,1.5581,1.5577
1,1000,1,1009,0,3.2509,4.922,3.8332
1,1000,1,10007,0,31.1823,31.2993,32.9951
1,1000,1,50021,0,161.556,159.714,158.399
1,1000,1,100003,0,320.489,328.161,335.832
1,1000,3,53,0,0.4406,0.3836,0.3594
1,1000,3,89,0,0.575,0.555,0.5498
1,1000,3,101,0,0.6142,0.6255,0.6219
1,1000,3,503,0,3.0194,3.0045,2.9922
1,1000,3,1009,0,6.0258,9.733,5.7763
1,1000,3,10007,0,66.3105,67.2136,64.7562
1,1000,3,50021,0,328.022,321.048,320.487
1,1000,3,100003,0,645.467,624.874,622.148
1,1000,5,53,0,0.8209,0.7019,0.4574
1,1000,5,89,0,0.7983,3.1891,1.3341
1,1000,5,101,0,0.8722,0.8575,0.8542
1,1000,5,503,0,4.1039,4.3338,4.8537
1,1000,5,1009,0,9.053,11.3787,9.2944
1,1000,5,10007,0,95.5104,92.0879,91.6435
1,1000,5,50021,0,469.714,453.94,457.463
1,1000,5,100003,0,930.026,951.071,959.275
1,1000,7,53,0,0.8268,0.6609,0.6344
1,1000,7,89,0,1.8028,1.0305,1.0207
1,1000,7,101,0,1.2095,1.2387,1.2428
1,1000,7,503,0,6.1332,9.2012,6.1241
1,1000,7,1009,0,11.0759,15.7867,11.5606
1,1000,7,10007,0,126.425,128.047,127.07
1,1000,7,50021,0,655.187,645.813,629.445
1,1000,7,100003,0,1262.84,1232.53,1229.83
1,1000,9,53,0,1.8588,0.8427,0.8077
1,1000,9,89,0,1.4599,1.4131,1.4002
1,1000,9,101,0,4.1815,1.4376,1.5513
1,1000,9,503,0,7.8795,7.0783,6.9027
1,1000,9,1009,0,16.7376,16.0289,17.5233
1,1000,9,10007,0,155.895,156.397,156.615
1,1000,9,50021,0,760.178,779.747,781.583
1,1000,9,100003,0,1580.91,1597.33,1559.85
2,1000,0,53,0,0.375,0.2754,0.3869
2,1000,0,89,0,0.4078,0.4368,0.5211
2,1000,0,101,0,0.3776,0.4071,0.5289
2,1000,0,503,0,1.4954,1.5323,1.7517
2,1000,0,1009,0,5.6763,4.0787,3.3686
2,1000,0,10007,0,31.5462,32.0386,32.5529
2,1000,0,50021,0,159.817,160.257,164.057
2,1000,0,100003,0,317.259,321.579,321.788
2,1000,1,53,0,1.0838,0.5171,0.8045
2,1000,1,89,0,0.5953,0.5571,0.6339
2,1000,1,101,0,0.6826,0.7327,0.7258
2,1000,1,503,0,1.7346,2.8951,3.1556
2,1000,1,1009,0,6.3014,4.4384,5.2486
2,1000,1,10007,0,57.8135,61.4477,61.3944
2,1000,1,50021,0,295.427,276.04,262.504
2,1000,1,100003,0,523.655,575.693,549.231
2,1000,3,53,0,0.9294,1.0948,0.762
2,1000,3,89,0,1.0505,1.0087,0.7479
2,1000,3,101,0,1.2902,0.9719,1.2007
2,1000,3,503,0,6.2072,6.2502,6.7926
2,1000,3,1009,0,11.0778,12.164,13.621
2,1000,3,10007,0,109.159,113.283,112.062
2,1000,3,50021,0,555.635,573.48,554.905
2,1000,3,100003,0,1105.12,1130.8,1128.33
2,1000,5,53,0,0.6622,0.8528,0.9559
2,1000,5,89,0,0.8611,0.8659,1.6774
2,1000,5,101,0,2.2271,2.6491,2.2501
2,1000,5,503,0,8.3107,8.9122,9.7945
2,1000,5,1009,0,17.7263,20.2427,15.5625
2,1000,5,10007,0,171.709,173.805,181.806
2,1000,5,50021,0,880.604,898.398,817.933
2,1000,5,100003,0,1636.4,1585.82,1577.11
2,1000,7,53,0,1.2507,0.7417,1.2487
2,1000,7,89,0,2.0988,1.1065,2.0309
2,1000,7,101,0,2.3375,2.2759,2.2813
2,1000,7,503,0,9.6061,12.5151,12.6922
2,1000,7,1009,0,23.9829,26.0288,20.5017
2,1000,7,10007,0,176.682,231.573,207.88
2,1000,7,50021,0,1044.57,1051.12,1027.72
2,1000,7,100003,0,2052.35,2068,2068.21
2,1000,9,53,0,1.2628,1.4779,0.8488
2,1000,9,89,0,2.6221,2.6399,2.8001
2,1000,9,101,0,2.9406,1.8879,2.8887
2,1000,9,503,0,11.4603,15.9862,7.2849
2,1000,9,1009,0,16.4903,25.5717,30.1688
2,1000,9,10007,0,249.12,256.645,252.892
2,1000,9,50021,0,1328.89,1130.74,1279.57
2,1000,9,100003,0,2590.07,2545.24,2685.19
4,1000,0,53,0,0.8118,0.686,0.9186
4,1000,0,89,0,1.1149,0.7243,0.91
4,1000,0,101,0,0.9026,0.7882,4.4807
4,1000,0,503,0,3.7086,3.2814,3.5452
4,1000,0,1009,0,6.4519,6.7414,9.0851
4,1000,0,10007,0,59.0119,61.8774,64.2759
4,1000,0,50021,0,309.622,317.926,333.105
4,1000,0,100003,0,605.782,652.266,659.701
4,1000,1,53,0,1.0981,1.2827,3.184
4,1000,1,89,0,1.2066,1.4598,1.0709
4,1000,1,101,0,1.4209,1.2302,1.0793
4,1000,1,503,0,4.1725,4.2128,4.2649
4,1000,1,1009,0,7.3273,12.5753,12.634
4,1000,1,10007,0,88.7525,90.7214,81.3646
4,1000,1,50021,0,408.42,460.875,410.226
4,1000,1,100003,0,839.717,886.466,891.876
4,1000,3,53,0,1.1519,1.1403,1.1353
4,1000,3,89,0,1.4885,1.6925,1.3339
4,1000,3,101,0,1.4444,1.4827,1.7694
4,1000,3,503,0,6.669,6.6381,6.5714
4,1000,3,1009,0,15.5157,11.1697,15.798
4,1000,3,10007,0,133.035,131.562,133.08
4,1000,3,50021,0,617.305,651.27,620.031
4,1000,3,100003,0,1249.63,1210.69,1206.63
4,1000,5,53,0,1.5824,1.6673,1.8811
4,1000,5,89,0,1.8886,1.745,1.7709
4,1000,5,101,0,1.977,2.0235,1.9966
4,1000,5,503,0,9.7279,9.0256,9.2455
4,1000,5,1009,0,18.7519,18.6897,19.6475
4,1000,5,10007,0,193.281,186.939,165.965
4,1000,5,50021,0,880.116,878.902,872.613
4,1000,5,100003,0,1714.79,1692.21,1744.34
4,1000,7,53,0,1.4666,1.2985,1.423
4,1000,7,89,0,2.2496,2.2485,2.5829
4,1000,7,101,0,2.7484,2.5284,2.6898
4,1000,7,503,0,13.1377,12.4519,11.8411
4,1000,7,1009,0,25.8173,23.328,23.8918
4,1000,7,10007,0,224.023,231.326,247.439
4,1000,7,50021,0,1200.97,1292.41,1226.1
4,1000,7,100003,0,2453.39,2319.7,2220.96
4,1000,9,53,0,1.9316,2.3387,1.2025
4,1000,9,89,0,1.5911,1.799,1.8801
4,1000,9,101,0,1.8443,1.7963,1.7507
4,1000,9,503,0,14.7203,13.5701,15.4702
4,1000,9,1009,0,30.8884,32.5158,30.9072
4,1000,9,10007,0,301.418,288.696,272.35
4,1000,9,50021,0,1406.21,1464.43,1531.71
4,1000,9,100003,0,2938.21,2917.9,2827.73
8,1000,0,53,0,1.2643,1.4431,1.6039
8,1000,0,89,0,1.9074,1.7046,2.0977
8,1000,0,101,0,2.2361,1.9462,2.2556
8,1000,0,503,0,7.1226,6.6949,7.2008
8,1000,0,1009,0,15.0361,13.7689,16.6073
8,1000,0,10007,0,136.484,141.141,159.859
8,1000,0,50021,0,791.301,806.941,869.98
8,1000,0,100003,0,1672.25,1585.83,1778.38
8,1000,1,53,0,2.7526,2.7596,2.7583
8,1000,1,89,0,5.1625,4.0191,3.6209
8,1000,1,101,0,4.1037,4.1376,3.4618
8,1000,1,503,0,13.6932,15.0257,12.2767
8,1000,1,1009,0,24.726,27.3524,25.3156
8,1000,1,10007,0,230.377,223.522,187.418
8,1000,1,50021,0,960.923,1009.15,942.822
8,1000,1,100003,0,1897.11,2014.59,1889.07
8,1000,3,53,0,2.7446,2.6027,2.481
8,1000,3,89,0,4.4672,4.0608,3.6795
8,1000,3,101,0,5.4544,4.8439,3.9953
8,1000,3,503,0,14.0578,14.3849,15.7523
8,1000,3,1009,0,25.2716,26.6254,26.344
8,1000,3,10007,0,217.784,236.543,218.158
8,1000,3,50021,0,1076.76,1061.19,1085.05
8,1000,3,100003,0,2075.38,2175.33,2112.09
8,1000,5,53,0,2.6357,3.4642,2.9834
8,1000,5,89,0,4.5364,4.0974,3.3187
8,1000,5,101,0,4.3814,5.5504,3.948
8,1000,5,503,0,12.927,14.7596,14.283
8,1000,5,1009,0,23.1383,26.3672,25.8651
8,1000,5,10007,0,233.641,239.115,238.988
8,1000,5,50021,0,1123.45,1065.55,1083.51
8,1000,5,100003,0,2303.59,2497.52,2392.39
8,1000,7,53,0,4.3281,3.7686,3.3034
8,1000,7,89,0,5.2674,5.057,3.9982
8,1000,7,101,0,4.7529,5.4356,4.2017
8,1000,7,503,0,17.3124,17.7923,17.022
8,1000,7,1009,0,31.451,31.9579,31.7899
8,1000,7,10007,0,299.902,265.495,286.001
8,1000,7,50021,0,1317.75,1384.08,1329.06
8,1000,7,100003,0,2670.89,2817.65,2744.07
8,1000,9,53,0,4.1674,4.7735,2.8888
8,1000,9,89,0,3.8317,3.891,3.7192
8,1000,9,101,0,3.9419,3.7551,3.9373
8,1000,9,503,0,17.1638,18.2633,17.5016
8,1000,9,1009,0,33.9696,36.5658,36.175
8,1000,9,10007,0,357.59,358.171,344.457
8,1000,9,50021,0,1677.61,1646.65,1604.58
8,1000,9,100003,0,3332.63,3338.11,3273.52
12,1000,0,53,0,2.9051,2.5544,3.009
12,1000,0,89,0,4.6251,3.7576,4.8958
12,1000,0,101,0,3.8915,3.4492,6.1385
12,1000,0,503,0,15.0825,11.6269,15.9934
12,1000,0,1009,0,30.6148,24.7706,29.2799
12,1000,0,10007,0,267.204,246.445,295.154
12,1000,0,50021,0,1426.35,1360.36,1509.44
12,1000,0,100003,0,2969.35,2877.75,3327.92
12,1000,1,53,0,6.0147,5.1293,4.7822
12,1000,1,89,0,7.0129,6.7682,5.4611
12,1000,1,101,0,7.0615,9.1568,6.2112
12,1000,1,503,0,24.0825,24.701,20.8777
12,1000,1,1009,0,41.6487,45.0127,39.2373
12,1000,1,10007,0,385.312,375.284,321.048
12,1000,1,50021,0,1624.86,1879.89,1718.26
12,1000,1,100003,0,3175.73,3986.04,3563.69
12,1000,3,53,0,5.8724,6.6236,4.5414
12,1000,3,89,0,7.8294,7.4714,5.4658
12,1000,3,101,0,8.0699,7.3877,5.7667
12,1000,3,503,0,24.5494,24.0861,20.2983
12,1000,3,1009,0,46.2825,43.0199,38.6494
12,1000,3,10007,0,347.714,335.172,363.527
12,1000,3,50021,0,1725.08,1944.46,1998.59
12,1000,3,100003,0,3561.82,3962.69,3628.42
12,1000,5,53,0,5.3169,5.7542,4.6528
12,1000,5,89,0,7.488,7.0475,8.2975
12,1000,5,101,0,8.4078,7.6684,6.0049
12,1000,5,503,0,26.9953,25.7443,22.5582
12,1000,5,1009,0,50.2962,49.0733,42.9133
12,1000,5,10007,0,398.906,418.714,436.062
12,1000,5,50021,0,2194.42,2121.35,2026.35
12,1000,5,100003,0,3678.1,4089.85,4065.06
12,1000,7,53,0,6.5053,6.1238,4.7988
12,1000,7,89,0,7.0588,8.4952,5.8465
12,1000,7,101,0,8.1127,7.8106,10.0807
12,1000,7,503,0,27.5141,25.9954,25.6878
12,1000,7,1009,0,49.2671,48.8178,45.0564
12,1000,7,10007,0,425.247,425.825,370.842
12,1000,7,50021,0,1964.48,2110.55,1963.92
12,1000,7,100003,0,3918.2,4530.64,4188.45
12,1000,9,53,0,6.1483,5.8011,5.3706
12,1000,9,89,0,8.1727,7.3437,6.0031
12,1000,9,101,0,8.7264,7.1569,6.7754
12,1000,9,503,0,24.4966,26.4228,27.5939
12,1000,9,1009,0,48.7943,51.8185,52.8435
12,1000,9,10007,0,441.178,457.205,431.715
12,1000,9,50021,0,2091.59,2261.57,2323.99
12,1000,9,100003,0,4482.14,4370.87,4406.95
16,1000,0,53,0,5.453,4.8654,5.5229
16,1000,0,89,0,7.359,5.2155,19.5558
16,1000,0,101,0,6.9583,6.2279,7.8903
16,1000,0,503,0,29.1396,19.4798,29.7021
16,1000,0,1009,0,49.7222,38.2713,49.8583
16,1000,0,10007,0,457.544,383.467,514.182
16,1000,0,50021,0,2267.45,2137.26,2550.31
16,1000,0,100003,0,4348.19,4609.24,5246.27
16,1000,1,53,0,9.3972,11.3113,7.0239
16,1000,1,89,0,12.3672,11.6038,13.0237
16,1000,1,101,0,12.5232,12.8065,9.3789
16,1000,1,503,0,40.7838,35.1786,34.3223
16,1000,1,1009,0,74.4025,72.6953,57.526
16,1000,1,10007,0,583.784,520.131,520.692
16,1000,1,50021,0,2462.98,2994.06,3023.09
16,1000,1,100003,0,4788.66,6041.85,5776.93
16,1000,3,53,0,11.5292,10.755,7.4028
16,1000,3,89,0,13.5116,13.7927,9.2755
16,1000,3,101,0,17.3307,13.8514,10.2208
16,1000,3,503,0,42.2379,41.128,40.6539
16,1000,3,1009,0,72.5749,70.935,66.2517
16,1000,3,10007,0,584.064,593.536,540.007
16,1000,3,50021,0,2568.69,3052.89,3099.46
16,1000,3,100003,0,5213.22,6174.01,5847.46
16,1000,5,53,0,10.5638,10.97,6.7409
16,1000,5,89,0,15.1345,13.3451,10.2429
16,1000,5,101,0,14.312,13.455,10.1214
16,1000,5,503,0,38.9918,38.0455,38.5869
16,1000,5,1009,0,77.3718,73.6737,66.7732
16,1000,5,10007,0,583.054,627.822,653.868
16,1000,5,50021,0,2897.31,3164.7,3374.59
16,1000,5,100003,0,5729.07,6528.86,6384.4
16,1000,7,53,0,11.3443,12.0166,6.8977
16,1000,7,89,0,14.4396,12.2391,9.2966
16,1000,7,101,0,15.1413,13.3504,10.3192
16,1000,7,503,0,42.6152,39.5988,43.6212
16,1000,7,1009,0,76.039,77.1728,70.2582
16,1000,7,10007,0,643.179,677.522,650.54
16,1000,7,50021,0,2946.38,3448.81,3205.77
16,1000,7,100003,0,5890.44,6724.41,6270.35
16,1000,9,53,0,10.4671,9.9211,9.357
16,1000,9,89,0,12.5764,11.8649,12.3806
16,1000,9,101,0,12.326,12.4268,9.3915
16,1000,9,503,0,40.5471,40.5419,37.082
16,1000,9,1009,0,76.1899,74.4943,69.2219
16,1000,9,10007,0,662.699,711.951,665.87
16,1000,9,50021,0,3121.45,3738.12,3340.56
16,1000,9,100003,0,6265.09,7190.28,6509.35
20,1000,0,53,0,8.7473,9.0004,8.0275
20,1000,0,89,0,10.3501,10.8032,8.3278
20,1000,0,101,0,15.3885,10.5927,9.8133
20,1000,0,503,0,38.1238,25.6135,32.2248
20,1000,0,1009,0,64.5266,51.1089,85.4198
20,1000,0,10007,0,584.208,542.913,673.232
20,1000,0,50021,0,3018.42,2920.37,3176.91
20,1000,0,100003,0,5386.79,5915.86,6364.63
20,1000,1,53,0,13.8619,12.5545,9.3032
20,1000,1,89,0,15.9829,18.0566,12.0645
20,1000,1,101,0,17.2642,17.6684,18.5502
20,1000,1,503,0,50.7709,47.7138,45.0228
20,1000,1,1009,0,95.7683,87.6907,76.7657
20,1000,1,10007,0,694.323,708.006,662.295
20,1000,1,50021,0,2864.8,3569.47,3357.89
20,1000,1,100003,0,5511.83,7254.48,6496.56
20,1000,3,53,0,13.5107,14.0616,14.3295
20,1000,3,89,0,18.3819,19.0815,16.4735
20,1000,3,101,0,20.6094,22.2635,22.0086
20,1000,3,503,0,49.4812,50.3219,46.1121
20,1000,3,1009,0,88.7822,87.0294,80.1237
20,1000,3,10007,0,648.953,731.366,721.263
20,1000,3,50021,0,3020.43,3692.93,3591.77
20,1000,3,100003,0,5900.68,7638.78,7321.7
20,1000,5,53,0,16.056,12.3003,12.2315
20,1000,5,89,0,16.7762,18.6023,11.5244
20,1000,5,101,0,19.5268,16.97,13.9636
20,1000,5,503,0,49.6652,48.837,43.9822
20,1000,5,1009,0,92.2103,91.5124,100.384
20,1000,5,10007,0,683.236,764.713,794.572
20,1000,5,50021,0,3231,3978.54,4137.05
20,1000,5,100003,0,6602.96,7996.03,7364.4
20,1000,7,53,0,13.0423,12.6078,8.8147
20,1000,7,89,0,17.5825,15.6346,12.5732
20,1000,7,101,0,17.8229,17.5192,12.6829
20,1000,7,503,0,50.9371,49.3704,43.6064
20,1000,7,1009,0,96.0734,95.9238,83.3534
20,1000,7,10007,0,736.171,852.176,819.037
20,1000,7,50021,0,3543.79,4077,3785.14
20,1000,7,100003,0,6891.31,8120.48,7631.15
20,1000,9,53,0,13.8104,15.6331,8.5681
20,1000,9,89,0,15.1118,15.6825,10.3752
20,1000,9,101,0,18.8442,16.0825,16.4123
20,1000,9,503,0,53.0901,50.0503,43.0142
20,1000,9,1009,0,92.2211,102.566,84.9448
20,1000,9,10007,0,765.165,878.5,811.496
20,1000,9,50021,0,3762.18,4399.94,3943.68
20,1000,9,100003,0,7421.64,8662.77,7651.07
1,1000,0,53,0,1.0283,0.8561,0.79
1,1000,0,89,0,0.7434,0.3782,0.3805
1,1000,0,101,0,0.4682,0.4678,0.494
1,1000,0,503,0,1.4339,1.306,1.3058
1,1000,0,1009,0,2.9675,2.3857,2.0726
1,1000,0,10007,0,21.0987,18.6942,19.3008
1,1000,0,50021,0,102.965,88.3708,83.8256
1,1000,0,100003,0,161.097,158.083,150.598
1,1000,1,53,0,0.313,0.2452,0.2098
1,1000,1,89,0,0.3353,0.3128,0.3019
1,1000,1,101,0,0.3438,0.3449,0.3392
1,1000,1,503,0,1.8197,1.5383,1.5036
1,1000,1,1009,0,3.2207,2.8063,2.7827
1,1000,1,10007,0,30.072,31.5943,31.3873
1,1000,1,50021,0,154.063,156.609,161.659
1,1000,1,100003,0,301.828,304.117,309.525
1,1000,3,53,0,0.5718,0.4037,0.3552
1,1000,3,89,0,0.5525,0.8332,0.6398
1,1000,3,101,0,0.6216,0.601,0.596
1,1000,3,503,0,2.8328,3.014,3.0631
1,1000,3,1009,0,8.04,5.7988,6.0069
1,1000,3,10007,0,66.163,62.8404,66.1591
1,1000,3,50021,0,312.216,319.122,320.542
1,1000,3,100003,0,632.857,650.235,642.913
1,1000,5,53,0,0.9506,0.5648,0.5319
1,1000,5,89,0,1.4324,0.8867,0.8304
1,1000,5,101,0,0.9527,0.931,0.9775
1,1000,5,503,0,4.4704,7.6763,4.6532
1,1000,5,1009,0,9.172,8.7873,11.7733
1,1000,5,10007,0,98.0408,94.2519,104.936
1,1000,5,50021,0,493.032,479.342,477.669
1,1000,5,100003,0,945.341,936.069,954.302
1,1000,7,53,0,0.984,0.8145,0.5904
1,1000,7,89,0,1.0554,3.0678,1.1457
1,1000,7,101,0,1.5242,1.21,1.2313
1,1000,7,503,0,5.8199,6.012,6.0983
1,1000,7,1009,0,13.8864,13.5308,13.4453
1,1000,7,10007,0,116.655,124.427,123.546
1,1000,7,50021,0,629.457,614.798,619.324
1,1000,7,100003,0,1278.08,1269.4,1287.44
1,1000,9,53,0,1.2849,0.8073,0.7772
1,1000,9,89,0,1.2382,1.2882,1.2648
1,1000,9,101,0,1.4458,1.4734,1.4575
1,1000,9,503,0,11.3346,6.8143,7.3069
1,1000,9,1009,0,18.0496,14.2699,17.9231
1,1000,9,10007,0,163.117,162.708,162.226
1,1000,9,50021,0,788.495,787.921,772.709
1,1000,9,100003,0,1550.62,1580.57,1626.21
2,1000,0,53,0,0.3508,0.2878,0.4143
2,1000,0,89,0,0.407,0.3585,0.5318
2,1000,0,101,0,0.4296,0.3759,0.4984
2,1000,0,503,0,1.8443,1.9264,2.0304
2,1000,0,1009,0,3.4389,3.692,3.4141
2,1000,0,10007,0,32.3352,36.0966,33.7428
2,1000,0,50021,0,170.256,169.442,169.048
2,1000,0,100003,0,341.416,323.127,330.002
2,1000,1,53,0,0.6669,0.5659,0.7152
2,1000,1,89,0,0.6111,0.7402,0.7467
2,1000,1,101,0,0.5312,0.6135,0.7316
2,1000,1,503,0,3.0527,3.2199,1.8483
2,1000,1,1009,0,3.1249,3.186,3.1413
2,1000,1,10007,0,34.2034,61.5053,60.7165
2,1000,1,50021,0,280.808,253.207,277.441
2,1000,1,100003,0,516.925,515.84,526.923
2,1000,3,53,0,0.8788,0.7001,0.5054
2,1000,3,89,0,1.1806,1.1587,1.651
2,1000,3,101,0,2.4303,1.3939,1.2649
2,1000,3,503,0,4.0795,5.7864,5.8642
2,1000,3,1009,0,9.9305,11.3372,11.3123
2,1000,3,10007,0,98.0978,113.731,119.278
2,1000,3,50021,0,516.296,559.351,522.08
2,1000,3,100003,0,1021.58,930.642,1060.61
2,1000,5,53,0,1.0256,0.9589,1.08
2,1000,5,89,0,0.9036,0.8167,0.9078
2,1000,5,101,0,1.8106,1.8537,0.9942
2,1000,5,503,0,7.4396,9.7884,9.8379
2,1000,5,1009,0,15.4263,19.04,15.5454
2,1000,5,10007,0,148.159,153.633,161.329
2,1000,5,50021,0,829.546,775.822,697.199
2,1000,5,100003,0,1549.95,1554.81,1595.83
2,1000,7,53,0,0.8832,1.2303,1.2246
2,1000,7,89,0,2.1925,1.1513,2.0648
2,1000,7,101,0,1.2697,2.3987,2.4896
2,1000,7,503,0,13.3909,11.0707,11.3881
2,1000,7,1009,0,22.7285,23.7648,26.269
2,1000,7,10007,0,217.94,203.192,212.184
2,1000,7,50021,0,999.026,1037.16,1050.22
2,1000,7,100003,0,2044.67,1992.63,2141.74
2,1000,9,53,0,1.4045,1.5787,1.5809
2,1000,9,89,0,4.1382,1.3624,2.7842
2,1000,9,101,0,3.217,3.6297,3.2979
2,1000,9,503,0,17.4027,14.4444,15.067
2,1000,9,1009,0,24.6922,25.9877,23.2771
2,1000,9,10007,0,288.318,279.425,282.191
2,1000,9,50021,0,1293.62,1341.02,1286.91
2,1000,9,100003,0,2559.51,2517.02,2548.11
4,1000,0,53,0,0.6412,0.9338,0.7713
4,1000,0,89,0,0.6829,0.6706,0.8933
4,1000,0,101,0,0.7863,0.7843,0.9538
4,1000,0,503,0,3.2423,5.3952,3.4224
4,1000,0,1009,0,6.0825,6.2611,6.6238
4,1000,0,10007,0,59.3818,63.1058,65.2513
4,1000,0,50021,0,303.677,314.087,328.975
4,1000,0,100003,0,602.25,633.62,673.985
4,1000,1,53,0,1.2495,0.8405,0.7711
4,1000,1,89,0,1.1465,1.0859,1.1315
4,1000,1,101,0,1.0933,1.2247,1.212
4,1000,1,503,0,4.5588,6.3597,4.6724
4,1000,1,1009,0,11.2887,11.199,8.3266
4,1000,1,10007,0,90.2159,99.8402,93.7409
4,1000,1,50021,0,440.057,461.409,458.864
4,1000,1,100003,0,839.228,908.451,891.841
4,1000,3,53,0,1.0472,1.0107,0.9269
4,1000,3,89,0,1.1998,1.3514,1.8347
4,1000,3,101,0,1.3914,1.4472,1.4291
4,1000,3,503,0,6.6543,9.1952,8.0943
4,1000,3,1009,0,13.3461,13.6893,16.7865
4,1000,3,10007,0,129.661,119.538,145.515
4,1000,3,50021,0,667.403,648.769,596.659
4,1000,3,100003,0,1204.48,1199.13,1189.55
4,1000,5,53,0,1.3676,1.1167,1.1595
4,1000,5,89,0,1.7449,2.0214,1.7684
4,1000,5,101,0,2.1664,2.0637,2.1994
4,1000,5,503,0,10.7567,9.8266,10.1601
4,1000,5,1009,0,19.0914,20.2615,11.154
4,1000,5,10007,0,191.946,183.833,182.051
4,1000,5,50021,0,859.543,890.428,905.722
4,1000,5,100003,0,1915.36,1819.43,1826.86
4,1000,7,53,0,3.9801,3.054,1.6352
4,1000,7,89,0,2.4134,2.3955,2.5285
4,1000,7,101,0,2.7781,2.7012,2.7712
4,1000,7,503,0,14.605,13.1024,12.7606
4,1000,7,1009,0,28.3586,13.5244,25.6465
4,1000,7,10007,0,258.987,240.327,251.9
4,1000,7,50021,0,1208.88,1175.3,1193.57
4,1000,7,100003,0,2279.52,2276.76,2331.1
4,1000,9,53,0,2.1618,2.3633,1.9723
4,1000,9,89,0,2.775,2.8224,1.8647
4,1000,9,101,0,2.2734,1.9161,1.9864
4,1000,9,503,0,13.7912,11.4147,14.4254
4,1000,9,1009,0,32.8398,34.6025,35.9425
4,1000,9,10007,0,318.204,310.875,292.203
4,1000,9,50021,0,1491.12,1433.11,1443.16
4,1000,9,100003,0,2843.59,2940.8,2883.75
8,1000,0,53,0,1.7382,0.9375,1.7927
8,1000,0,89,0,1.9565,1.7114,2.291
8,1000,0,101,0,2.2849,1.9675,2.8294
8,1000,0,503,0,7.5166,7.2607,10.9913
8,1000,0,1009,0,14.4178,14.8306,15.5404
8,1000,0,10007,0,148.806,146.024,173.518
8,1000,0,50021,0,839.441,791.029,864.848
8,1000,0,100003,0,1653.8,1549.78,1685.72
8,1000,1,53,0,2.9412,2.8375,2.9473
8,1000,1,89,0,4.5485,4.088,3.778
8,1000,1,101,0,4.1101,3.4502,2.9997
8,1000,1,503,0,13.0954,12.4081,10.8864
8,1000,1,1009,0,25.6722,24.3257,21.8882
8,1000,1,10007,0,219.17,205.12,190.655
8,1000,1,50021,0,959.011,1013.18,957.069
8,1000,1,100003,0,1897.68,2200.09,2068.4
8,1000,3,53,0,3.0648,3.3726,3.3736
8,1000,3,89,0,4.9178,4.9693,3.4368
8,1000,3,101,0,4.6366,4.3012,3.8613
8,1000,3,503,0,14.5784,14.354,13.5559
8,1000,3,1009,0,25.5295,26.4158,29.4762
8,1000,3,10007,0,245.612,222.413,221.821
8,1000,3,50021,0,1091.45,1099.88,1078.61
8,1000,3,100003,0,2059.3,2185.41,2271.95
8,1000,5,53,0,3.9963,4.0151,3.2329
8,1000,5,89,0,4.6044,4.1609,3.4904
8,1000,5,101,0,4.3467,4.4683,3.9846
8,1000,5,503,0,15.2874,14.509,16.574
8,1000,5,1009,0,32.1103,30.885,29.0099
8,1000,5,10007,0,260.214,238.273,225.934
8,1000,5,50021,0,1159.18,1193.83,1194.8
8,1000,5,100003,0,2286.39,2360.27,2269.62
8,1000,7,53,0,3.4642,3.2803,2.9443
8,1000,7,89,0,3.8026,3.5851,3.4228
8,1000,7,101,0,3.8068,3.989,3.668
8,1000,7,503,0,13.5973,11.1526,11.8549
8,1000,7,1009,0,30.6334,29.8696,30.1119
8,1000,7,10007,0,255.36,270.938,293.498
8,1000,7,50021,0,1346.71,1387.41,1411.34
8,1000,7,100003,0,2692.24,2738.46,2613.25
8,1000,9,53,0,3.4058,3.2843,2.6456
8,1000,9,89,0,4.3236,4.0005,3.6748
8,1000,9,101,0,4.44,5.1171,3.9922
8,1000,9,503,0,13.845,17.7769,20.6359
8,1000,9,1009,0,38.0796,35.3363,37.189
8,1000,9,10007,0,336.608,322.766,322.655
8,1000,9,50021,0,1602.78,1646.07,1676.07
8,1000,9,100003,0,3259.94,3314.67,3191.56
12,1000,0,53,0,3.0201,3.9597,3.4859
12,1000,0,89,0,3.6317,3.0777,6.9518
12,1000,0,101,0,3.6127,3.4572,4.5783
12,1000,0,503,0,15.6952,12.8307,17.2759
12,1000,0,1009,0,28.2724,23.3348,30.1825
12,1000,0,10007,0,282.666,250.547,294.501
12,1000,0,50021,0,1420.96,1381.1,1781.91
12,1000,0,100003,0,3059.51,2802.12,3162.94
12,1000,1,53,0,5.5506,5.9016,4.9395
12,1000,1,89,0,8.5362,6.9088,6.359
12,1000,1,101,0,7.35,7.3402,6.472
12,1000,1,503,0,25.3922,25.5953,21.9514
12,1000,1,1009,0,46.0014,41.4664,37.6931
12,1000,1,10007,0,382.336,370.996,352.922
12,1000,1,50021,0,1754.86,1851.27,1788.03
12,1000,1,100003,0,3315.44,3808.32,3419.6
12,1000,3,53,0,8.2829,5.456,4.7772
12,1000,3,89,0,7.0279,7.4633,5.9963
12,1000,3,101,0,7.9684,9.049,6.6873
12,1000,3,503,0,25.1357,25.2823,26.1286
12,1000,3,1009,0,46.6124,45.0875,43.8061
12,1000,3,10007,0,393.049,395.326,405.881
12,1000,3,50021,0,1832.35,1928.83,1887.6
12,1000,3,100003,0,3412.59,3910.83,3842.02
12,1000,5,53,0,6.413,6.9134,5.1781
12,1000,5,89,0,8.1469,7.8264,5.7795
12,1000,5,101,0,7.8385,8.7444,6.2197
12,1000,5,503,0,26.1415,25.6412,24.3041
12,1000,5,1009,0,45.6323,45.6367,43.3832
12,1000,5,10007,0,384.088,378.126,381.116
12,1000,5,50021,0,1866.47,2022.79,1916.24
12,1000,5,100003,0,3739.45,4391.17,3931.46
12,1000,7,53,0,7.182,6.5185,6.5148
12,1000,7,89,0,8.212,7.3311,8.7261
12,1000,7,101,0,8.4891,8.0736,7.2205
12,1000,7,503,0,25.8554,27.39,25.2903
12,1000,7,1009,0,46.4348,47.648,46.2313
12,1000,7,10007,0,417.848,421.878,396.012
12,1000,7,50021,0,1996.32,2203.89,2217.69
12,1000,7,100003,0,4034.85,4232.78,3962.8
12,1000,9,53,0,5.9479,6.1399,4.4515
12,1000,9,89,0,7.606,7.344,5.7994
12,1000,9,101,0,9.4856,7.4277,6.7917
12,1000,9,503,0,26.2875,26.8567,31.4471
12,1000,9,1009,0,50.2856,54.94,49.3752
12,1000,9,10007,0,466.293,489.458,479.55
12,1000,9,50021,0,2266.99,2169.51,2226.16
12,1000,9,100003,0,4303.2,4547.85,4350.96
16,1000,0,53,0,5.5666,4.7021,7.2372
16,1000,0,89,0,7.0215,5.232,6.8996
16,1000,0,101,0,8.3255,5.396,10.0737
16,1000,0,503,0,23.7089,21.0142,24.5005
16,1000,0,1009,0,47.6855,36.9468,46.0211
16,1000,0,10007,0,445.334,362.919,500.159
16,1000,0,50021,0,2161.55,2095.28,2715.57
16,1000,0,100003,0,4708.36,4426.34,5398.04
16,1000,1,53,0,9.3809,12.905,7.441
16,1000,1,89,0,10.9412,12.2971,16.9077
16,1000,1,101,0,13.0201,15.7431,10.257
16,1000,1,503,0,43.7328,42.665,40.4977
16,1000,1,1009,0,80.4824,74.1071,63.0174
16,1000,1,10007,0,609.182,590.418,577.91
16,1000,1,50021,0,2529.4,2983.55,2653.19
16,1000,1,100003,0,4850.72,6047.67,5569.38
16,1000,3,53,0,10.682,12.1448,7.4343
16,1000,3,89,0,12.5126,12.5151,14.303
16,1000,3,101,0,13.9366,14.4548,15.8259
16,1000,3,503,0,39.7048,38.5765,38.5716
16,1000,3,1009,0,74.9004,71.3344,64.9529
16,1000,3,10007,0,571.524,599.457,635.626
16,1000,3,50021,0,2683.37,3059.68,2830.37
16,1000,3,100003,0,5099.01,6458.36,5772.15
16,1000,5,53,0,10.8182,10.719,7.4855
16,1000,5,89,0,12.6312,15.0805,9.2168
16,1000,5,101,0,13.3888,15.0876,10.063
16,1000,5,503,0,39.3335,40.3635,39.5433
16,1000,5,1009,0,75.3732,82.258,72.2541
16,1000,5,10007,0,629.833,614.456,668.085
16,1000,5,50021,0,3013.24,3254.91,3126.14
16,1000,5,100003,0,5596.79,6584.04,6006.88
16,1000,7,53,0,10.5975,10.3395,9.6699
16,1000,7,89,0,13.4352,14.7008,10.0952
16,1000,7,101,0,13.6301,15.5154,10.5728
16,1000,7,503,0,41.6894,45.011,38.1372
16,1000,7,1009,0,80.0451,78.663,81.5631
16,1000,7,10007,0,655.225,696.326,689.013
16,1000,7,50021,0,3048.29,3374.75,3147.17
16,1000,7,100003,0,6027.88,6942.08,6424.21
16,1000,9,53,0,11.1243,10.3779,6.8575
16,1000,9,89,0,14.5777,11.841,9.1633
16,1000,9,101,0,12.2465,13.7783,9.6154
16,1000,9,503,0,40.6528,42.0041,40.0799
16,1000,9,1009,0,78.6315,83.4118,70.0102
16,1000,9,10007,0,678.471,715.946,699.466
16,1000,9,50021,0,3280.77,3524,3168.28
16,1000,9,100003,0,6453.69,6830.14,6543.53
20,1000,0,53,0,4.8239,5.8277,9.893
20,1000,0,89,0,10.9409,9.1844,10.0675
20,1000,0,101,0,12.2272,9.0479,10.1477
20,1000,0,503,0,39.4433,28.2869,36.924
20,1000,0,1009,0,68.2366,52.9672,63.672
20,1000,0,10007,0,580.24,535.06,664.766
20,1000,0,50021,0,2831.11,2866.28,3093.64
20,1000,0,100003,0,5869.39,6151.53,6336.82
20,1000,1,53,0,14.2049,12.9783,9.1294
20,1000,1,89,0,14.5137,15.8788,11.2444
20,1000,1,101,0,15.992,18.2024,12.9944
20,1000,1,503,0,51.8431,45.9691,40.2194
20,1000,1,1009,0,95.077,84.0789,101.574
20,1000,1,10007,0,719.871,711.652,676.796
20,1000,1,50021,0,2950.61,3677.59,3397.73
20,1000,1,100003,0,5584.08,7323.36,6643.7
20,1000,3,53,0,17.8694,13.2248,15.702
20,1000,3,89,0,17.8064,19.1459,19.7274
20,1000,3,101,0,18.4231,22.5508,13.431
20,1000,3,503,0,51.3941,48.0922,43.1176
20,1000,3,1009,0,87.3552,91.2511,64.954
20,1000,3,10007,0,630.653,745.022,715.936
20,1000,3,50021,0,2982.15,3734.58,3463.1
20,1000,3,100003,0,6057.25,7559.91,7321.22
20,1000,5,53,0,11.7162,11.0494,7.4615
20,1000,5,89,0,14.7718,13.1207,10.4204
20,1000,5,101,0,16.1055,14.4324,13.5552
20,1000,5,503,0,40.9897,41.9485,40.2955
20,1000,5,1009,0,79.0236,82.583,75.5599
20,1000,5,10007,0,705.104,782.472,775.02
20,1000,5,50021,0,3266.37,4060.1,3776.78
20,1000,5,100003,0,6282.62,8024.66,7392.51
20,1000,7,53,0,13.8268,13.2983,8.9876
20,1000,7,89,0,16.575,15.9119,110.025
20,1000,7,101,0,17.8696,20.3694,16.316
20,1000,7,503,0,50.661,47.1459,44.937
20,1000,7,1009,0,94.0666,94.1506,86.6213
20,1000,7,10007,0,768.711,831.659,760.46
20,1000,7,50021,0,3465.5,4144.89,3821.33
20,1000,7,100003,0,7062.12,8234.68,7611.49
20,1000,9,53,0,11.32,14.1524,8.86
20,1000,9,89,0,17.2734,15.1089,19.1685
20,1000,9,101,0,16.2747,17.385,15.8979
20,1000,9,503,0,48.4013,49.683,48.5264
20,1000,9,1009,0,97.3109,106.146,85.6595
20,1000,9,10007,0,797.501,884.801,820.163
20,1000,9,50021,0,3800.09,4333.44,3893.96
20,1000,9,100003,0,7407.25,8469.22,7787.07
1,1000,0,53,0,0.6984,0.852,0.8274
1,1000,0,89,0,0.8749,0.7703,0.6146
1,1000,0,101,0,0.3762,0.6961,0.5136
1,1000,0,503,0,1.1722,1.1081,1.4347
1,1000,0,1009,0,2.143,3.3115,3.2104
1,1000,0,10007,0,21.965,19.9842,20.3258
1,1000,0,50021,0,96.5844,87.8144,84.8144
1,1000,0,100003,0,161.465,160.23,161.006
1,1000,1,53,0,0.3082,0.2785,0.2153
1,1000,1,89,0,0.3417,0.3255,0.3099
1,1000,1,101,0,0.3442,0.3558,0.3384
1,1000,1,503,0,1.9088,1.9535,1.4925
1,1000,1,1009,0,2.9691,2.9622,2.9221
1,1000,1,10007,0,30.3951,31.2613,32.0254
1,1000,1,50021,0,157.829,160.565,168.188
1,1000,1,100003,0,317.826,311.322,327.821
1,1000,3,53,0,0.4581,0.3643,0.3493
1,1000,3,89,0,0.5925,0.6112,0.5989
1,1000,3,101,0,0.7348,0.762,0.7157
1,1000,3,503,0,3.1387,2.7469,2.7485
1,1000,3,1009,0,5.4881,9.4815,5.4097
1,1000,3,10007,0,63.6357,64.3436,63.669
1,1000,3,50021,0,323.245,322.951,318.216
1,1000,3,100003,0,657.111,642.601,628.568
1,1000,5,53,0,0.6924,0.5524,0.5296
1,1000,5,89,0,0.9244,0.8644,0.8512
1,1000,5,101,0,1.051,0.9593,0.901
1,1000,5,503,0,4.0534,4.1342,4.1255
1,1000,5,1009,0,11.6607,9.2263,8.0949
1,1000,5,10007,0,97.0011,92.9573,92.4057
1,1000,5,50021,0,466.812,476.97,463.661
1,1000,5,100003,0,950.994,911.064,911.844
1,1000,7,53,0,0.8083,0.6946,0.6791
1,1000,7,89,0,1.0831,1.0611,1.0581
1,1000,7,101,0,1.2282,1.2104,1.1824
1,1000,7,503,0,6.119,5.9371,6.2131
1,1000,7,1009,0,10.7665,13.371,11.4749
1,1000,7,10007,0,119.904,121.47,121.329
1,1000,7,50021,0,616.891,632.417,638.672
1,1000,7,100003,0,1290.02,1279.63,1252.51
1,1000,9,53,0,0.9955,1.0147,0.9707
1,1000,9,89,0,1.25,1.2551,1.3492
1,1000,9,101,0,1.4135,1.4232,1.4494
1,1000,9,503,0,7.1549,6.7297,9.782
1,1000,9,1009,0,13.9221,14.8421,16.0142
1,1000,9,10007,0,162.641,157.91,158.293
1,1000,9,50021,0,778.1,797.938,782.203
1,1000,9,100003,0,1581.84,1535.08,1498.13
2,1000,0,53,0,0.386,0.3746,0.4626
2,1000,0,89,0,0.4843,0.4131,0.6327
2,1000,0,101,0,0.3683,0.435,0.5307
2,1000,0,503,0,1.4272,1.5336,1.7304
2,1000,0,1009,0,3.4542,2.971,3.4097
2,1000,0,10007,0,32.0417,33.4837,33.7499
2,1000,0,50021,0,158.828,154.802,159.278
2,1000,0,100003,0,316.04,319.129,325.047
2,1000,1,53,0,0.589,0.434,0.4864
2,1000,1,89,0,0.6051,0.5808,0.7049
2,1000,1,101,0,0.6556,0.6716,0.757
2,1000,1,503,0,2.8025,2.8845,3.0267
2,1000,1,1009,0,6.0014,8.0236,6.0176
2,1000,1,10007,0,46.9441,58.6433,54.6536
2,1000,1,50021,0,262.208,249.208,260.912
2,1000,1,100003,0,528.007,527.389,517.582
2,1000,3,53,0,0.8701,0.6857,0.6276
2,1000,3,89,0,1.0814,0.6357,1.1279
2,1000,3,101,0,1.1297,0.6519,0.705
2,1000,3,503,0,6.7261,8.0439,4.1291
2,1000,3,1009,0,11.5682,11.0313,12.8984
2,1000,3,10007,0,96.845,120.29,79.3645
2,1000,3,50021,0,542.731,503.594,518.112
2,1000,3,100003,0,1070.6,993.161,1019.6
2,1000,5,53,0,1.0575,0.93,1.4054
2,1000,5,89,0,0.8272,0.8937,1.5144
2,1000,5,101,0,1.7669,1.7755,1.7932
2,1000,5,503,0,8.5764,8.6413,7.9866
2,1000,5,1009,0,15.3907,18.7506,17.4308
2,1000,5,10007,0,152.198,153.814,152.826
2,1000,5,50021,0,714.787,780.972,773.465
2,1000,5,100003,0,1549.77,1526.93,1572.62
2,1000,7,53,0,1.0158,1.4846,0.772
2,1000,7,89,0,2.1995,1.1659,1.2481
2,1000,7,101,0,1.283,2.5332,1.379
2,1000,7,503,0,11.4199,13.7577,12.2373
2,1000,7,1009,0,22.9675,24.2019,18.282
2,1000,7,10007,0,207.182,209.164,188.309
2,1000,7,50021,0,1004.29,1042.09,1005.21
2,1000,7,100003,0,1986.06,2057.33,1985.1
2,1000,9,53,0,1.6732,1.0325,1.4235
2,1000,9,89,0,1.3406,1.2748,2.4062
2,1000,9,101,0,2.8024,3.0871,2.8528
2,1000,9,503,0,14.9464,15.2897,16.2138
2,1000,9,1009,0,28.7836,30.8128,24.161
2,1000,9,10007,0,241.351,274.445,268.828
2,1000,9,50021,0,1229.23,1261.58,1258.89
2,1000,9,100003,0,2568.17,2552.92,2585.14
4,1000,0,53,0,1.0609,0.8481,1.7903
4,1000,0,89,0,1.1278,0.8387,0.8831
4,1000,0,101,0,0.8851,0.9138,1.0722
4,1000,0,503,0,3.1744,3.5904,4.1667
4,1000,0,1009,0,6.1704,7.5544,6.7804
4,1000,0,10007,0,58.8046,62.757,67.186
4,1000,0,50021,0,304.818,322.909,327.892
4,1000,0,100003,0,601.517,642.153,659.278
4,1000,1,53,0,1.1776,0.8746,0.764
4,1000,1,89,0,1.0237,1.1321,1.0513
4,1000,1,101,0,1.1209,1.4573,1.7713
4,1000,1,503,0,4.4132,5.5211,6.7688
4,1000,1,1009,0,8.8353,9.7865,9.5254
4,1000,1,10007,0,84.0485,97.7495,90.9393
4,1000,1,50021,0,419.506,437.364,431.623
4,1000,1,100003,0,837.197,862.321,855.798
4,1000,3,53,0,1.0648,1.0658,0.9021
4,1000,3,89,0,1.2299,1.2844,1.1911
4,1000,3,101,0,1.3985,1.6909,2.0233
4,1000,3,503,0,7.0468,7.1632,8.4773
4,1000,3,1009,0,12.6227,12.1138,14.7553
4,1000,3,10007,0,131.093,134.732,132.768
4,1000,3,50021,0,660.47,686.755,651.136
4,1000,3,100003,0,1211.81,1242.77,1261.19
4,1000,5,53,0,1.5023,1.1252,1.255
4,1000,5,89,0,2.8947,4.4824,1.8736
4,1000,5,101,0,2.0926,2.061,2.1463
4,1000,5,503,0,9.7505,10.302,11.6394
4,1000,5,1009,0,19.6269,23.1065,19.9408
4,1000,5,10007,0,184.967,200.479,191.341
4,1000,5,50021,0,896.803,904.284,874.808
4,1000,5,100003,0,1686.58,1700.28,1704.24
4,1000,7,53,0,1.8244,1.3592,1.4201
4,1000,7,89,0,2.3028,2.2577,2.2352
4,1000,7,101,0,2.5512,2.5835,2.6155
4,1000,7,503,0,12.5989,13.871,7.0515
4,1000,7,1009,0,23.9861,25.8363,28.2284
4,1000,7,10007,0,251.198,236.263,247.797
4,1000,7,50021,0,1183.77,1215.28,1181.69
4,1000,7,100003,0,2295.9,2285.08,2273.9
4,1000,9,53,0,2.7445,1.7129,1.6903
4,1000,9,89,0,2.7183,2.9138,3.108
4,1000,9,101,0,2.9807,1.6629,1.6942
4,1000,9,503,0,12.699,7.9304,13.9804
4,1000,9,1009,0,31.0163,32.2171,33.1473
4,1000,9,10007,0,307.442,259.594,296.309
4,1000,9,50021,0,1431.01,1378.13,1423.27
4,1000,9,100003,0,2916.85,2860.67,2850.72
8,1000,0,53,0,2.7721,1.6748,1.5073
8,1000,0,89,0,1.9722,1.8825,1.9763
8,1000,0,101,0,3.2924,2.1638,2.1806
8,1000,0,503,0,7.122,6.4653,7.3725
8,1000,0,1009,0,14.2725,14.8776,15.1521
8,1000,0,10007,0,137.638,139.767,161.089
8,1000,0,50021,0,778.825,811.409,850.801
8,1000,0,100003,0,1643.23,1643.59,1936.59
8,1000,1,53,0,2.9149,2.8018,2.6197
8,1000,1,89,0,3.9279,3.8797,3.2431
8,1000,1,101,0,3.8027,4.1228,11.9812
8,1000,1,503,0,13.9944,13.9313,14.2222
8,1000,1,1009,0,25.9683,28.6115,23.7718
8,1000,1,10007,0,230.301,232.338,216.651
8,1000,1,50021,0,1019.22,1055.64,920.658
8,1000,1,100003,0,1866.21,1965.67,1898.85
8,1000,3,53,0,2.935,3.2718,3.4217
8,1000,3,89,0,3.933,3.6459,2.9492
8,1000,3,101,0,4.1776,3.6797,3.544
8,1000,3,503,0,13.8392,13.8333,13.6289
8,1000,3,1009,0,26.9081,27.4643,23.928
8,1000,3,10007,0,216.564,235.585,219.143
8,1000,3,50021,0,1127.64,1094.23,1089.88
8,1000,3,100003,0,2096.09,2217.61,2131.7
8,1000,5,53,0,3.6368,3.7894,3.2441
8,1000,5,89,0,4.0892,3.9102,3.6357
8,1000,5,101,0,4.1272,4.1877,3.6187
8,1000,5,503,0,14.1043,13.9251,14.755
8,1000,5,1009,0,28.2123,26.9118,24.8912
8,1000,5,10007,0,227.774,246.155,231.632
8,1000,5,50021,0,1132.27,1142.96,1138.53
8,1000,5,100003,0,2287.82,2362.16,2326.22
8,1000,7,53,0,3.301,3.6193,3.7509
8,1000,7,89,0,4.401,4.264,3.6293
8,1000,7,101,0,5.1477,4.4047,3.9714
8,1000,7,503,0,16.2519,17.1905,16.7949
8,1000,7,1009,0,28.5173,31.3873,32.0963
8,1000,7,10007,0,282.212,287.488,277.353
8,1000,7,50021,0,1334.94,1355.81,1287.04
8,1000,7,100003,0,2668.39,2811.57,2729.66
8,1000,9,53,0,4.0675,4.6917,3.2098
8,1000,9,89,0,4.4578,4.0634,3.685
8,1000,9,101,0,4.2181,4.1468,5.8373
8,1000,9,503,0,16.7111,18.7194,18.6726
8,1000,9,1009,0,36.0646,36.6168,25.4881
8,1000,9,10007,0,323.07,351.302,334.426
8,1000,9,50021,0,1592.86,1623.77,1610.2
8,1000,9,100003,0,3202.15,3369.04,3332.39
12,1000,0,53,0,4.8284,3.3851,3.5206
12,1000,0,89,0,4.1585,4.4331,7.652
12,1000,0,101,0,4.7204,4.5393,5.4594
12,1000,0,503,0,18.8227,13.8346,16.5659
12,1000,0,1009,0,32.1194,25.5138,30.1605
12,1000,0,10007,0,282.327,257.865,296.599
12,1000,0,50021,0,1488.5,1343.65,1517.78
12,1000,0,100003,0,2947.73,2901.61,3446.85
12,1000,1,53,0,5.811,6.8411,4.6504
12,1000,1,89,0,8.1237,7.4785,5.3968
12,1000,1,101,0,6.5423,8.8974,5.7457
12,1000,1,503,0,24.7287,20.4442,16.4001
12,1000,1,1009,0,37.8032,40.7679,32.3076
12,1000,1,10007,0,361.124,379.322,353.844
12,1000,1,50021,0,1700.76,1820.59,1654.49
12,1000,1,100003,0,3325.64,3804.08,3448.08
12,1000,3,53,0,5.5233,5.4808,4.0479
12,1000,3,89,0,7.2129,7.2872,5.6956
12,1000,3,101,0,8.2498,7.6668,6.605
12,1000,3,503,0,25.4495,25.8849,24.0704
12,1000,3,1009,0,46.4402,46.2069,43.1361
12,1000,3,10007,0,384.008,370.298,383.625
12,1000,3,50021,0,1743.97,1874.37,1918.88
12,1000,3,100003,0,3536.15,3919.44,3645.25
12,1000,5,53,0,5.7499,5.6873,5.0706
12,1000,5,89,0,7.8817,7.276,8.916
12,1000,5,101,0,7.7839,7.6432,6.8551
12,1000,5,503,0,24.7205,24.8358,23.1786
12,1000,5,1009,0,46.1692,45.5398,45.4917
12,1000,5,10007,0,396.394,410.069,395.037
12,1000,5,50021,0,1964.51,2252.11,2133.91
12,1000,5,100003,0,3674.38,4016.47,4173.3
12,1000,7,53,0,5.8819,6.4217,4.4326
12,1000,7,89,0,8.0254,7.5314,8.8975
12,1000,7,101,0,7.683,7.4004,6.1076
12,1000,7,503,0,25.6909,25.7616,26.8781
12,1000,7,1009,0,48.6082,49.1036,48.7595
12,1000,7,10007,0,421.762,445.462,433.113
12,1000,7,50021,0,2162.61,2156.85,2010.68
12,1000,7,100003,0,4000.42,4375.74,4092.32
12,1000,9,53,0,6.5504,6.7042,4.9137
12,1000,9,89,0,7.5533,7.3241,6.5248
12,1000,9,101,0,8.122,8.9966,7.698
12,1000,9,503,0,28.8896,26.5225,27.773
12,1000,9,1009,0,50.1996,50.0172,49.6232
12,1000,9,10007,0,436.683,401.589,440.289
12,1000,9,50021,0,2150.06,2252.04,2224.29
12,1000,9,100003,0,4312.99,4341.06,4398.87
16,1000,0,53,0,6.3685,4.8229,8.9259
16,1000,0,89,0,6.5957,6.3609,12.2206
16,1000,0,101,0,9.2311,8.1349,7.9168
16,1000,0,503,0,28.2944,21.2912,26.1357
16,1000,0,1009,0,53.009,38.5582,54.557
16,1000,0,10007,0,462.418,365.624,554.884
16,1000,0,50021,0,2455.45,2219.59,2497.19
16,1000,0,100003,0,4218.42,4619.39,5489.25
16,1000,1,53,0,8.0869,9.5214,6.5465
16,1000,1,89,0,10.7715,11.4655,8.0512
16,1000,1,101,0,12.1522,12.0598,8.7404
16,1000,1,503,0,37.9462,36.7437,31.9046
16,1000,1,1009,0,69.8037,65.8659,61.3337
16,1000,1,10007,0,580.998,587.725,556.839
16,1000,1,50021,0,2503.15,2898.29,2867.25
16,1000,1,100003,0,4700.67,5969.32,5518.99
16,1000,3,53,0,9.3116,12.0849,6.4827
16,1000,3,89,0,11.7143,12.2681,12.4991
16,1000,3,101,0,12.3389,11.3163,8.6753
16,1000,3,503,0,37.0149,36.2543,31.9323
16,1000,3,1009,0,66.0443,67.2021,66.3482
16,1000,3,10007,0,555.439,600.792,601.231
16,1000,3,50021,0,2625.99,2971.77,3181.2
16,1000,3,100003,0,5349.06,6206.17,6136
16,1000,5,53,0,9.9984,10.9278,13.5182
16,1000,5,89,0,13.2003,12.4701,10.8857
16,1000,5,101,0,14.775,13.4509,9.7477
16,1000,5,503,0,41.7217,44.5708,39.3104
16,1000,5,1009,0,78.6066,77.3181,67.644
16,1000,5,10007,0,624.389,654.275,631.742
16,1000,5,50021,0,2750.66,3212.36,3138.26
16,1000,5,100003,0,5585.24,6480.58,6135.9
16,1000,7,53,0,11.0359,10.9952,7.6945
16,1000,7,89,0,14.3671,12.9389,9.9369
16,1000,7,101,0,14.9451,14.1151,10.5183
16,1000,7,503,0,43.6517,43.7042,38.6762
16,1000,7,1009,0,79.2818,77.7544,70.9625
16,1000,7,10007,0,621.211,624.856,598.852
16,1000,7,50021,0,3011.46,3394.35,3503.13
16,1000,7,100003,0,5899.23,6809.28,6514.46
16,1000,9,53,0,12.0803,11.0357,7.8308
16,1000,9,89,0,12.9652,12.0156,12.2382
16,1000,9,101,0,13.7846,13.0821,9.9661
16,1000,9,503,0,43.0339,43.4351,36.3142
16,1000,9,1009,0,75.8673,81.7419,75.1278
16,1000,9,10007,0,664.842,710.131,693.272
16,1000,9,50021,0,3245.97,3523.52,3298.13
16,1000,9,100003,0,6291.21,6902.3,6475.82
20,1000,0,53,0,5.5385,10.1025,8.0342
20,1000,0,89,0,12.3395,10.5608,9.6312
20,1000,0,101,0,13.362,11.1421,10.9286
20,1000,0,503,0,39.8379,29.7956,32.9221
20,1000,0,1009,0,70.3217,55.3538,71.0684
20,1000,0,10007,0,569.158,536.941,650.071
20,1000,0,50021,0,3026.38,3111.44,3151.97
20,1000,0,100003,0,5583.8,6005.52,6369.21
20,1000,1,53,0,13.7434,13.7792,8.7885
20,1000,1,89,0,15.7177,19.061,10.7842
20,1000,1,101,0,20.4704,18.9087,13.3433
20,1000,1,503,0,54.7531,50.7839,45.7308
20,1000,1,1009,0,98.9519,88.7864,88.4953
20,1000,1,10007,0,717.291,679.978,612.618
20,1000,1,50021,0,2955.91,3560.7,3336.54
20,1000,1,100003,0,5485.57,7262.12,6413.78
20,1000,3,53,0,14.4125,13.7114,14.1
20,1000,3,89,0,17.7025,20.789,12.3869
20,1000,3,101,0,22.0704,18.8953,12.8045
20,1000,3,503,0,49.6445,45.9049,39.9066
20,1000,3,1009,0,89.0306,85.9246,75.2878
20,1000,3,10007,0,686.474,746.876,771.11
20,1000,3,50021,0,3010.89,3745.86,3495.48
20,1000,3,100003,0,5808.93,7634.78,7106.97
20,1000,5,53,0,14.9983,14.3815,11.8637
20,1000,5,89,0,16.0254,18.6033,12.2201
20,1000,5,101,0,20.1798,19.3119,13.8647
20,1000,5,503,0,53.3553,48.7247,40.9012
20,1000,5,1009,0,93.9253,97.0027,82.3422
20,1000,5,10007,0,717.712,780.799,774.466
20,1000,5,50021,0,3225.75,3955.26,3725.13
20,1000,5,100003,0,6381.37,7709.99,7551.1
20,1000,7,53,0,14.0207,12.1671,7.9437
20,1000,7,89,0,16.6219,17.1255,10.9895
20,1000,7,101,0,17.7878,16.5517,17.8542
20,1000,7,503,0,47.3178,49.6323,43.9426
20,1000,7,1009,0,89.5306,90.0938,87.9869
20,1000,7,10007,0,718.205,838.621,813.506
20,1000,7,50021,0,3545.24,4034.01,3762.23
20,1000,7,100003,0,6997.2,8202.03,7664.35
20,1000,9,53,0,13.1316,16.1803,8.4264
20,1000,9,89,0,17.6134,14.6833,17.7087
20,1000,9,101,0,16.9413,17.6814,12.8255
20,1000,9,503,0,50.126,51.7078,45.0875
20,1000,9,1009,0,97.2913,97.2197,85.188
20,1000,9,10007,0,784.369,881.28,1374.16
20,1000,9,50021,0,3837.2,4271.25,3904.64
20,1000,9,100003,0,7280.12,8415.67,7741.09
1,1000,0,53,0,1.2301,0.8619,0.6678
1,1000,0,89,0,0.4707,0.5263,0.7092
1,1000,0,101,0,0.4551,0.6158,0.4687
1,1000,0,503,0,1.6602,1.8904,1.5118
1,1000,0,1009,0,2.85,3.3566,4.2358
1,1000,0,10007,0,24.8736,28.2671,22.2154
1,1000,0,50021,0,121.159,108.744,105.571
1,1000,0,100003,0,185.682,198.718,193.785
1,1000,1,53,0,0.656,0.6303,0.496
1,1000,1,89,0,0.5927,0.572,0.5767
1,1000,1,101,0,0.5898,0.5836,0.609
1,1000,1,503,0,2.3375,2.3564,2.3418
1,1000,1,1009,0,4.9947,5.2859,4.6822
1,1000,1,10007,0,41.5086,42.83,33.9907
1,1000,1,50021,0,190.702,204.565,169.241
1,1000,1,100003,0,363.963,367.719,335.879
1,1000,3,53,0,0.4712,0.4565,0.3898
1,1000,3,89,0,0.6155,0.5763,0.5743
1,1000,3,101,0,0.6539,0.7156,0.6553
1,1000,3,503,0,3.7566,6.0392,2.8966
1,1000,3,1009,0,5.9865,5.812,6.0044
1,1000,3,10007,0,65.5083,63.0847,64.1906
1,1000,3,50021,0,319.989,316.476,319.581
1,1000,3,100003,0,645.156,648.695,641.31
1,1000,5,53,0,0.9445,0.6091,0.5785
1,1000,5,89,0,0.9166,0.8242,0.8033
1,1000,5,101,0,0.9311,1.0286,0.9067
1,1000,5,503,0,7.5059,4.5716,4.7068
1,1000,5,1009,0,9.5488,10.0167,11.0814
1,1000,5,10007,0,98.8394,96.4279,98.0759
1,1000,5,50021,0,494.468,472.742,455.161
1,1000,5,100003,0,912.679,922.891,912.635
1,1000,7,53,0,0.8032,0.6806,0.6654
1,1000,7,89,0,1.0882,1.0851,1.0541
1,1000,7,101,0,1.2146,1.2497,2.9851
1,1000,7,503,0,6.0846,6.347,6.5881
1,1000,7,1009,0,13.5625,11.2819,11.5153
1,1000,7,10007,0,126.662,124.796,126.048
1,1000,7,50021,0,629.265,635.344,642.178
1,1000,7,100003,0,1280.7,1269.87,1254.92
1,1000,9,53,0,0.9946,0.8134,0.8081
1,1000,9,89,0,1.6453,1.3035,1.2653
1,1000,9,101,0,1.7286,1.4192,1.4559
1,1000,9,503,0,7.5434,9.663,6.7576
1,1000,9,1009,0,14.2903,16.8617,15.0232
1,1000,9,10007,0,155.2,156.82,155.763
1,1000,9,50021,0,774.025,770.456,760.231
1,1000,9,100003,0,1536.81,1568.75,1568.76
2,1000,0,53,0,0.3514,0.4702,0.3414
2,1000,0,89,0,0.6767,0.7142,0.4738
2,1000,0,101,0,0.4021,0.3793,0.4368
2,1000,0,503,0,1.5778,2.4291,4.1392
2,1000,0,1009,0,2.7847,2.9853,3.2064
2,1000,0,10007,0,33.1245,31.8452,35.7017
2,1000,0,50021,0,159.432,160.984,162.574
2,1000,0,100003,0,315.127,337.451,339.964
2,1000,1,53,0,0.5368,0.4106,0.4935
2,1000,1,89,0,0.6386,0.6315,0.7291
2,1000,1,101,0,0.6266,0.5569,0.5898
2,1000,1,503,0,3.1443,3.2581,2.9937
2,1000,1,1009,0,6.373,5.4651,5.968
2,1000,1,10007,0,56.3552,50.2641,61.1424
2,1000,1,50021,0,236.182,246.941,262.483
2,1000,1,100003,0,520.16,510.517,503.19
2,1000,3,53,0,0.7032,0.3978,0.4078
2,1000,3,89,0,0.5789,0.8668,0.6038
2,1000,3,101,0,1.1196,0.7067,0.8001
2,1000,3,503,0,7.121,6.4009,5.9536
2,1000,3,1009,0,10.6005,9.6792,11.3341
2,1000,3,10007,0,116.309,98.2494,91.2752
2,1000,3,50021,0,498.059,540.645,539.807
2,1000,3,100003,0,1018.01,1031.74,974.672
2,1000,5,53,0,1.2378,1.3598,0.9768
2,1000,5,89,0,1.573,1.6535,1.6601
2,1000,5,101,0,1.7664,1.8881,1.6112
2,1000,5,503,0,8.5439,9.3377,8.9694
2,1000,5,1009,0,15.1337,16.8128,18.831
2,1000,5,10007,0,146.592,145.404,171.579
2,1000,5,50021,0,743.478,811.696,755.031
2,1000,5,100003,0,1515.99,1554.79,1606.96
2,1000,7,53,0,0.8052,1.2614,1.2074
2,1000,7,89,0,1.0985,2.1074,2.1672
2,1000,7,101,0,1.3069,2.527,2.558
2,1000,7,503,0,9.7855,11.7095,13.0605
2,1000,7,1009,0,12.9529,19.6534,22.3929
2,1000,7,10007,0,219.549,223.863,188.055
2,1000,7,50021,0,1059.96,1057.15,1031.67
2,1000,7,100003,0,2144.55,2049.91,2123.93
2,1000,9,53,0,1.9168,1.5508,2.1839
2,1000,9,89,0,2.3179,2.5056,2.7028
2,1000,9,101,0,3.0433,3.0955,3.1223
2,1000,9,503,0,16.6093,11.9041,7.8075
2,1000,9,1009,0,28.4182,31.5181,28.7723
2,1000,9,10007,0,244.176,282.108,271.608
2,1000,9,50021,0,1324.97,1293.15,1269.18
2,1000,9,100003,0,2565.73,2616.11,2500.28
4,1000,0,53,0,0.7465,0.6772,0.7193
4,1000,0,89,0,0.7718,0.6254,1.1209
4,1000,0,101,0,1.3155,2.2139,1.409
4,1000,0,503,0,3.3083,3.5763,3.9236
4,1000,0,1009,0,6.4447,6.6718,6.907
4,1000,0,10007,0,61.7857,64.4907,64.737
4,1000,0,50021,0,300.059,319.614,327.106
4,1000,0,100003,0,614.15,650.976,678.143
4,1000,1,53,0,1.1626,1.0941,1.0627
4,1000,1,89,0,1.4908,1.3425,1.1414
4,1000,1,101,0,1.3173,1.3555,1.2576
4,1000,1,503,0,6.5643,5.7778,4.9525
4,1000,1,1009,0,10.4752,10.3956,13.2526
4,1000,1,10007,0,89.352,104.511,81.1202
4,1000,1,50021,0,425.665,463.923,444.856
4,1000,1,100003,0,842.066,879.031,906.862
4,1000,3,53,0,1.1896,1.4095,1.3975
4,1000,3,89,0,1.3404,1.3168,1.3324
4,1000,3,101,0,1.4429,1.4525,1.4757
4,1000,3,503,0,6.686,6.6948,6.6322
4,1000,3,1009,0,13.3724,13.7999,12.0677
4,1000,3,10007,0,136.727,131.44,111.598
4,1000,3,50021,0,621.929,609.782,626.564
4,1000,3,100003,0,1196.43,1201.52,1134.16
4,1000,5,53,0,1.1996,1.6548,1.5512
4,1000,5,89,0,1.606,1.7318,1.8322
4,1000,5,101,0,1.9593,1.7625,1.4998
4,1000,5,503,0,10.391,8.9476,10.0944
4,1000,5,1009,0,18.3379,20.016,20.6109
4,1000,5,10007,0,190.06,173.835,186.406
4,1000,5,50021,0,887.108,890.673,873.17
4,1000,5,100003,0,1746.62,1838.47,1819.22
4,1000,7,53,0,1.4356,1.4247,1.4527
4,1000,7,89,0,2.2796,3.8948,2.445
4,1000,7,101,0,2.6285,2.7362,2.8976
4,1000,7,503,0,11.7435,12.671,13.8372
4,1000,7,1009,0,15.4799,18.2566,25.6494
4,1000,7,10007,0,239.002,240.318,211.539
4,1000,7,50021,0,1180.67,1124.43,1124.47
4,1000,7,100003,0,2262.49,2264.61,2307.78
4,1000,9,53,0,2.5257,1.8969,1.8097
4,1000,9,89,0,2.5812,2.827,2.9232
4,1000,9,101,0,3.0639,3.1036,3.3644
4,1000,9,503,0,17.1725,17.4694,16.312
4,1000,9,1009,0,34.6365,31.8161,34.8839
4,1000,9,10007,0,312.756,317.876,331.457
4,1000,9,50021,0,1552.14,1553.5,1467.82
4,1000,9,100003,0,2882,2850.44,2939.83
8,1000,0,53,0,1.9245,1.6146,1.4823
8,1000,0,89,0,1.8403,1.6929,1.9048
8,1000,0,101,0,2.1154,2.3573,6.6957
8,1000,0,503,0,6.7878,6.9491,10.0943
8,1000,0,1009,0,13.7711,14.6092,14.5567
8,1000,0,10007,0,143.041,141.15,174.867
8,1000,0,50021,0,883.448,796.461,917.315
8,1000,0,100003,0,1729.25,1568.76,1780.75
8,1000,1,53,0,3.3461,2.8115,3.1058
8,1000,1,89,0,4.3303,4.3354,3.6522
8,1000,1,101,0,4.8705,4.5546,4.2164
8,1000,1,503,0,12.007,13.8105,11.8745
8,1000,1,1009,0,25.3612,25.7604,22.5528
8,1000,1,10007,0,210.22,213.483,188.103
8,1000,1,50021,0,979.763,969.525,933.214
8,1000,1,100003,0,1911.97,2052.39,1920.7
8,1000,3,53,0,4.0445,2.8753,2.6126
8,1000,3,89,0,3.7411,4.096,3.3184
8,1000,3,101,0,4.4272,4.7753,3.4492
8,1000,3,503,0,13.861,14.365,13.591
8,1000,3,1009,0,27.1961,27.9908,23.55
8,1000,3,10007,0,225.464,228.508,230.97
8,1000,3,50021,0,1031.73,1093.59,1008.43
8,1000,3,100003,0,2058.57,2193.76,2100.51
8,1000,5,53,0,3.0564,3.0575,3.7696
8,1000,5,89,0,4.5879,3.9642,4.0823
8,1000,5,101,0,4.1473,3.9009,3.7307
8,1000,5,503,0,14.3567,15.1421,13.2655
8,1000,5,1009,0,27.1989,28.5243,27.2005
8,1000,5,10007,0,244.52,245.352,242.783
8,1000,5,50021,0,1181.84,1217.74,1135.36
8,1000,5,100003,0,2293.87,2313.36,2246.25
8,1000,7,53,0,4.1172,3.5337,3.4796
8,1000,7,89,0,4.3864,3.8465,3.7644
8,1000,7,101,0,4.6749,4.2661,3.8958
8,1000,7,503,0,16.7533,17.5853,16.6762
8,1000,7,1009,0,28.8157,25.2563,29.7846
8,1000,7,10007,0,276.47,266.092,287.43
8,1000,7,50021,0,1328.66,1286.78,1325.43
8,1000,7,100003,0,2870.09,2830.69,2678.4
8,1000,9,53,0,3.9553,3.9218,4.5715
8,1000,9,89,0,4.6941,4.3916,3.9577
8,1000,9,101,0,4.9117,4.6737,4.7596
8,1000,9,503,0,18.9249,18.9591,17.4926
8,1000,9,1009,0,36.2912,33.4084,34.2774
8,1000,9,10007,0,339.611,325.576,335.543
8,1000,9,50021,0,1669.46,1629.91,1717.91
8,1000,9,100003,0,3277.53,3346.03,3225.94
12,1000,0,53,0,4.4546,3.5612,3.0365
12,1000,0,89,0,4.8914,2.6754,4.5632
12,1000,0,101,0,3.9457,4.1525,4.6323
12,1000,0,503,0,14.2244,12.1967,15.3678
12,1000,0,1009,0,30.4288,25.7926,29.1495
12,1000,0,10007,0,265.961,220.096,280.776
12,1000,0,50021,0,1493.86,1416.18,1692.07
12,1000,0,100003,0,2981.22,2895.66,3220.12
12,1000,1,53,0,5.2976,5.1231,4.8377
12,1000,1,89,0,7.6856,7.0034,6.0841
12,1000,1,101,0,7.2751,7.6881,6.0453
12,1000,1,503,0,22.1452,24.4127,20.1295
12,1000,1,1009,0,45.8336,45.9289,39.7424
12,1000,1,10007,0,378.079,374.01,350.121
12,1000,1,50021,0,1646.96,1900.84,1785
12,1000,1,100003,0,3162.87,3834.15,3496.3
12,1000,3,53,0,6.2298,6.4042,5.2803
12,1000,3,89,0,6.917,7.9499,5.8514
12,1000,3,101,0,7.9874,7.378,6.5645
12,1000,3,503,0,24.3704,23.4224,20.5025
12,1000,3,1009,0,43.5095,44.828,42.3094
12,1000,3,10007,0,375.028,385.404,375.881
12,1000,3,50021,0,1864.28,2071.06,1915.9
12,1000,3,100003,0,3460.91,3918.3,3926.29
12,1000,5,53,0,5.8111,6.3395,4.3813
12,1000,5,89,0,8.6286,7.7044,6.7568
12,1000,5,101,0,8.7919,8.0362,6.3676
12,1000,5,503,0,25.8868,27.2571,22.2037
12,1000,5,1009,0,46.7076,47.7373,49.0242
12,1000,5,10007,0,408.907,418.445,428.275
12,1000,5,50021,0,2006.63,2004.57,1969.37
12,1000,5,100003,0,3734.27,4255.91,3926.68
12,1000,7,53,0,7.0847,6.3454,4.9954
12,1000,7,89,0,7.2724,8.5006,6.1308
12,1000,7,101,0,8.6716,8.3279,7.1569
12,1000,7,503,0,27.3481,26.7088,27.8003
12,1000,7,1009,0,49.155,51.4673,50.1577
12,1000,7,10007,0,412.83,433.747,421.281
12,1000,7,50021,0,1927.17,2155.81,2095.44
12,1000,7,100003,0,4152.95,4194.39,4013.71
12,1000,9,53,0,5.7097,7.0563,5.7361
12,1000,9,89,0,7.3608,7.5246,6.3836
12,1000,9,101,0,8.7737,8.6122,7.3725
12,1000,9,503,0,27.5404,26.6563,29.2872
12,1000,9,1009,0,49.008,51.6,55.6312
12,1000,9,10007,0,457.583,491.78,497.285
12,1000,9,50021,0,2257.33,2451.36,2205.94
12,1000,9,100003,0,4293.89,4603.26,4615.96
16,1000,0,53,0,6.4853,5.6575,7.3463
16,1000,0,89,0,8.3348,8.9422,7.3865
16,1000,0,101,0,8.3285,8.3048,10.3072
16,1000,0,503,0,26.0942,21.1999,31.1555
16,1000,0,1009,0,48.4458,37.5758,52.0641
16,1000,0,10007,0,482.311,411.855,503.654
16,1000,0,50021,0,2096.35,2126.49,2683.7
16,1000,0,100003,0,4465.98,4494.48,5361.07
16,1000,1,53,0,9.566,10.5007,6.7273
16,1000,1,89,0,13.3668,12.7209,14.8068
16,1000,1,101,0,13.0947,13.6743,10.254
16,1000,1,503,0,42.3394,39.2634,37.2679
16,1000,1,1009,0,76.3746,67.335,66.3786
16,1000,1,10007,0,607.817,578.499,527.759
16,1000,1,50021,0,2474.36,2861.04,2734
16,1000,1,100003,0,4847.81,6260.32,5444.84
16,1000,3,53,0,11.1377,11.5021,7.0705
16,1000,3,89,0,14.0184,12.9457,10.23
16,1000,3,101,0,15.0171,13.3646,11.0272
16,1000,3,503,0,40.5065,39.763,37.7534
16,1000,3,1009,0,71.7101,68.7362,64.9737
16,1000,3,10007,0,609.973,646.664,634.501
16,1000,3,50021,0,2654.37,3111.07,3001.08
16,1000,3,100003,0,5176.81,6373.06,5838.62
16,1000,5,53,0,11.0142,11.3768,7.4474
16,1000,5,89,0,14.6395,12.9711,9.4325
16,1000,5,101,0,13.5441,15.4608,10.8591
16,1000,5,503,0,44.5145,40.9669,34.4647
16,1000,5,1009,0,74.4983,71.7774,72.5095
16,1000,5,10007,0,607.561,585.788,628.913
16,1000,5,50021,0,2960.08,3074.78,3106.14
16,1000,5,100003,0,5606.04,6637.28,6055.64
16,1000,7,53,0,11.2934,10.8331,12.8671
16,1000,7,89,0,13.1577,14.3771,10.1151
16,1000,7,101,0,13.1667,14.3213,10.453
16,1000,7,503,0,42.8133,40.3383,42.0734
16,1000,7,1009,0,79.1026,76.7937,71.7242
16,1000,7,10007,0,690.965,707.043,722.869
16,1000,7,50021,0,3117.08,3474.86,3135.63
16,1000,7,100003,0,6030.28,6776.36,6401.76
16,1000,9,53,0,9.0119,11.4187,6.9188
16,1000,9,89,0,11.1264,11.0977,13.3526
16,1000,9,101,0,13.0237,11.867,8.8563
16,1000,9,503,0,37.2505,41.5024,36.133
16,1000,9,1009,0,76.0018,73.8157,67.7284
16,1000,9,10007,0,676.555,732.92,670.772
16,1000,9,50021,0,3174.58,3435.91,3206.29
16,1000,9,100003,0,6705.93,6833.64,6870.65
20,1000,0,53,0,13.3127,7.1874,7.3747
20,1000,0,89,0,15.6754,13.6889,12.3706
20,1000,0,101,0,14.0954,14.3398,11.2328
20,1000,0,503,0,45.7348,32.1361,49.2535
20,1000,0,1009,0,67.5477,48.0714,57.2245
20,1000,0,10007,0,590.219,531.577,639.434
20,1000,0,50021,0,2903.77,2859.11,3172.82
20,1000,0,100003,0,5682.78,5894.76,6262.42
20,1000,1,53,0,12.0123,15.1873,12.2215
20,1000,1,89,0,14.9473,18.5048,11.8188
20,1000,1,101,0,18.9836,18.9079,15.9371
20,1000,1,503,0,52.6329,47.6347,43.6491
20,1000,1,1009,0,94.7061,84.9387,86.374
20,1000,1,10007,0,704.019,722.353,661.284
20,1000,1,50021,0,2897.5,3645,3326.26
20,1000,1,100003,0,5609.82,7263.23,6645.08
20,1000,3,53,0,14.1492,17.5943,14.1694
20,1000,3,89,0,18.9654,18.0918,12.7772
20,1000,3,101,0,19.8232,18.7084,22.1477
20,1000,3,503,0,51.4479,49.7212,52.3373
20,1000,3,1009,0,87.2204,91.8547,95.1823
20,1000,3,10007,0,653.027,758.923,703.343
20,1000,3,50021,0,3025.16,3808.68,3566.65
20,1000,3,100003,0,5942.65,7683.64,7039.23
20,1000,5,53,0,12.7306,13.9796,9.9094
20,1000,5,89,0,17.889,16.128,13.5114
20,1000,5,101,0,17.2714,16.8684,14.0085
20,1000,5,503,0,50.7607,46.264,42.493
20,1000,5,1009,0,89.515,91.2586,78.4069
20,1000,5,10007,0,686.049,778.68,771.132
20,1000,5,50021,0,3318.41,3915.32,3784.47
20,1000,5,100003,0,6346,8028.67,7493.72
20,1000,7,53,0,12.0988,15.7285,8.5945
20,1000,7,89,0,16.4409,14.7632,16.0289
20,1000,7,101,0,16.3683,18.3976,13.4166
20,1000,7,503,0,49.508,49.2672,42.1512
20,1000,7,1009,0,77.4547,78.2704,69.8693
20,1000,7,10007,0,737.229,831.103,800.156
20,1000,7,50021,0,3552.89,4181.97,3813.55
20,1000,7,100003,0,6853.43,8187.28,7672.47
20,1000,9,53,0,15.9627,11.2172,8.8408
20,1000,9,89,0,16.844,14.3704,13.1722
20,1000,9,101,0,16.3645,17.2542,12.4923
20,1000,9,503,0,49.74,52.7632,43.0826
20,1000,9,1009,0,93.2774,98.8885,86.3137
20,1000,9,10007,0,777.494,884.553,833.447
20,1000,9,50021,0,3722.05,4239.78,3950.75
20,1000,9,100003,0,7596.3,8449.1,7756.12
1,1000,0,53,0,0.9303,0.799,0.6433
1,1000,0,89,0,0.6415,0.5631,0.6109
1,1000,0,101,0,0.4502,0.4268,0.4637
1,1000,0,503,0,1.3925,1.4319,1.7113
1,1000,0,1009,0,3.5847,4.0926,2.4613
1,1000,0,10007,0,22.1402,24.189,22.8189
1,1000,0,50021,0,97.9497,100.726,100.855
1,1000,0,100003,0,205.154,185.645,164.872
1,1000,1,53,0,0.3395,0.2424,0.2271
1,1000,1,89,0,0.349,0.3263,0.3146
1,1000,1,101,0,0.4799,0.826,0.3855
1,1000,1,503,0,1.524,1.4938,1.4977
1,1000,1,1009,0,2.9891,2.9728,2.9358
1,1000,1,10007,0,31.7377,31.11,32.3433
1,1000,1,50021,0,153.007,151.694,154.335
1,1000,1,100003,0,312.483,305.034,308.529
1,1000,3,53,0,0.4901,0.4498,0.3651
1,1000,3,89,0,0.6516,0.5782,0.5992
1,1000,3,101,0,0.6811,0.6947,0.6902
1,1000,3,503,0,2.8877,4.5898,3.1039
1,1000,3,1009,0,5.5736,6.3504,5.5808
1,1000,3,10007,0,61.9357,61.9399,61.2743
1,1000,3,50021,0,309.147,305.506,303.84
1,1000,3,100003,0,607.399,623.747,625.775
1,1000,5,53,0,0.6142,0.9763,1.0773
1,1000,5,89,0,0.974,0.8179,0.805
1,1000,5,101,0,1.1161,0.9274,0.9126
1,1000,5,503,0,4.3078,4.59,4.3376
1,1000,5,1009,0,9.9986,10.8812,8.8063
1,1000,5,10007,0,94.6558,95.7426,95.3755
1,1000,5,50021,0,479.227,473.84,479.984
1,1000,5,100003,0,971.322,960,933.845
1,1000,7,53,0,0.7452,0.6398,0.6466
1,1000,7,89,0,1.6654,2.5819,1.7707
1,1000,7,101,0,1.1661,1.1779,1.1752
1,1000,7,503,0,5.7826,6.0324,5.7512
1,1000,7,1009,0,14.3098,11.6222,12.3632
1,1000,7,10007,0,128.775,125.465,122.775
1,1000,7,50021,0,617.116,625.481,611.718
1,1000,7,100003,0,1219.34,1228.85,1267.11
1,1000,9,53,0,0.8437,0.8011,0.7951
1,1000,9,89,0,1.3343,4.8515,1.4797
1,1000,9,101,0,1.4995,1.4794,1.471
1,1000,9,503,0,7.2278,6.882,7.9786
1,1000,9,1009,0,14.3042,15.3382,16.5292
1,1000,9,10007,0,157.647,160.421,158.261
1,1000,9,50021,0,800.82,814.86,803.204
1,1000,9,100003,0,1566.8,1549.37,1532.75
2,1000,0,53,0,0.3774,0.2785,0.3137
2,1000,0,89,0,0.3391,0.3456,0.4326
2,1000,0,101,0,0.3573,0.3696,0.4385
2,1000,0,503,0,1.7707,3.9349,1.5804
2,1000,0,1009,0,3.35,3.3701,3.6529
2,1000,0,10007,0,30.753,32.2534,32.6509
2,1000,0,50021,0,158.553,159.129,164.743
2,1000,0,100003,0,318.203,319.527,326.135
2,1000,1,53,0,0.5259,0.4025,0.4621
2,1000,1,89,0,0.5658,0.6272,0.6403
2,1000,1,101,0,0.6156,0.6202,0.7141
2,1000,1,503,0,2.5258,3.4389,4.5489
2,1000,1,1009,0,3.3896,5.6458,5.5165
2,1000,1,10007,0,54.7942,57.6989,60.0629
2,1000,1,50021,0,256.847,270.49,276.111
2,1000,1,100003,0,509.027,527.309,516.798
2,1000,3,53,0,0.7698,0.6983,0.6574
2,1000,3,89,0,1.7157,1.1378,0.761
2,1000,3,101,0,0.9751,1.1483,1.3252
2,1000,3,503,0,5.6947,5.6411,5.8806
2,1000,3,1009,0,9.9183,10.4252,12.2345
2,1000,3,10007,0,74.6688,118.359,87.0069
2,1000,3,50021,0,564.752,524.554,528.004
2,1000,3,100003,0,1040.48,1091.87,1083.73
2,1000,5,53,0,1.9974,2.9609,1.5023
2,1000,5,89,0,1.5906,1.7525,1.2484
2,1000,5,101,0,1.7705,0.9696,0.9746
2,1000,5,503,0,9.3398,9.0201,8.2062
2,1000,5,1009,0,15.3304,14.3074,13.7431
2,1000,5,10007,0,164.695,142.562,171.842
2,1000,5,50021,0,792.449,775.105,794.478
2,1000,5,100003,0,1593.27,1524.18,1542.71
2,1000,7,53,0,0.8877,0.8715,0.9346
2,1000,7,89,0,1.0905,1.4229,1.8219
2,1000,7,101,0,3.2195,2.2774,2.5631
2,1000,7,503,0,10.3822,11.6182,11.7714
2,1000,7,1009,0,18.0336,23.0416,23.9109
2,1000,7,10007,0,217.803,201.277,197.225
2,1000,7,50021,0,978.939,1044.1,1027.38
2,1000,7,100003,0,2106.47,2058.19,2045.39
2,1000,9,53,0,2.7227,1.2777,0.9397
2,1000,9,89,0,1.5374,1.385,1.3088
2,1000,9,101,0,1.4573,2.3814,1.6227
2,1000,9,503,0,7.12,10.8691,16.0517
2,1000,9,1009,0,27.5616,29.8947,29.4638
2,1000,9,10007,0,258.079,238.82,259.489
2,1000,9,50021,0,1270.65,1292.97,1283.44
2,1000,9,100003,0,2535.67,2540.8,2531.33
4,1000,0,53,0,0.9977,0.7193,0.7175
4,1000,0,89,0,0.6989,0.6777,0.9604
4,1000,0,101,0,0.7689,0.7497,1.2004
4,1000,0,503,0,4.7418,3.1383,3.5212
4,1000,0,1009,0,6.2571,6.4969,6.6833
4,1000,0,10007,0,60.5407,62.1451,66.1505
4,1000,0,50021,0,298.342,314.16,328.756
4,1000,0,100003,0,610.156,638.945,649.752
4,1000,1,53,0,1.0892,0.9976,0.8444
4,1000,1,89,0,1.2904,1.0194,1.0636
4,1000,1,101,0,1.3446,1.177,1.0899
4,1000,1,503,0,4.2764,5.6972,4.6308
4,1000,1,1009,0,9.6942,10.4352,8.4662
4,1000,1,10007,0,81.8293,91.3773,81.6179
4,1000,1,50021,0,412.03,440.236,417.613
4,1000,1,100003,0,813.952,876.01,847.725
4,1000,3,53,0,1.1519,1.0362,0.8725
4,1000,3,89,0,1.2705,1.2212,1.2584
4,1000,3,101,0,1.3578,1.4144,1.4224
4,1000,3,503,0,6.3112,5.9259,6.2809
4,1000,3,1009,0,13.5538,12.1124,13.727
4,1000,3,10007,0,125.118,122.453,121.118
4,1000,3,50021,0,581.636,587.749,585.891
4,1000,3,100003,0,1179.88,1290,1308.27
4,1000,5,53,0,1.2857,1.1899,1.2675
4,1000,5,89,0,1.9344,1.936,1.731
4,1000,5,101,0,2.1618,2.8892,5.1121
4,1000,5,503,0,9.8501,10.1357,9.6743
4,1000,5,1009,0,19.1202,14.7526,14.2952
4,1000,5,10007,0,192.877,204.461,197.645
4,1000,5,50021,0,932.057,963.818,898.612
4,1000,5,100003,0,1751.87,1687.57,1732.01
4,1000,7,53,0,1.7639,1.4828,1.5796
4,1000,7,89,0,2.4798,2.4149,2.3916
4,1000,7,101,0,2.6189,2.6376,2.6883
4,1000,7,503,0,12.2515,11.6902,13.1871
4,1000,7,1009,0,24.1381,25.9221,25.0018
4,1000,7,10007,0,251.194,234.555,235.59
4,1000,7,50021,0,1181.66,1209.43,1213.34
4,1000,7,100003,0,2360.66,2385.83,2392.95
4,1000,9,53,0,1.9029,2.539,2.4563
4,1000,9,89,0,1.9631,1.5355,1.6343
4,1000,9,101,0,1.7223,1.6981,2.4908
4,1000,9,503,0,7.9917,8.9383,15.8196
4,1000,9,1009,0,30.7375,30.9156,32.2288
4,1000,9,10007,0,295.512,279.886,294.055
4,1000,9,50021,0,1427.19,1471.1,1459.82
4,1000,9,100003,0,2912.89,2959.02,2891.61
8,1000,0,53,0,1.3909,1.7348,5.4108
8,1000,0,89,0,1.8362,1.7839,1.9628
8,1000,0,101,0,2.1587,1.8264,2.677
8,1000,0,503,0,7.4513,7.8725,7.8874
8,1000,0,1009,0,13.6646,13.9244,16.8526
8,1000,0,10007,0,139.554,135.468,159.215
8,1000,0,50021,0,775.996,757.484,851.124
8,1000,0,100003,0,1685.58,1649.28,1759.11
8,1000,1,53,0,4.0377,3.6715,2.7506
8,1000,1,89,0,4.862,4.5012,3.6664
8,1000,1,101,0,5.0636,4.7073,3.8228
8,1000,1,503,0,14.2689,13.3148,14.191
8,1000,1,1009,0,25.4676,23.8905,21.3583
8,1000,1,10007,0,224.695,212.841,199.31
8,1000,1,50021,0,984.424,990.376,971.734
8,1000,1,100003,0,1901.05,2049.12,1867.62
8,1000,3,53,0,2.6845,3.6239,3.0375
8,1000,3,89,0,3.7497,3.77,4.4577
8,1000,3,101,0,4.2839,4.0837,3.2524
8,1000,3,503,0,12.638,12.7029,13.6501
8,1000,3,1009,0,24.3535,24.0152,24.4918
8,1000,3,10007,0,215.396,217.289,206.321
8,1000,3,50021,0,1018.76,1120.15,1120.34
8,1000,3,100003,0,2219.62,2355.94,2163.46
8,1000,5,53,0,2.8739,2.855,2.3592
8,1000,5,89,0,3.9795,4.306,3.9787
8,1000,5,101,0,4.8567,4.4431,4.0074
8,1000,5,503,0,13.5078,14.0837,12.7825
8,1000,5,1009,0,22.6602,25.889,25.254
8,1000,5,10007,0,234.675,230.327,224.393
8,1000,5,50021,0,1129.21,1152.89,1118.83
8,1000,5,100003,0,2249.23,2434.63,2276.78
8,1000,7,53,0,3.3185,3.6655,3.8894
8,1000,7,89,0,3.9923,3.832,6.0356
8,1000,7,101,0,4.0929,3.9661,3.6859
8,1000,7,503,0,11.0047,16.3821,14.8794
8,1000,7,1009,0,32.9473,30.496,30.9123
8,1000,7,10007,0,287.902,284.09,296.086
8,1000,7,50021,0,1429.49,1362.81,1307.13
8,1000,7,100003,0,2643.94,2722.52,2775.17
8,1000,9,53,0,3.4821,3.6689,2.8131
8,1000,9,89,0,4.8295,4.3645,4.0736
8,1000,9,101,0,4.3274,4.6715,4.3407
8,1000,9,503,0,20.2848,20.6194,20.511
8,1000,9,1009,0,41.2569,41.5258,37.3462
8,1000,9,10007,0,350.759,341.517,342.006
8,1000,9,50021,0,1604.74,1646.19,1603.53
8,1000,9,100003,0,3278.15,3252.89,3240.16
12,1000,0,53,0,4.0325,3.1716,3.4753
12,1000,0,89,0,3.7755,4.2014,4.4066
12,1000,0,101,0,4.3118,4.0026,4.6685
12,1000,0,503,0,14.5914,15.1601,15.4002
12,1000,0,1009,0,29.2226,24.3479,29.1705
12,1000,0,10007,0,272.133,245.214,291.05
12,1000,0,50021,0,1398.49,1354.57,1615.05
12,1000,0,100003,0,2815.61,2885.05,3463.85
12,1000,1,53,0,7.4709,6.169,4.5172
12,1000,1,89,0,7.2028,8.2745,9.555
12,1000,1,101,0,7.6116,7.8509,6.3105
12,1000,1,503,0,26.5895,22.7905,21.457
12,1000,1,1009,0,50.3183,52.5502,40.0269
12,1000,1,10007,0,437.112,410.269,352.824
12,1000,1,50021,0,1654.58,1759.18,1723.67
12,1000,1,100003,0,3212.54,3977.99,3576.31
12,1000,3,53,0,7.4814,6.9597,4.4596
12,1000,3,89,0,7.5504,8.5757,6.201
12,1000,3,101,0,8.0734,8.4519,6.6766
12,1000,3,503,0,27.7947,26.004,22.5042
12,1000,3,1009,0,42.6834,45.246,45.805
12,1000,3,10007,0,391.307,384.771,372.935
12,1000,3,50021,0,1692.09,1903.5,1911.82
12,1000,3,100003,0,3599.71,3942.2,3726.85
12,1000,5,53,0,6.0816,6.648,4.9445
12,1000,5,89,0,7.5702,6.8301,6.8146
12,1000,5,101,0,8.0458,7.6501,6.2171
12,1000,5,503,0,25.1784,24.37,25.519
12,1000,5,1009,0,48.4869,46.331,34.649
12,1000,5,10007,0,364.444,382.816,396.568
12,1000,5,50021,0,1955.21,2115.63,1965.08
12,1000,5,100003,0,3695.71,4087.11,3958.42
12,1000,7,53,0,6.5097,7.333,8.4568
12,1000,7,89,0,7.9335,8.2069,12.3693
12,1000,7,101,0,9.3749,9.3371,7.7556
12,1000,7,503,0,31.9334,31.1541,25.8275
12,1000,7,1009,0,54.6003,54.2492,51.5001
12,1000,7,10007,0,471.004,464.918,458.783
12,1000,7,50021,0,2146.8,2312.58,2082.04
12,1000,7,100003,0,3919.14,4443.45,4259.14
12,1000,9,53,0,5.5718,5.6073,4.7012
12,1000,9,89,0,7.8705,6.9877,6.5935
12,1000,9,101,0,9.2996,8.896,6.9693
12,1000,9,503,0,28.306,27.9104,28.1407
12,1000,9,1009,0,51.1768,47.7751,52.7321
12,1000,9,10007,0,453.359,458.31,439.042
12,1000,9,50021,0,2197.71,2142.18,2320.53
12,1000,9,100003,0,4551,4367.97,4431.23
16,1000,0,53,0,5.7306,6.5831,6.0879
16,1000,0,89,0,9.1343,8.2873,7.6246
16,1000,0,101,0,8.6339,7.3593,7.9427
16,1000,0,503,0,29.8211,21.2252,24.4679
16,1000,0,1009,0,50.0649,40.7305,52.0033
16,1000,0,10007,0,457.911,372.508,526.539
16,1000,0,50021,0,2363.09,2146.05,2646.3
16,1000,0,100003,0,4272.64,4550.91,5417.12
16,1000,1,53,0,8.8828,10.8414,7.2574
16,1000,1,89,0,11.9033,12.0156,8.5715
16,1000,1,101,0,12.0294,14.0603,10.4147
16,1000,1,503,0,39.2355,35.9354,30.8609
16,1000,1,1009,0,69.4905,66.9426,59.8309
16,1000,1,10007,0,572.521,564.936,568.815
16,1000,1,50021,0,2380.07,3082.75,2769.1
16,1000,1,100003,0,4987.83,6037.28,5673.91
16,1000,3,53,0,11.1789,11.242,7.1196
16,1000,3,89,0,12.6145,13.8168,9.1982
16,1000,3,101,0,14.0879,15.0707,10.1058
16,1000,3,503,0,40.9647,38.2529,32.2098
16,1000,3,1009,0,65.9939,71.5265,63.2397
16,1000,3,10007,0,570.63,596.387,587.078
16,1000,3,50021,0,2541.35,3111.91,3001.31
16,1000,3,100003,0,5155.51,6119.98,6371.42
16,1000,5,53,0,11.5141,11.5893,8.0079
16,1000,5,89,0,14.1997,13.5189,9.4509
16,1000,5,101,0,15.4288,14.5033,13.8184
16,1000,5,503,0,41.7954,38.0637,38.215
16,1000,5,1009,0,71.2225,71.81,71.5818
16,1000,5,10007,0,616.083,620.303,580.276
16,1000,5,50021,0,2766.42,3233.08,3248.95
16,1000,5,100003,0,5801.6,6366.79,6327.96
16,1000,7,53,0,11.545,10.6876,11.3998
16,1000,7,89,0,12.5497,12.5425,9.1226
16,1000,7,101,0,15.8135,13.5978,11.1604
16,1000,7,503,0,40.8164,44.7706,36.2149
16,1000,7,1009,0,73.7023,75.4985,67.5002
16,1000,7,10007,0,616.91,676.937,648.954
16,1000,7,50021,0,2940.98,3450.95,3185.64
16,1000,7,100003,0,5891.23,6854.61,6512.38
16,1000,9,53,0,9.1333,8.2635,6.3978
16,1000,9,89,0,9.9914,10.3378,10.6926
16,1000,9,101,0,10.9975,10.7855,8.9884
16,1000,9,503,0,36.4173,36.6641,31.9477
16,1000,9,1009,0,66.6586,67.2655,66.759
16,1000,9,10007,0,615.867,698.921,680.156
16,1000,9,50021,0,3291.88,3625.19,3347.05
16,1000,9,100003,0,6345.93,7064.86,6529.78
20,1000,0,53,0,5.1884,7.3626,6.8818
20,1000,0,89,0,10.5898,11.4549,10.4006
20,1000,0,101,0,14.2615,11.3212,9.3754
20,1000,0,503,0,39.1859,25.7402,32.8377
20,1000,0,1009,0,73.2514,52.5329,67.3133
20,1000,0,10007,0,594.346,533.764,650.662
20,1000,0,50021,0,3017.52,2948.47,3136.56
20,1000,0,100003,0,5492.74,6164.56,6627
20,1000,1,53,0,19.0036,13.5056,15.9321
20,1000,1,89,0,16.7457,16.8893,120.169
20,1000,1,101,0,19.8116,17.8079,69.4164
20,1000,1,503,0,55.1919,49.6118,71.4394
20,1000,1,1009,0,102.877,92.906,82.9075
20,1000,1,10007,0,728.692,713.122,671.174
20,1000,1,50021,0,2962.03,3648.47,3359.63
20,1000,1,100003,0,5831.78,7404.24,6536.13
20,1000,3,53,0,15.2027,14.0919,8.2292
20,1000,3,89,0,17.2264,18.7125,11.8451
20,1000,3,101,0,19.6817,19.3034,13.4089
20,1000,3,503,0,50.7586,49.5212,44.6582
20,1000,3,1009,0,86.2021,87.1585,75.9264
20,1000,3,10007,0,670.94,705.419,698.971
20,1000,3,50021,0,2991.92,3670.15,3493.61
20,1000,3,100003,0,5877.93,7738.41,7067.43
20,1000,5,53,0,12.8886,16.9236,9.77
20,1000,5,89,0,17.9043,17.3136,16.2577
20,1000,5,101,0,19.231,18.9428,18.4906
20,1000,5,503,0,51.108,49.9858,48.2364
20,1000,5,1009,0,94.8229,93.2639,87.3762
20,1000,5,10007,0,723.004,775.443,774.353
20,1000,5,50021,0,3305.11,4026.74,3666.43
20,1000,5,100003,0,6469.05,7929.13,7589.79
20,1000,7,53,0,11.8037,13.9959,8.919
20,1000,7,89,0,17.2839,16.9009,14.7015
20,1000,7,101,0,17.778,18.1641,25.9248
20,1000,7,503,0,51.0265,48.8417,45.1795
20,1000,7,1009,0,90.9344,93.0452,82.3682
20,1000,7,10007,0,707.355,822.072,791.088
20,1000,7,50021,0,3472.61,4111.93,3823.97
20,1000,7,100003,0,6906.05,8421.93,7619.42
20,1000,9,53,0,15.5952,11.7901,12.1355
20,1000,9,89,0,15.4396,15.9925,11.4856
20,1000,9,101,0,18.2834,16.0585,17.5408
20,1000,9,503,0,48.6236,53.7337,45.1882
20,1000,9,1009,0,91.3046,95.3002,92.2785
20,1000,9,10007,0,765.067,866.568,824.528
20,1000,9,50021,0,3835.7,4352.71,3902.14
20,1000,9,100003,0,7317.22,8315.05,7781
1,1000,0,53,0,0.8026,0.4565,0.44
1,1000,0,89,0,0.4967,0.5005,0.4651
1,1000,0,101,0,0.4279,0.4698,0.4721
1,1000,0,503,0,1.5028,1.4621,1.4153
1,1000,0,1009,0,2.6399,3.0251,2.9776
1,1000,0,10007,0,22.8577,21.6063,23.9119
1,1000,0,50021,0,104.649,104.975,91.7658
1,1000,0,100003,0,175.716,168.702,164.691
1,1000,1,53,0,0.3394,0.2448,0.2246
1,1000,1,89,0,0.3476,0.3221,0.3239
1,1000,1,101,0,0.3564,0.3524,0.3439
1,1000,1,503,0,3.2738,3.6904,1.6265
1,1000,1,1009,0,2.9444,2.9693,3.476
1,1000,1,10007,0,32.6831,36.2245,34.0489
1,1000,1,50021,0,170.448,167.198,167.096
1,1000,1,100003,0,337.344,331.783,342.838
1,1000,3,53,0,0.5096,0.3964,0.3664
1,1000,3,89,0,0.6575,0.6935,0.5717
1,1000,3,101,0,0.6512,0.6277,0.6314
1,1000,3,503,0,2.9654,3.0456,3.0788
1,1000,3,1009,0,10.1563,5.8172,6.0343
1,1000,3,10007,0,65.6681,66.4894,66.3234
1,1000,3,50021,0,328.236,319.577,320.636
1,1000,3,100003,0,646.09,650.797,662.077
1,1000,5,53,0,0.5947,0.543,0.5392
1,1000,5,89,0,0.9455,0.8802,0.8622
1,1000,5,101,0,0.9775,0.975,1.0214
1,1000,5,503,0,6.7323,7.048,4.5319
1,1000,5,1009,0,8.2159,9.8638,8.7438
1,1000,5,10007,0,101.355,101.141,105.278
1,1000,5,50021,0,503.788,496.597,504.969
1,1000,5,100003,0,989.087,972.513,974.558
1,1000,7,53,0,1.4051,1.0316,0.6662
1,1000,7,89,0,1.8096,2.2789,3.7836
1,1000,7,101,0,1.2348,1.213,1.1874
1,1000,7,503,0,6.617,5.5805,5.9643
1,1000,7,1009,0,14.7344,11.5094,14.96
1,1000,7,10007,0,125.215,127.755,129.609
1,1000,7,50021,0,672.347,647.016,649.433
1,1000,7,100003,0,1297.54,1269.9,1262.09
1,1000,9,53,0,0.9359,0.9008,0.8358
1,1000,9,89,0,1.331,1.3484,1.3407
1,1000,9,101,0,1.4933,2.082,1.4636
1,1000,9,503,0,7.1799,9.1988,6.7206
1,1000,9,1009,0,14.3256,14.3709,17.3059
1,1000,9,10007,0,157.839,158.164,154.845
1,1000,9,50021,0,784.828,798.819,807.173
1,1000,9,100003,0,1611.52,1661.88,1649.19
2,1000,0,53,0,0.3245,0.5176,0.3597
2,1000,0,89,0,0.5339,0.5703,0.5757
2,1000,0,101,0,0.3662,0.3815,0.4292
2,1000,0,503,0,1.8158,1.7059,1.8861
2,1000,0,1009,0,3.968,3.4752,3.6272
2,1000,0,10007,0,32.1008,33.0088,29.5357
2,1000,0,50021,0,157.182,154.535,158.862
2,1000,0,100003,0,322.425,321.831,326.343
2,1000,1,53,0,0.6701,0.6098,0.5316
2,1000,1,89,0,0.5488,0.6082,0.6921
2,1000,1,101,0,0.691,0.6892,0.6181
2,1000,1,503,0,3.9844,2.7424,2.2565
2,1000,1,1009,0,5.4777,6.2108,5.8817
2,1000,1,10007,0,54.096,48.9081,60.4243
2,1000,1,50021,0,272.412,279.25,260.006
2,1000,1,100003,0,507.549,535.642,536.592
2,1000,3,53,0,0.8542,0.9893,0.7318
2,1000,3,89,0,1.0225,1.0115,1.0735
2,1000,3,101,0,1.1998,0.8351,1.1979
2,1000,3,503,0,5.7638,5.6387,6.0482
2,1000,3,1009,0,9.2671,6.3456,6.5579
2,1000,3,10007,0,104.23,92.2818,108.331
2,1000,3,50021,0,558.092,529.472,527.921
2,1000,3,100003,0,1009.21,1066.24,1024.83
2,1000,5,53,0,1.1782,1.0172,1.0121
2,1000,5,89,0,1.6791,1.77,4.4233
2,1000,5,101,0,1.8471,1.9178,1.9229
2,1000,5,503,0,6.9602,8.9359,6.7128
2,1000,5,1009,0,8.9327,14.0353,9.0523
2,1000,5,10007,0,162.77,142.454,169.415
2,1000,5,50021,0,745.952,788.614,752.092
2,1000,5,100003,0,1572.71,1567.9,1508.66
2,1000,7,53,0,1.3934,0.7668,1.2354
2,1000,7,89,0,1.9921,2.1064,2.1462
2,1000,7,101,0,2.4207,2.4271,2.4629
2,1000,7,503,0,9.7225,10.4062,6.2281
2,1000,7,1009,0,12.7709,15.5269,21.124
2,1000,7,10007,0,210.361,210.597,223.091
2,1000,7,50021,0,980.962,999.661,974.584
2,1000,7,100003,0,2044.55,2040.56,2056.99
2,1000,9,53,0,0.8956,0.8,1.4359
2,1000,9,89,0,1.6042,1.3284,1.3895
2,1000,9,101,0,1.5027,1.5429,1.9373
2,1000,9,503,0,15.8194,14.8523,13.2083
2,1000,9,1009,0,29.2987,28.997,28.6702
2,1000,9,10007,0,245.956,263.393,258.384
2,1000,9,50021,0,1291.38,1325.45,1275.85
2,1000,9,100003,0,2535.19,2523.94,2620.8
4,1000,0,53,0,0.5509,0.5025,1.1658
4,1000,0,89,0,0.8365,0.6575,0.9366
4,1000,0,101,0,0.798,0.7025,1.0513
4,1000,0,503,0,3.0777,3.1608,3.624
4,1000,0,1009,0,6.5954,6.7442,11.7176
4,1000,0,10007,0,60.8407,66.8929,68.1973
4,1000,0,50021,0,312.531,324.768,344.253
4,1000,0,100003,0,627.403,653.868,679.665
4,1000,1,53,0,1.5626,1.2333,0.7984
4,1000,1,89,0,1.1997,1.1379,1.0292
4,1000,1,101,0,1.0959,1.2642,1.1392
4,1000,1,503,0,5.0476,4.9908,4.744
4,1000,1,1009,0,8.8158,11.5708,9.4528
4,1000,1,10007,0,92.7481,89.9383,85.9197
4,1000,1,50021,0,403.351,455.684,463.996
4,1000,1,100003,0,838.912,900.682,869.043
4,1000,3,53,0,1.0807,1.0859,1.205
4,1000,3,89,0,1.2086,1.3685,1.2784
4,1000,3,101,0,1.4082,1.3884,1.5055
4,1000,3,503,0,6.9555,7.1559,10.2549
4,1000,3,1009,0,11.449,13.333,14.2663
4,1000,3,10007,0,119.426,123.793,124.16
4,1000,3,50021,0,587.179,591.935,588.649
4,1000,3,100003,0,1194.97,1224.56,1171.56
4,1000,5,53,0,1.2398,1.4406,1.3559
4,1000,5,89,0,1.8586,1.6977,1.7492
4,1000,5,101,0,1.9868,1.5775,2.0379
4,1000,5,503,0,9.3037,11.2574,9.1738
4,1000,5,1009,0,18.4138,21.4664,19.7128
4,1000,5,10007,0,183.928,188.879,190.153
4,1000,5,50021,0,895.352,867.133,869.676
4,1000,5,100003,0,1787.2,1716.38,1724.86
4,1000,7,53,0,1.9415,1.6767,1.7221
4,1000,7,89,0,2.3098,2.3726,2.3725
4,1000,7,101,0,2.6421,2.5676,2.5494
4,1000,7,503,0,12.8414,13.8143,12.6604
4,1000,7,1009,0,25.8799,23.2404,26.4495
4,1000,7,10007,0,240.929,247.494,240.452
4,1000,7,50021,0,1157.07,1148.57,1151.41
4,1000,7,100003,0,2311.03,2321.49,2350.18
4,1000,9,53,0,1.6488,1.6352,1.6289
4,1000,9,89,0,2.9082,2.8313,3.6109
4,1000,9,101,0,3.2498,3.2623,4.8922
4,1000,9,503,0,15.0428,15.5984,15.6999
4,1000,9,1009,0,22.0846,29.6087,33.4191
4,1000,9,10007,0,308.697,287.67,289.2
4,1000,9,50021,0,1405.11,1443.31,1425.88
4,1000,9,100003,0,2809.27,2836.99,3018.9
8,1000,0,53,0,1.3124,2.5153,6.3508
8,1000,0,89,0,1.9186,2.089,2.0849
8,1000,0,101,0,2.5457,2.0372,2.2888
8,1000,0,503,0,7.631,8.928,7.7833
8,1000,0,1009,0,14.5859,14.6846,20.9332
8,1000,0,10007,0,146.544,148.847,177.612
8,1000,0,50021,0,873.272,817.437,882.254
8,1000,0,100003,0,1634.31,1571.09,1704.94
8,1000,1,53,0,2.4537,2.6305,2.0045
8,1000,1,89,0,2.9696,2.9591,2.8439
8,1000,1,101,0,4.4794,3.2044,3.3508
8,1000,1,503,0,11.1582,12.0254,10.8729
8,1000,1,1009,0,22.6063,22.2015,19.3791
8,1000,1,10007,0,200.256,212.968,169.819
8,1000,1,50021,0,957.089,1010.56,1029.46
8,1000,1,100003,0,1998.32,2066.81,1999.95
8,1000,3,53,0,2.7627,3.5808,2.6128
8,1000,3,89,0,4.235,4.3479,3.4853
8,1000,3,101,0,4.1655,5.0664,5.5874
8,1000,3,503,0,13.9219,14.7131,12.1913
8,1000,3,1009,0,23.033,27.7732,26.5646
8,1000,3,10007,0,242.291,239.972,228.359
8,1000,3,50021,0,1063.2,1086.85,1057.21
8,1000,3,100003,0,2080.19,2197.98,2172.18
8,1000,5,53,0,3.23,3.1332,2.7832
8,1000,5,89,0,4.2598,4.2606,3.5684
8,1000,5,101,0,4.7986,4.2696,3.9242
8,1000,5,503,0,14.6812,13.6996,15.7999
8,1000,5,1009,0,27.0459,29.0135,27.0443
8,1000,5,10007,0,250.2,262.233,243.684
8,1000,5,50021,0,1153.34,1196.15,1173.04
8,1000,5,100003,0,2256.94,2275.22,2348.55
8,1000,7,53,0,3.2139,3.8273,3.6473
8,1000,7,89,0,3.8508,4.0284,3.9072
8,1000,7,101,0,4.3351,4.5622,4.2193
8,1000,7,503,0,15.6087,15.1706,16.5108
8,1000,7,1009,0,29.8151,31.7363,29.3253
8,1000,7,10007,0,276.163,277.614,279.387
8,1000,7,50021,0,1383.87,1415.94,1395.75
8,1000,7,100003,0,2559.38,2705.85,2656.66
8,1000,9,53,0,3.8518,3.9146,3.8314
8,1000,9,89,0,4.1171,3.9353,3.304
8,1000,9,101,0,3.9671,3.8264,5.7107
8,1000,9,503,0,17.2053,18.369,19.9351
8,1000,9,1009,0,36.8145,34.5841,34.1412
8,1000,9,10007,0,316.164,328.768,326.299
8,1000,9,50021,0,1686.11,1659.46,1732.12
8,1000,9,100003,0,3181.37,3161.21,3010.74
12,1000,0,53,0,2.3501,3.7185,3.4458
12,1000,0,89,0,4.516,4.2964,4.4379
12,1000,0,101,0,5.4847,4.1434,7.6062
12,1000,0,503,0,16.0436,12.8067,16.5414
12,1000,0,1009,0,31.4894,22.9414,33.1998
12,1000,0,10007,0,310.723,272.224,332.35
12,1000,0,50021,0,1605.27,1365.3,1647.48
12,1000,0,100003,0,3062.62,2843.7,3220.43
12,1000,1,53,0,5.5094,5.6037,3.8712
12,1000,1,89,0,6.762,7.9264,5.2962
12,1000,1,101,0,6.7688,6.8883,6.3524
12,1000,1,503,0,24.3652,22.5504,20.4927
12,1000,1,1009,0,45.8779,46.1223,38.4508
12,1000,1,10007,0,381.096,384.207,350.178
12,1000,1,50021,0,1699.65,1891.14,1717.93
12,1000,1,100003,0,3192.43,3705.88,3555.76
12,1000,3,53,0,7.5945,6.212,4.3693
12,1000,3,89,0,8.2235,7.9143,5.6833
12,1000,3,101,0,8,8.7104,6.7445
12,1000,3,503,0,24.9918,26.1521,28.2552
12,1000,3,1009,0,48.3137,46.0829,48.0974
12,1000,3,10007,0,396.214,389.317,399.147
12,1000,3,50021,0,1762.49,1882.16,1868.03
12,1000,3,100003,0,3429.68,4165.36,3999.86
12,1000,5,53,0,8.0147,6.1212,5.2443
12,1000,5,89,0,8.3546,8.1904,6.742
12,1000,5,101,0,10.5379,8.0038,6.5478
12,1000,5,503,0,27.9646,26.6534,26.005
12,1000,5,1009,0,48.7383,53.9752,41.4058
12,1000,5,10007,0,429.481,420.683,397.836
12,1000,5,50021,0,1785.13,2028.48,1957.13
12,1000,5,100003,0,3907.06,4292.11,3919.57
12,1000,7,53,0,7.0407,5.9631,4.3391
12,1000,7,89,0,7.2482,7.5166,6.126
12,1000,7,101,0,9.0478,8.7006,6.7046
12,1000,7,503,0,25.7029,24.6433,26.2001
12,1000,7,1009,0,47.1945,51.3304,48.7684
12,1000,7,10007,0,427.29,428.56,420.514
12,1000,7,50021,0,2063.2,2129.38,2198.05
12,1000,7,100003,0,3952.29,4195.36,4195.98
12,1000,9,53,0,5.5069,5.6721,4.657
12,1000,9,89,0,7.3021,7.1118,5.8571
12,1000,9,101,0,9.1896,8.1764,6.702
12,1000,9,503,0,25.8825,27.0189,29.8246
12,1000,9,1009,0,48.9456,50.0699,52.5724
12,1000,9,10007,0,450.589,472.548,477.262
12,1000,9,50021,0,2170.88,2161.13,2182.47
12,1000,9,100003,0,4224.19,4682.09,4499.47
16,1000,0,53,0,6.7694,3.417,4.9447
16,1000,0,89,0,7.7495,5.9585,9.0194
16,1000,0,101,0,8.516,7.3034,7.3233
16,1000,0,503,0,24.6197,19.6574,22.9046
16,1000,0,1009,0,45.8182,36.25,46.1495
16,1000,0,10007,0,434.5,369.201,502.438
16,1000,0,50021,0,2226.21,2139,2799.95
16,1000,0,100003,0,4482.5,4499.99,5455.14
16,1000,1,53,0,9.3894,10.2233,7.7247
16,1000,1,89,0,12.9219,13.3314,8.6426
16,1000,1,101,0,12.3821,13.8239,11.4178
16,1000,1,503,0,43.8503,41.4257,39.4217
16,1000,1,1009,0,78.4555,69.4194,61.9212
16,1000,1,10007,0,614.526,590.812,566.444
16,1000,1,50021,0,2439.05,2910.63,2664.63
16,1000,1,100003,0,4961.27,5938.3,5551.4
16,1000,3,53,0,11.4064,11.5237,13.7882
16,1000,3,89,0,12.4533,12.762,13.8773
16,1000,3,101,0,14.1426,13.7324,9.5949
16,1000,3,503,0,41.9073,38.5155,40.9172
16,1000,3,1009,0,74.033,70.3591,75.0487
16,1000,3,10007,0,618.362,640.915,673.47
16,1000,3,50021,0,2818.69,3049.2,2835.12
16,1000,3,100003,0,5472.61,6300.9,5904.21
16,1000,5,53,0,12.1731,11.2926,7.7733
16,1000,5,89,0,14.9608,13.1131,9.0234
16,1000,5,101,0,16.1597,13.4244,9.6322
16,1000,5,503,0,43.4243,40.6209,40.4713
16,1000,5,1009,0,74.4125,79.7263,72.5315
16,1000,5,10007,0,633.446,658.182,654.169
16,1000,5,50021,0,2829.51,3214.47,3062.07
16,1000,5,100003,0,5681.21,6504.18,6057.8
16,1000,7,53,0,13.5256,11.2504,7.8191
16,1000,7,89,0,13.2442,15.1926,13.0532
16,1000,7,101,0,18.0831,13.3152,11.0401
16,1000,7,503,0,43.8798,47.5121,41.7905
16,1000,7,1009,0,83.3875,84.9775,81.9044
16,1000,7,10007,0,697.173,721.572,718.4
16,1000,7,50021,0,3235.07,3331.91,3076.16
16,1000,7,100003,0,6215.3,6889.45,6570.72
16,1000,9,53,0,10.1338,10.6116,11.0264
16,1000,9,89,0,12.495,12.2442,9.452
16,1000,9,101,0,15.0884,13.4032,10.9653
16,1000,9,503,0,40.6794,43.7794,40.8882
16,1000,9,1009,0,77.1641,72.4761,76.7369
16,1000,9,10007,0,645.252,641.863,665.037
16,1000,9,50021,0,3229.66,3395.21,3355.13
16,1000,9,100003,0,6387.83,6954.03,7028.9
20,1000,0,53,0,6.8865,7.7444,7.8563
20,1000,0,89,0,14.5101,10.444,10.4452
20,1000,0,101,0,17.232,13.0802,49.0667
20,1000,0,503,0,40.1753,26.7776,39.0236
20,1000,0,1009,0,72.5223,57.9355,76.8687
20,1000,0,10007,0,590.279,495.474,645.764
20,1000,0,50021,0,2804.4,2878.75,3174.07
20,1000,0,100003,0,5931.24,5870.82,6298.06
20,1000,1,53,0,10.1129,14.4913,8.2674
20,1000,1,89,0,14.1225,15.9305,12.3518
20,1000,1,101,0,15.8312,17.9565,12.3777
20,1000,1,503,0,50.9003,46.7202,43.4463
20,1000,1,1009,0,91.6174,89.3793,70.1293
20,1000,1,10007,0,715.493,715.797,724.783
20,1000,1,50021,0,2947.97,3584.16,3139.39
20,1000,1,100003,0,5630.41,7302.55,6552.19
20,1000,3,53,0,12.8339,14.3008,7.9617
20,1000,3,89,0,17.2074,17.8363,12.7394
20,1000,3,101,0,18.1654,18.6251,16.9206
20,1000,3,503,0,51.0275,48.4653,40.4992
20,1000,3,1009,0,91.4301,87.047,80.4404
20,1000,3,10007,0,663.393,707.089,715.992
20,1000,3,50021,0,2926.9,3739.68,3512.75
20,1000,3,100003,0,6022.43,7556.43,6902.7
20,1000,5,53,0,15.3232,16.1,19.6458
20,1000,5,89,0,18.2474,19.9659,13.368
20,1000,5,101,0,20.7732,19.751,20.0993
20,1000,5,503,0,55.0056,54.9587,51.0586
20,1000,5,1009,0,96.6545,96.1405,85.454
20,1000,5,10007,0,738.965,770.579,788.824
20,1000,5,50021,0,3267.74,3853.86,3736.73
20,1000,5,100003,0,6314.58,7927.42,7435.2
20,1000,7,53,0,12.3227,13.7964,8.9825
20,1000,7,89,0,13.9858,14.7382,10.8661
20,1000,7,101,0,15.9874,16.0976,11.7212
20,1000,7,503,0,46.6076,48.3689,44.1729
20,1000,7,1009,0,87.1874,90.3198,87.753
20,1000,7,10007,0,753.653,840.493,817.301
20,1000,7,50021,0,3518.91,4302.12,3801.71
20,1000,7,100003,0,6910.09,8287.87,7606.6
20,1000,9,53,0,12.6408,12.9051,8.4107
20,1000,9,89,0,15.3614,13.9854,9.9754
20,1000,9,101,0,16.7824,15.2691,12.4799
20,1000,9,503,0,47.3698,45.8694,45.0933
20,1000,9,1009,0,89.7057,92.3883,82.5512
20,1000,9,10007,0,794.45,843.396,813.883
20,1000,9,50021,0,3751.24,4207.77,3846
20,1000,9,100003,0,7422.73,8468.12,7841.48
1,1000,0,53,0,1.0654,0.7421,0.5178
1,1000,0,89,0,0.7553,0.5029,0.4947
1,1000,0,101,0,0.4629,0.4346,0.4606
1,1000,0,503,0,1.3926,1.4527,1.4273
1,1000,0,1009,0,2.6781,2.9098,2.7511
1,1000,0,10007,0,26.5195,25.7686,20.1473
1,1000,0,50021,0,110.503,95.21,91.3594
1,1000,0,100003,0,168.046,161.895,160.718
1,1000,1,53,0,0.3434,0.2504,0.2238
1,1000,1,89,0,0.3336,0.3207,0.3061
1,1000,1,101,0,0.3532,0.3459,0.3363
1,1000,1,503,0,1.4403,2.6624,3.6339
1,1000,1,1009,0,3.0655,3.0573,2.9944
1,1000,1,10007,0,33.1995,34.0843,32.4046
1,1000,1,50021,0,163.503,159.298,161.955
1,1000,1,100003,0,334.285,334.504,335.332
1,1000,3,53,0,0.5074,0.4002,0.3729
1,1000,3,89,0,0.6212,0.5979,0.604
1,1000,3,101,0,0.6568,0.6277,0.7476
1,1000,3,503,0,3.2255,2.8997,2.8813
1,1000,3,1009,0,5.7378,9.1255,5.784
1,1000,3,10007,0,65.5266,65.976,64.3113
1,1000,3,50021,0,316.431,321.913,319.032
1,1000,3,100003,0,637.283,605.755,609.811
1,1000,5,53,0,0.5774,0.5136,1.3591
1,1000,5,89,0,0.7899,0.9038,0.8466
1,1000,5,101,0,0.9487,0.9719,1.0351
1,1000,5,503,0,4.7366,4.5203,4.0607
1,1000,5,1009,0,8.3893,10.8866,9.4609
1,1000,5,10007,0,91.3255,95.0088,93.842
1,1000,5,50021,0,463.223,471.185,458.8
1,1000,5,100003,0,932.304,950.225,951.172
1,1000,7,53,0,0.8169,0.9429,0.7573
1,1000,7,89,0,1.0316,1.0798,1.1034
1,1000,7,101,0,1.2126,1.2422,1.2254
1,1000,7,503,0,6.0618,8.5667,5.9847
1,1000,7,1009,0,11.5435,14.7116,11.5149
1,1000,7,10007,0,126.965,128.24,128.927
1,1000,7,50021,0,640.555,639.734,624.791
1,1000,7,100003,0,1243.09,1242.53,1236.46
1,1000,9,53,0,0.8743,0.7801,0.769
1,1000,9,89,0,1.2963,1.4545,1.4041
1,1000,9,101,0,1.5549,2.2916,1.4098
1,1000,9,503,0,6.8546,8.9324,7.2127
1,1000,9,1009,0,15.1553,17.8942,16.2588
1,1000,9,10007,0,157.932,150.884,153.459
1,1000,9,50021,0,784.518,768.99,810.425
1,1000,9,100003,0,1585.41,1597.37,1574.17
2,1000,0,53,0,0.3687,0.3418,0.3165
2,1000,0,89,0,0.3692,0.524,0.5187
2,1000,0,101,0,0.4473,0.4303,0.4462
2,1000,0,503,0,1.4277,1.5608,1.6808
2,1000,0,1009,0,3.0409,3.3374,3.3413
2,1000,0,10007,0,34.1948,32.6118,37.4016
2,1000,0,50021,0,160.233,159.387,160.315
2,1000,0,100003,0,329.095,324.523,325.152
2,1000,1,53,0,2.1242,0.546,0.4604
2,1000,1,89,0,0.5242,0.7987,0.5902
2,1000,1,101,0,0.7022,0.6536,0.8189
2,1000,1,503,0,3.1771,1.7836,3.0312
2,1000,1,1009,0,5.5984,5.8854,7.1046
2,1000,1,10007,0,50.0644,60.1706,60.8733
2,1000,1,50021,0,286.055,270.234,280.483
2,1000,1,100003,0,523.585,545.04,550.459
2,1000,3,53,0,0.9038,0.453,0.7072
2,1000,3,89,0,0.5912,0.8134,1.711
2,1000,3,101,0,0.8055,0.8103,1.5983
2,1000,3,503,0,3.0204,3.2393,3.7385
2,1000,3,1009,0,6.5694,6.3792,11.0592
2,1000,3,10007,0,96.082,115.18,118.002
2,1000,3,50021,0,517.425,572.557,527.488
2,1000,3,100003,0,1075.97,1098.65,1098.63
2,1000,5,53,0,1.131,0.9649,0.9308
2,1000,5,89,0,1.0568,1.5181,0.9538
2,1000,5,101,0,0.9822,0.9946,1.0271
2,1000,5,503,0,9.3741,9.7596,6.1467
2,1000,5,1009,0,15.7125,15.2059,18.8949
2,1000,5,10007,0,158.5,158.419,170.469
2,1000,5,50021,0,810.607,829.765,833.991
2,1000,5,100003,0,1654.23,1474.6,1479.08
2,1000,7,53,0,1.2613,1.2837,1.2419
2,1000,7,89,0,2.3606,2.1317,2.1963
2,1000,7,101,0,2.508,2.5763,2.6448
2,1000,7,503,0,11.1265,10.7429,6.0657
2,1000,7,1009,0,18.0041,18.7621,23.0809
2,1000,7,10007,0,188.546,193.645,221.375
2,1000,7,50021,0,1059.09,1049.46,1019.36
2,1000,7,100003,0,2033.04,2105.58,2083.4
2,1000,9,53,0,2.0686,1.6092,1.6714
2,1000,9,89,0,2.8451,1.5054,2.6387
2,1000,9,101,0,3.0766,3.1444,3.2138
2,1000,9,503,0,10.4863,7.4634,7.303
2,1000,9,1009,0,21.7029,27.7235,31.4576
2,1000,9,10007,0,253.748,263.268,253.918
2,1000,9,50021,0,1235.79,1196.69,1308.41
2,1000,9,100003,0,2566.74,2571.6,2563.07
4,1000,0,53,0,0.6527,0.4993,0.8308
4,1000,0,89,0,0.7958,0.6615,1.0442
4,1000,0,101,0,1.0212,0.7287,1.2685
4,1000,0,503,0,3.9377,4.1883,3.3699
4,1000,0,1009,0,6.2139,6.3307,6.6058
4,1000,0,10007,0,60.9275,66.4109,70.8898
4,1000,0,50021,0,305.383,319.933,331.161
4,1000,0,100003,0,613.919,642.911,655.446
4,1000,1,53,0,0.8753,0.9654,0.8428
4,1000,1,89,0,1.1818,1.0483,1.0921
4,1000,1,101,0,1.5687,1.2879,1.2106
4,1000,1,503,0,4.3856,5.7224,6.3552
4,1000,1,1009,0,8.8426,8.5392,9.5572
4,1000,1,10007,0,89.2519,87.9819,95.8878
4,1000,1,50021,0,419.577,431.231,432.368
4,1000,1,100003,0,835.323,891.577,857.372
4,1000,3,53,0,1.2756,1.136,1.1227
4,1000,3,89,0,4.1122,1.9248,1.4601
4,1000,3,101,0,1.4237,1.399,1.4443
4,1000,3,503,0,6.4499,6.6172,7.1731
4,1000,3,1009,0,13.6147,14.0716,14.6227
4,1000,3,10007,0,136.562,121.554,133.745
4,1000,3,50021,0,648.03,627.967,603.992
4,1000,3,100003,0,1209.66,1251.78,1218.25
4,1000,5,53,0,1.1337,1.0758,1.1801
4,1000,5,89,0,1.6726,1.6987,1.7284
4,1000,5,101,0,1.9311,2.2455,1.9147
4,1000,5,503,0,9.5149,9.6293,11.087
4,1000,5,1009,0,10.7183,10.5438,15.902
4,1000,5,10007,0,183.592,184.706,179.92
4,1000,5,50021,0,885.614,833.549,856.912
4,1000,5,100003,0,1769.52,1708.75,1683.93
4,1000,7,53,0,2.6087,1.3758,1.7472
4,1000,7,89,0,2.2727,2.2013,2.1952
4,1000,7,101,0,2.5059,2.6703,2.4349
4,1000,7,503,0,9.2915,6.7429,13.0455
4,1000,7,1009,0,22.7404,24.9319,27.5619
4,1000,7,10007,0,224.681,243.481,221.867
4,1000,7,50021,0,1169.85,1169.27,1262.48
4,1000,7,100003,0,2467.36,2336.86,2243.14
4,1000,9,53,0,1.853,1.8558,1.79
4,1000,9,89,0,2.905,2.6603,2.9902
4,1000,9,101,0,2.9307,3.2187,3.4103
4,1000,9,503,0,16.5816,14.1774,10.8571
4,1000,9,1009,0,24.2943,33.4251,31.5932
4,1000,9,10007,0,284.883,294.836,270.86
4,1000,9,50021,0,1400.39,1414.56,1547.67
4,1000,9,100003,0,2901.14,2940.09,2907.81
8,1000,0,53,0,1.6518,1.5612,1.7265
8,1000,0,89,0,1.7682,1.6451,2.1322
8,1000,0,101,0,2.0569,1.745,2.2619
8,1000,0,503,0,7.1757,7.2731,7.4479
8,1000,0,1009,0,13.0261,13.2514,16.608
8,1000,0,10007,0,139.423,144.216,159.233
8,1000,0,50021,0,783.197,813.281,834.372
8,1000,0,100003,0,1685.8,1625.4,1785.07
8,1000,1,53,0,2.1077,2.726,2.3482
8,1000,1,89,0,3.2817,3.0634,2.9617
8,1000,1,101,0,3.5374,4.3149,3.1868
8,1000,1,503,0,11.8156,12.5907,11.745
8,1000,1,1009,0,22.9831,25.181,20.8323
8,1000,1,10007,0,218.807,218.633,201.23
8,1000,1,50021,0,1006.2,1032.3,947.871
8,1000,1,100003,0,1898.91,2030.33,1894.43
8,1000,3,53,0,2.9783,2.9733,2.5974
8,1000,3,89,0,3.6182,4.0176,5.1314
8,1000,3,101,0,3.9125,4.5645,3.688
8,1000,3,503,0,13.3377,13.539,14.1574
8,1000,3,1009,0,24.1601,25.8044,24.5124
8,1000,3,10007,0,219.722,232.683,213.807
8,1000,3,50021,0,1032.25,1119.33,1113.16
8,1000,3,100003,0,2109.24,2138.94,2140.01
8,1000,5,53,0,3.7064,3.1495,2.7012
8,1000,5,89,0,3.6967,4.0629,3.7256
8,1000,5,101,0,4.2811,5.2533,4.1555
8,1000,5,503,0,12.657,13.3167,12.902
8,1000,5,1009,0,24.1531,27.4557,23.5389
8,1000,5,10007,0,230.328,241.077,217.348
8,1000,5,50021,0,1133.9,1127.33,1126.94
8,1000,5,100003,0,2192.09,2434.35,2414.49
8,1000,7,53,0,3.2434,3.2713,4.0619
8,1000,7,89,0,5.1038,4.7047,3.919
8,1000,7,101,0,4.5799,4.8908,4.5716
8,1000,7,503,0,16.3402,17.5784,17.9862
8,1000,7,1009,0,33.6205,35.6036,36.5784
8,1000,7,10007,0,278.077,258.424,275.579
8,1000,7,50021,0,1392.19,1383.42,1312.31
8,1000,7,100003,0,2780.81,2827.21,2664.96
8,1000,9,53,0,3.953,3.3079,3.12
8,1000,9,89,0,4.1517,4.9508,4.1638
8,1000,9,101,0,4.3518,4.3548,4.2046
8,1000,9,503,0,17.1497,19.1041,18.7043
8,1000,9,1009,0,40.2443,40.3657,34.4769
8,1000,9,10007,0,335.443,350.673,343.143
8,1000,9,50021,0,1714.06,1672.99,1611.74
8,1000,9,100003,0,3254.32,3313.24,3281.64
12,1000,0,53,0,3.303,3.4023,3.2007
12,1000,0,89,0,5.2299,3.4535,4.2661
12,1000,0,101,0,5.5098,4.3879,4.3927
12,1000,0,503,0,16.2523,13.1915,15.2589
12,1000,0,1009,0,30.3567,25.7103,31.3253
12,1000,0,10007,0,289.307,253.608,294.558
12,1000,0,50021,0,1427.96,1333.67,1591.5
12,1000,0,100003,0,2954.18,2768.14,3324.67
12,1000,1,53,0,4.5909,5.4726,3.6172
12,1000,1,89,0,6.5253,7.2885,5.6492
12,1000,1,101,0,7.2286,6.5391,6.5003
12,1000,1,503,0,23.5284,21.3075,23.694
12,1000,1,1009,0,45.0582,43.0812,39.0743
12,1000,1,10007,0,389.207,369.512,336.802
12,1000,1,50021,0,1640.69,1826.35,1629.83
12,1000,1,100003,0,3228.15,3956.07,3546.68
12,1000,3,53,0,6.7208,5.919,5.0533
12,1000,3,89,0,7.3757,7.7307,5.6803
12,1000,3,101,0,7.4576,8.9261,5.9289
12,1000,3,503,0,23.4229,21.6272,22.3798
12,1000,3,1009,0,44.6568,42.6706,39.1874
12,1000,3,10007,0,369.902,376.164,377.775
12,1000,3,50021,0,1734.44,1859.95,1954.21
12,1000,3,100003,0,3617.67,4146.87,3770.25
12,1000,5,53,0,5.5777,5.7371,5.3543
12,1000,5,89,0,8.2519,8.9915,5.957
12,1000,5,101,0,8.0703,8.0496,9.0995
12,1000,5,503,0,24.97,27.5465,24.0722
12,1000,5,1009,0,47.7465,45.8084,42.6791
12,1000,5,10007,0,410.179,407.924,404.685
12,1000,5,50021,0,1869.86,2109.37,2078.23
12,1000,5,100003,0,3722.79,4002,4053.42
12,1000,7,53,0,5.3724,6.9653,9.3776
12,1000,7,89,0,8.5403,7.4258,6.1873
12,1000,7,101,0,9.4209,8.3094,6.8639
12,1000,7,503,0,26.08,29.5503,26.0453
12,1000,7,1009,0,49.8582,49.8112,49.1068
12,1000,7,10007,0,433.339,444.293,427.577
12,1000,7,50021,0,2011.17,2064.2,2052.86
12,1000,7,100003,0,3915.1,4433.25,4297.24
12,1000,9,53,0,7.1376,5.8551,5.2413
12,1000,9,89,0,7.4188,7.4085,6.0826
12,1000,9,101,0,7.9866,7.7247,7.1333
12,1000,9,503,0,24.7524,25.2337,25.1957
12,1000,9,1009,0,47.208,48.6577,47.2705
12,1000,9,10007,0,422.495,457.65,434.245
12,1000,9,50021,0,2142.67,2146.06,2413.82
12,1000,9,100003,0,4433.53,4458.59,4378.67
16,1000,0,53,0,3.5781,5.9893,6.259
16,1000,0,89,0,7.1575,7.5317,6.2331
16,1000,0,101,0,8.7472,6.5009,11.8304
16,1000,0,503,0,27.9708,19.5625,30.5893
16,1000,0,1009,0,46.6898,37.666,50.7047
16,1000,0,10007,0,477.283,383.73,523.385
16,1000,0,50021,0,2259.95,2068.52,2591.28
16,1000,0,100003,0,4354.04,4623.86,5244.61
16,1000,1,53,0,8.8345,11.6605,6.4887
16,1000,1,89,0,11.964,12.5166,8.9074
16,1000,1,101,0,13.2078,12.8625,9.8707
16,1000,1,503,0,41.2404,38.3948,34.4503
16,1000,1,1009,0,76.4751,68.622,63.4293
16,1000,1,10007,0,590.813,575.621,553.345
16,1000,1,50021,0,2423.26,2979.74,2911.26
16,1000,1,100003,0,4866.01,6018.78,5873.34
16,1000,3,53,0,10.5745,12.3711,7.5722
16,1000,3,89,0,12.7893,13.1665,12.8441
16,1000,3,101,0,14.4387,14.0651,9.4637
16,1000,3,503,0,40.3909,40.9976,39.5895
16,1000,3,1009,0,73.7445,67.8704,64.9327
16,1000,3,10007,0,609.619,598.423,600.602
16,1000,3,50021,0,2612.7,3083.81,2982.52
16,1000,3,100003,0,5288.52,6241.79,5968.48
16,1000,5,53,0,11.3274,13.0814,7.17
16,1000,5,89,0,12.977,13.4704,9.6218
16,1000,5,101,0,15.3305,13.6581,10.1049
16,1000,5,503,0,43.1321,40.3159,38.101
16,1000,5,1009,0,74.847,69.4866,75.2644
16,1000,5,10007,0,615.474,640.334,638.784
16,1000,5,50021,0,2821.3,3200.48,3380.35
16,1000,5,100003,0,5749.97,6540.88,6418.81
16,1000,7,53,0,8.4549,8.4485,5.3818
16,1000,7,89,0,11.2662,10.2796,7.4398
16,1000,7,101,0,13.856,11.5722,8.2921
16,1000,7,503,0,36.317,34.9332,29.7991
16,1000,7,1009,0,64.8465,69.4074,67.5631
16,1000,7,10007,0,613.564,671.05,655.12
16,1000,7,50021,0,2985.55,3471.66,3240.25
16,1000,7,100003,0,5997.65,6823.27,6354.88
16,1000,9,53,0,10.9194,10.9041,8.1594
16,1000,9,89,0,12.2814,12.2871,10.52
16,1000,9,101,0,13.6926,13.6705,10.2804
16,1000,9,503,0,41.6373,46.7819,41.4308
16,1000,9,1009,0,79.4006,79.7388,73.2087
16,1000,9,10007,0,568.326,674,670.523
16,1000,9,50021,0,3235.93,3735.3,3370.03
16,1000,9,100003,0,6270.17,7087.42,6594.02
20,1000,0,53,0,5.4281,11.215,8.5897
20,1000,0,89,0,10.703,12.6905,9.8546
20,1000,0,101,0,12.9727,9.4874,14.4848
20,1000,0,503,0,42.2997,31.3796,34.9829
20,1000,0,1009,0,75.004,56.3438,72.0706
20,1000,0,10007,0,598.776,509.629,643.148
20,1000,0,50021,0,3057.52,2854.84,3124.37
20,1000,0,100003,0,5541.36,5994.1,6324.04
20,1000,1,53,0,12.1025,11.0378,9.9086
20,1000,1,89,0,15.569,17.7023,11.4715
20,1000,1,101,0,17.2255,17.7789,16.3902
20,1000,1,503,0,52.7038,47.9408,43.3931
20,1000,1,1009,0,93.4019,87.2676,71.5448
20,1000,1,10007,0,721.021,709.859,659.388
20,1000,1,50021,0,2885.25,3540.77,3116.83
20,1000,1,100003,0,5561.72,7417.86,6794.26
20,1000,3,53,0,12.7691,14.015,9.1136
20,1000,3,89,0,17.2681,17.0976,18.5535
20,1000,3,101,0,18.1227,19.6611,11.9993
20,1000,3,503,0,46.5349,46.6002,60.8522
20,1000,3,1009,0,85.2512,87.5469,77.1248
20,1000,3,10007,0,665.104,752.865,712.743
20,1000,3,50021,0,3007.29,3856.14,3479.57
20,1000,3,100003,0,5971.29,7534.66,7293.25
20,1000,5,53,0,15.083,14.6532,8.5927
20,1000,5,89,0,18.251,17.2133,17.7743
20,1000,5,101,0,18.6933,22.0064,14.0076
20,1000,5,503,0,51.5974,48.1325,44.4202
20,1000,5,1009,0,89.4912,91.4259,81.2845
20,1000,5,10007,0,696.569,798.486,764.504
20,1000,5,50021,0,3288.85,3959.97,3733.87
20,1000,5,100003,0,6356.79,7867.9,7542
20,1000,7,53,0,14.9267,11.9631,8.2613
20,1000,7,89,0,18.7588,15.2438,13.1897
20,1000,7,101,0,19.5874,17.2319,18.8762
20,1000,7,503,0,50.4302,52.4205,53.0866
20,1000,7,1009,0,92.5679,92.496,88.1791
20,1000,7,10007,0,771.73,789.485,792.55
20,1000,7,50021,0,3586.17,4216.16,3851.12
20,1000,7,100003,0,6845.79,8212.9,7637.05
20,1000,9,53,0,13.3662,11.5906,7.5748
20,1000,9,89,0,15.915,13.7548,10.6211
20,1000,9,101,0,16.9101,15.5292,16.4728
20,1000,9,503,0,45.6311,48.8612,47.0567
20,1000,9,1009,0,86.4527,90.4022,79.628
20,1000,9,10007,0,758.006,836.87,820.626
20,1000,9,50021,0,3799.49,4401.13,3939.4
20,1000,9,100003,0,7456.03,8512.54,7740.22
1,1000,0,53,0,0.7539,0.9675,0.6483
1,1000,0,89,0,0.6425,0.8518,0.6047
1,1000,0,101,0,0.3991,0.5439,0.5921
1,1000,0,503,0,1.2991,1.2764,1.2943
1,1000,0,1009,0,2.5314,2.7496,2.5912
1,1000,0,10007,0,21.8251,21.6641,17.8013
1,1000,0,50021,0,97.0781,89.1215,83.8998
1,1000,0,100003,0,160.099,158.346,150.201
1,1000,1,53,0,1.1776,0.5881,0.3084
1,1000,1,89,0,0.3234,0.3173,0.32
1,1000,1,101,0,0.5637,0.5462,0.3629
1,1000,1,503,0,1.5038,1.4616,1.4563
1,1000,1,1009,0,2.9266,3.3252,2.7696
1,1000,1,10007,0,30.3396,31.39,31.0157
1,1000,1,50021,0,153.699,151.914,150.729
1,1000,1,100003,0,306.787,307.161,315.607
1,1000,3,53,0,0.4304,0.3657,0.3925
1,1000,3,89,0,0.5488,0.5362,0.5369
1,1000,3,101,0,0.6074,0.6237,0.85
1,1000,3,503,0,2.9407,3.8975,3.0988
1,1000,3,1009,0,6.2181,11.5859,5.5375
1,1000,3,10007,0,61.7141,62.8224,60.9335
1,1000,3,50021,0,320.851,318.175,314.827
1,1000,3,100003,0,644.306,631.279,637.39
1,1000,5,53,0,0.6821,0.5741,0.7936
1,1000,5,89,0,0.8114,0.7804,0.7979
1,1000,5,101,0,0.9178,0.9424,0.9497
1,1000,5,503,0,4.4023,4.4027,7.1299
1,1000,5,1009,0,8.4024,9.031,9.6635
1,1000,5,10007,0,94.9833,99.0407,96.9235
1,1000,5,50021,0,480.7,496.169,476.544
1,1000,5,100003,0,943.872,929.253,955.491
1,1000,7,53,0,2.3436,0.9398,0.6839
1,1000,7,89,0,1.0887,1.0776,1.0554
1,1000,7,101,0,1.1912,1.1848,1.1818
1,1000,7,503,0,7.02,5.7681,5.9993
1,1000,7,1009,0,14.1001,12.9578,13.8139
1,1000,7,10007,0,123.319,119.634,126.636
1,1000,7,50021,0,626.654,623.086,610.725
1,1000,7,100003,0,1259.2,1278.52,1291.96
1,1000,9,53,0,1.2006,0.7599,0.7633
1,1000,9,89,0,2.8611,1.2458,1.2162
1,1000,9,101,0,1.4919,1.4422,1.4522
1,1000,9,503,0,7.5851,7.1553,10.8039
1,1000,9,1009,0,15.6535,18.6123,15.0546
1,1000,9,10007,0,158.972,157.845,160.792
1,1000,9,50021,0,793.831,797.286,785.23
1,1000,9,100003,0,1556.05,1608.77,1589.84
2,1000,0,53,0,0.3672,0.284,0.4328
2,1000,0,89,0,0.3383,0.3466,0.5119
2,1000,0,101,0,0.5947,0.4022,0.4318
2,1000,0,503,0,1.7276,1.6274,2.7658
2,1000,0,1009,0,3.0195,3.0262,3.1907
2,1000,0,10007,0,33.8067,37.1144,31.2111
2,1000,0,50021,0,158.707,160.697,171.509
2,1000,0,100003,0,321.444,320.225,325.87
2,1000,1,53,0,0.7006,0.7282,0.573
2,1000,1,89,0,0.6203,0.5207,0.7042
2,1000,1,101,0,0.6597,0.5807,1.2095
2,1000,1,503,0,3.3516,2.9319,2.978
2,1000,1,1009,0,5.8181,5.3146,6.2688
2,1000,1,10007,0,40.966,47.9477,53.5589
2,1000,1,50021,0,289.042,290.338,241.047
2,1000,1,100003,0,523.167,554.608,505.123
2,1000,3,53,0,0.581,0.7868,0.7755
2,1000,3,89,0,1.7106,2.2486,2.3405
2,1000,3,101,0,0.6701,0.6509,0.7682
2,1000,3,503,0,3.4253,3.22,3.2359
2,1000,3,1009,0,5.688,7.0035,12.5307
2,1000,3,10007,0,119.066,116.193,110.249
2,1000,3,50021,0,535.938,530.728,536.745
2,1000,3,100003,0,1050.37,1037.2,1023.79
2,1000,5,53,0,1.1485,0.582,1.2242
2,1000,5,89,0,0.9398,0.8917,1.8633
2,1000,5,101,0,1.0196,0.9017,0.8901
2,1000,5,503,0,4.3896,4.509,4.5191
2,1000,5,1009,0,17.9353,17.5084,17.7755
2,1000,5,10007,0,164.409,148.598,149.252
2,1000,5,50021,0,818.382,783.722,826.669
2,1000,5,100003,0,1549.99,1564.1,1552.96
2,1000,7,53,0,1.5467,1.6601,2.542
2,1000,7,89,0,1.0872,1.3293,1.1743
2,1000,7,101,0,1.2986,1.328,1.1813
2,1000,7,503,0,5.9922,5.7933,5.968
2,1000,7,1009,0,24.9819,23.0094,23.4207
2,1000,7,10007,0,192.767,205.821,200.186
2,1000,7,50021,0,1023.9,975.506,991.781
2,1000,7,100003,0,1989.97,2056.72,2079.9
2,1000,9,53,0,0.9493,0.8794,1.2504
2,1000,9,89,0,2.6416,1.4888,2.7488
2,1000,9,101,0,4.0613,3.2577,3.1417
2,1000,9,503,0,12.8564,10.6517,15.0952
2,1000,9,1009,0,19.0463,27.7654,28.7045
2,1000,9,10007,0,264.8,232.832,263.89
2,1000,9,50021,0,1284.18,1286.48,1287.29
2,1000,9,100003,0,2555.71,2531.67,2600.46
4,1000,0,53,0,0.8291,1.0583,0.8621
4,1000,0,89,0,1.1328,0.8959,0.9348
4,1000,0,101,0,0.8674,0.8069,1.0115
4,1000,0,503,0,3.2392,3.2526,5.8422
4,1000,0,1009,0,6.126,6.5501,7.1348
4,1000,0,10007,0,62.4772,61.3973,67.1568
4,1000,0,50021,0,298.152,312.632,317.366
4,1000,0,100003,0,604.966,640.064,682.793
4,1000,1,53,0,0.969,0.9684,0.8681
4,1000,1,89,0,1.0536,1.0895,1.1105
4,1000,1,101,0,1.1391,1.2451,1.2
4,1000,1,503,0,7.2716,5.7562,4.0149
4,1000,1,1009,0,8.7036,9.9629,8.046
4,1000,1,10007,0,94.5168,100.133,91.6573
4,1000,1,50021,0,430.182,463.243,449.903
4,1000,1,100003,0,860.797,912.168,912.313
4,1000,3,53,0,1.186,1.0576,1.2395
4,1000,3,89,0,1.4895,1.4522,1.4483
4,1000,3,101,0,1.7133,1.591,1.6126
4,1000,3,503,0,8.5569,6.6366,6.5208
4,1000,3,1009,0,13.2317,12.1262,15.5747
4,1000,3,10007,0,129.54,120.422,130.005
4,1000,3,50021,0,588.172,617.925,611.558
4,1000,3,100003,0,1180.03,1183.64,1172.43
4,1000,5,53,0,1.3993,1.2365,1.134
4,1000,5,89,0,1.1713,1.485,1.3828
4,1000,5,101,0,2.0412,1.1799,2.0788
4,1000,5,503,0,7.7625,9.6877,11.3989
4,1000,5,1009,0,17.47,18.771,18.2714
4,1000,5,10007,0,175.072,184.55,168.722
4,1000,5,50021,0,850.256,883.633,947.904
4,1000,5,100003,0,1874.07,1808.78,1768.32
4,1000,7,53,0,2.6467,1.5838,1.43
4,1000,7,89,0,2.2201,2.3475,2.2443
4,1000,7,101,0,2.7048,2.6635,2.6568
4,1000,7,503,0,14.4922,12.9234,13.0239
4,1000,7,1009,0,28.0339,14.043,25.8549
4,1000,7,10007,0,258.587,236.71,222.36
4,1000,7,50021,0,1200.4,1155.98,1147.31
4,1000,7,100003,0,2295.92,2265.94,2390.66
4,1000,9,53,0,2.0699,2.0809,1.6432
4,1000,9,89,0,2.7594,3.0129,5.2197
4,1000,9,101,0,3.2029,3.1286,3.2181
4,1000,9,503,0,15.4593,17.6713,15.4583
4,1000,9,1009,0,33.9525,33.6427,32.5562
4,1000,9,10007,0,298.306,278.011,298.293
4,1000,9,50021,0,1418.27,1438.37,1395.96
4,1000,9,100003,0,2807.69,2813.68,2860.05
8,1000,0,53,0,1.7041,1.6625,1.6924
8,1000,0,89,0,2.0022,1.7361,2.4903
8,1000,0,101,0,2.1229,1.962,2.4139
8,1000,0,503,0,9.7516,6.791,8.0093
8,1000,0,1009,0,15.3712,14.0942,15.2563
8,1000,0,10007,0,145.371,145.908,172.315
8,1000,0,50021,0,824.222,817.636,851.874
8,1000,0,100003,0,1647.38,1556.6,1659.36
8,1000,1,53,0,2.6189,2.5519,2.4475
8,1000,1,89,0,3.4645,3.7345,2.9304
8,1000,1,101,0,4.1947,3.6622,4.7712
8,1000,1,503,0,12.794,11.9005,12.9862
8,1000,1,1009,0,24.1536,25.7752,22.9196
8,1000,1,10007,0,210.004,220.518,195.241
8,1000,1,50021,0,981.348,1008.58,971.601
8,1000,1,100003,0,1897.8,2162.35,2109.44
8,1000,3,53,0,3.3647,3.6684,2.8948
8,1000,3,89,0,4.4501,4.3351,4.88
8,1000,3,101,0,5.3628,4.6527,3.9314
8,1000,3,503,0,14.8208,14.4633,17.6519
8,1000,3,1009,0,26.2599,27.9841,27.983
8,1000,3,10007,0,241.01,237.804,233.622
8,1000,3,50021,0,1116.09,1126.09,1059.48
8,1000,3,100003,0,2029.43,2184.78,2284.61
8,1000,5,53,0,3.2561,3.0332,3.3287
8,1000,5,89,0,4.801,4.3488,3.6257
8,1000,5,101,0,4.5446,4.5256,4.1397
8,1000,5,503,0,14.4333,16.2767,14.9771
8,1000,5,1009,0,28.3974,28.8756,28.5417
8,1000,5,10007,0,262.986,256.248,238.109
8,1000,5,50021,0,1184.93,1203.55,1211.97
8,1000,5,100003,0,2314.87,2381.37,2269.42
8,1000,7,53,0,3.9322,3.5937,3.7844
8,1000,7,89,0,3.7735,3.485,3.1903
8,1000,7,101,0,3.8732,3.3795,3.5418
8,1000,7,503,0,12.2553,12.088,14.8681
8,1000,7,1009,0,29.6754,28.4355,33.0007
8,1000,7,10007,0,261.271,273.954,265.523
8,1000,7,50021,0,1375.74,1364.75,1327.65
8,1000,7,100003,0,2650.02,2709.18,2616.35
8,1000,9,53,0,4.2873,4.089,3.7929
8,1000,9,89,0,3.728,3.6685,4.4086
8,1000,9,101,0,3.7891,3.7787,3.8571
8,1000,9,503,0,19.1317,17.3079,19.7563
8,1000,9,1009,0,36.8372,27.0295,35.6996
8,1000,9,10007,0,341.029,330.271,341.753
8,1000,9,50021,0,1610.55,1661.83,1687.34
8,1000,9,100003,0,3261.89,3318.25,3166.29
12,1000,0,53,0,2.4898,1.7233,4.3485
12,1000,0,89,0,3.7652,2.3333,4.0554
12,1000,0,101,0,4.3963,3.8766,4.493
12,1000,0,503,0,14.83,12.6811,17.2398
12,1000,0,1009,0,27.5907,23.7012,29.0205
12,1000,0,10007,0,274.581,250.535,297.394
12,1000,0,50021,0,1473.59,1440.01,1781.74
12,1000,0,100003,0,3091.98,2836.95,3144.74
12,1000,1,53,0,5.4879,6.6019,4.2362
12,1000,1,89,0,7.3159,7.3114,6.1601
12,1000,1,101,0,7.9706,9.5594,6.4699
12,1000,1,503,0,25.4958,25.8665,21.6777
12,1000,1,1009,0,46.6705,45.0302,39.4435
12,1000,1,10007,0,380.746,374.234,359.304
12,1000,1,50021,0,1770.32,1847.19,1816.67
12,1000,1,100003,0,3376.95,3792.33,3454.39
12,1000,3,53,0,5.8625,5.588,4.4274
12,1000,3,89,0,7.3229,7.4645,5.5887
12,1000,3,101,0,8.0353,9.3043,6.8035
12,1000,3,503,0,24.7715,27.2284,27.4366
12,1000,3,1009,0,48.1847,47.5262,46.4021
12,1000,3,10007,0,391.201,399.868,416.2
12,1000,3,50021,0,1799.66,1936.56,1897.88
12,1000,3,100003,0,3410.18,3984.02,3838.75
12,1000,5,53,0,5.2748,5.3924,4.3478
12,1000,5,89,0,8.2093,7.3062,6.0668
12,1000,5,101,0,7.5332,9.3443,6.4847
12,1000,5,503,0,24.9054,27.1021,24.8177
12,1000,5,1009,0,46.5288,46.3482,44.8328
12,1000,5,10007,0,366.804,390.253,388.614
12,1000,5,50021,0,1883.78,2036.35,1935.78
12,1000,5,100003,0,3791.31,4401.64,3919.74
12,1000,7,53,0,5.9929,5.4056,4.4632
12,1000,7,89,0,9.8562,7.62,6.3374
12,1000,7,101,0,8.4575,8.9382,7.2281
12,1000,7,503,0,26.2255,27.4748,24.8224
12,1000,7,1009,0,47.6645,51.9182,45.3915
12,1000,7,10007,0,407.355,438.815,406.066
12,1000,7,50021,0,1972.18,2232.54,2198.69
12,1000,7,100003,0,4119.88,4210.19,4103.6
12,1000,9,53,0,6.1093,5.9975,4.4249
12,1000,9,89,0,7.7894,7.8382,11.3466
12,1000,9,101,0,7.5513,8.2477,7.097
12,1000,9,503,0,26.6531,28.4887,24.3116
12,1000,9,1009,0,50.6745,51.5447,49.2427
12,1000,9,10007,0,455.143,479.078,498.019
12,1000,9,50021,0,2232.29,2192.46,2230.56
12,1000,9,100003,0,4290.69,4572.14,4320.87
16,1000,0,53,0,8.2899,4.8027,4.6877
16,1000,0,89,0,5.6026,5.1011,7.2824
16,1000,0,101,0,8.7145,7.0264,7.3393
16,1000,0,503,0,26.2197,17.4465,25.6738
16,1000,0,1009,0,44.9909,39.5656,47.6026
16,1000,0,10007,0,457.101,364.52,486.055
16,1000,0,50021,0,2153.74,2060.3,2766.03
16,1000,0,100003,0,4731.22,4283.21,5490.66
16,1000,1,53,0,9.3031,10.0984,7.165
16,1000,1,89,0,11.5518,15.1034,9.4391
16,1000,1,101,0,12.5214,15.8691,9.7495
16,1000,1,503,0,43.4135,36.6507,41.6393
16,1000,1,1009,0,73.7425,71.3406,67.4958
16,1000,1,10007,0,607.801,589.987,573.048
16,1000,1,50021,0,2510.36,2981.79,2738.18
16,1000,1,100003,0,4925.14,6060.48,5597.46
16,1000,3,53,0,9.9747,10.7907,13.9738
16,1000,3,89,0,13.595,15.8574,9.0939
16,1000,3,101,0,13.3806,13.4796,14.5499
16,1000,3,503,0,37.8792,37.7017,36.8965
16,1000,3,1009,0,74.0445,72.7195,67.2805
16,1000,3,10007,0,596.195,623.418,623.47
16,1000,3,50021,0,2603.28,3013.47,2923.22
16,1000,3,100003,0,5220.79,6445.55,5823.88
16,1000,5,53,0,13.0263,10.5553,7.4525
16,1000,5,89,0,12.7397,14.6426,10.1576
16,1000,5,101,0,14.4789,13.9746,10.0323
16,1000,5,503,0,41.8853,40.6392,39.6768
16,1000,5,1009,0,78.5822,77.3988,77.0809
16,1000,5,10007,0,663.892,624.513,689.266
16,1000,5,50021,0,2955.87,3231.64,3150.08
16,1000,5,100003,0,5644.27,6443.93,6133.96
16,1000,7,53,0,11.495,11.211,13.2676
16,1000,7,89,0,14.0424,12.9911,9.694
16,1000,7,101,0,15.8574,12.9984,11.0238
16,1000,7,503,0,43.5059,45.1236,40.3375
16,1000,7,1009,0,72.9161,82.0027,75.9774
16,1000,7,10007,0,668.422,692.524,683.308
16,1000,7,50021,0,2980.18,3305.33,3154.06
16,1000,7,100003,0,6146.61,6763.82,6553.59
16,1000,9,53,0,11.4623,10.7598,7.7215
16,1000,9,89,0,13.7791,12.7273,13.3589
16,1000,9,101,0,14.3206,14.6556,10.4021
16,1000,9,503,0,40.0551,43.6183,40.9616
16,1000,9,1009,0,78.7186,82.5546,79.3227
16,1000,9,10007,0,664.56,731.937,701.042
16,1000,9,50021,0,3294.15,3508.19,4338.28
16,1000,9,100003,0,6518.69,6886.41,6615.22
20,1000,0,53,0,6.0729,8.9533,11.6146
20,1000,0,89,0,11.1449,8.4116,13.7631
20,1000,0,101,0,15.3534,11.2569,12.1128
20,1000,0,503,0,40.5257,28.6611,41.3976
20,1000,0,1009,0,74.8613,58.6581,83.7304
20,1000,0,10007,0,606.581,524.269,603.549
20,1000,0,50021,0,2764.42,2855.96,3213.07
20,1000,0,100003,0,6114.6,5748.33,6334.02
20,1000,1,53,0,16.401,13.2991,14.1283
20,1000,1,89,0,15.8368,18.8221,20.1985
20,1000,1,101,0,16.8357,20.3888,12.767
20,1000,1,503,0,55.9129,50.3865,49.8579
20,1000,1,1009,0,87.4319,77.4383,69.9802
20,1000,1,10007,0,707.223,750.758,660.251
20,1000,1,50021,0,2950.09,3610.78,3376.33
20,1000,1,100003,0,5662.72,7311.49,6530.46
20,1000,3,53,0,12.6565,13.9696,8.4716
20,1000,3,89,0,17.5212,17.9798,14.7554
20,1000,3,101,0,18.5262,22.4548,12.9982
20,1000,3,503,0,51.8771,48.4232,46.448
20,1000,3,1009,0,86.3918,87.3546,93.6797
20,1000,3,10007,0,676.243,744.19,649.078
20,1000,3,50021,0,2979.01,3774.26,3565.64
20,1000,3,100003,0,5909.05,7573.6,6951.86
20,1000,5,53,0,17.0384,14.1357,20.3868
20,1000,5,89,0,19.5897,18.3385,21.8825
20,1000,5,101,0,19.913,19.459,22.2708
20,1000,5,503,0,51.3903,52.3951,47.2352
20,1000,5,1009,0,94.7327,96.2547,82.8474
20,1000,5,10007,0,719.247,770.462,786.486
20,1000,5,50021,0,3250.15,3951.96,3723.4
20,1000,5,100003,0,6591.58,7864.54,7486.08
20,1000,7,53,0,14.0472,13.8985,8.3212
20,1000,7,89,0,14.8806,18.1408,12.1225
20,1000,7,101,0,19.0687,16.4241,18.2379
20,1000,7,503,0,47.7593,47.6158,59.3133
20,1000,7,1009,0,91.4135,95.837,88.9255
20,1000,7,10007,0,771.468,846.13,802.72
20,1000,7,50021,0,3469.51,4215.32,3806.1
20,1000,7,100003,0,7062.02,8379.48,7604.1
20,1000,9,53,0,13.5194,12.7385,9.9291
20,1000,9,89,0,11.9189,13.4806,9.733
20,1000,9,101,0,14.6834,14.1036,16.9112
20,1000,9,503,0,40.7234,40.803,43.7974
20,1000,9,1009,0,83.3937,81.4356,81.3069
20,1000,9,10007,0,798.089,898.674,810.622
20,1000,9,50021,0,3768.88,4297.06,3882.8
20,1000,9,100003,0,7350.41,8531.65,7825.26
1,1000,0,53,0,1.0236,0.9524,0.8737
1,1000,0,89,0,0.6113,0.6294,0.4275
1,1000,0,101,0,0.4038,0.4413,0.4945
1,1000,0,503,0,1.4931,1.3442,1.3631
1,1000,0,1009,0,2.8807,2.5324,2.5083
1,1000,0,10007,0,22.8891,22.892,22.6835
1,1000,0,50021,0,97.5334,83.3294,82.157
1,1000,0,100003,0,161.029,159.625,156.866
1,1000,1,53,0,0.5069,0.3952,0.2257
1,1000,1,89,0,0.3398,0.3152,0.3106
1,1000,1,101,0,0.3527,0.3593,0.347
1,1000,1,503,0,1.5514,1.619,1.4302
1,1000,1,1009,0,2.7395,2.7927,2.8961
1,1000,1,10007,0,32.1259,31.3946,29.0815
1,1000,1,50021,0,162.23,164.656,168.624
1,1000,1,100003,0,330.861,322.863,315.232
1,1000,3,53,0,0.9097,0.8658,1.0649
1,1000,3,89,0,1.3081,0.9974,0.5495
1,1000,3,101,0,0.6297,0.9579,0.6642
1,1000,3,503,0,3.0899,4.0163,3.0742
1,1000,3,1009,0,6.2289,8.8897,7.1744
1,1000,3,10007,0,64.428,66.2622,62.7982
1,1000,3,50021,0,318.801,327.686,313.173
1,1000,3,100003,0,622.515,640.423,630.411
1,1000,5,53,0,0.7533,0.5173,0.4986
1,1000,5,89,0,0.8611,0.7882,0.7679
1,1000,5,101,0,0.8786,0.8732,0.8619
1,1000,5,503,0,4.2834,4.4658,4.5218
1,1000,5,1009,0,11.5141,8.6422,8.7806
1,1000,5,10007,0,94.0882,101.427,90.514
1,1000,5,50021,0,470.758,468.446,487.909
1,1000,5,100003,0,945.908,956.512,943.748
1,1000,7,53,0,0.6753,0.6246,0.6464
1,1000,7,89,0,1.0564,1.0357,1.0409
1,1000,7,101,0,1.1602,1.1606,1.1773
1,1000,7,503,0,5.7759,5.8213,6.1343
1,1000,7,1009,0,12.2433,11.2759,14.1736
1,1000,7,10007,0,122.647,116.582,125.23
1,1000,7,50021,0,639.18,647.531,615.158
1,1000,7,100003,0,1223.47,1232.61,1261.58
1,1000,9,53,0,0.9311,0.8572,0.8473
1,1000,9,89,0,2.2004,1.3395,1.2413
1,1000,9,101,0,1.4118,1.4453,2.0571
1,1000,9,503,0,6.7531,7.1282,10.8756
1,1000,9,1009,0,15.2704,17.8517,15.386
1,1000,9,10007,0,163.368,163.34,161.74
1,1000,9,50021,0,791.301,783.725,784.748
1,1000,9,100003,0,1594.53,1527.61,1514.52
2,1000,0,53,0,0.506,0.3033,0.3991
2,1000,0,89,0,0.3531,0.3562,0.507
2,1000,0,101,0,0.3612,0.5926,0.6394
2,1000,0,503,0,1.4851,1.5848,1.7347
2,1000,0,1009,0,2.9536,2.985,3.2566
2,1000,0,10007,0,32.1686,30.3002,32.1976
2,1000,0,50021,0,155.178,154.655,155.006
2,1000,0,100003,0,310.675,312.859,318.951
2,1000,1,53,0,0.8038,0.6078,0.9573
2,1000,1,89,0,0.691,0.8649,0.8902
2,1000,1,101,0,0.6309,0.6093,0.6932
2,1000,1,503,0,2.7386,3.0817,3.1669
2,1000,1,1009,0,6.0396,3.1429,6.2152
2,1000,1,10007,0,57.9546,37.0956,57.9245
2,1000,1,50021,0,281.19,263.005,269.669
2,1000,1,100003,0,518.009,532.724,478.956
2,1000,3,53,0,0.8247,0.9657,0.8743
2,1000,3,89,0,1.0546,1.0502,1.08
2,1000,3,101,0,2.2691,1.1637,1.3499
2,1000,3,503,0,5.9026,6.8452,4.8679
2,1000,3,1009,0,11.4979,11.4202,12.387
2,1000,3,10007,0,88.2308,118.247,111.917
2,1000,3,50021,0,515.896,510.798,523.09
2,1000,3,100003,0,999.862,1070.68,1036.37
2,1000,5,53,0,0.8303,0.6017,0.694
2,1000,5,89,0,0.8836,0.9137,0.8377
2,1000,5,101,0,0.9063,0.9132,1.0478
2,1000,5,503,0,9.6864,6.784,9.0721
2,1000,5,1009,0,15.513,10.9867,19.1089
2,1000,5,10007,0,160.487,158.786,157.519
2,1000,5,50021,0,809.693,770.979,764.607
2,1000,5,100003,0,1560.85,1534.55,1525.91
2,1000,7,53,0,1.0449,1.2884,1.5537
2,1000,7,89,0,1.9899,2.0983,2.1338
2,1000,7,101,0,2.3719,2.3923,4.7529
2,1000,7,503,0,11.6739,8.3464,10.9468
2,1000,7,1009,0,23.7461,24.201,12.5751
2,1000,7,10007,0,187.079,205.542,203.428
2,1000,7,50021,0,1032.57,991.048,1024.97
2,1000,7,100003,0,2034.49,2054.99,2097.28
2,1000,9,53,0,3.3388,2.4019,1.2435
2,1000,9,89,0,1.6939,1.5985,1.8082
2,1000,9,101,0,3.015,3.1956,3.2685
2,1000,9,503,0,14.8011,14.3445,14.3956
2,1000,9,1009,0,29.1897,33.4052,32.2095
2,1000,9,10007,0,281.266,274.654,265.892
2,1000,9,50021,0,1277.81,1285.44,1247.11
2,1000,9,100003,0,2620.21,2611,2608.95
4,1000,0,53,0,0.884,0.7898,0.724
4,1000,0,89,0,0.6479,0.7839,1.0454
4,1000,0,101,0,1.0344,0.7995,1.1003
4,1000,0,503,0,3.2455,3.4895,3.4898
4,1000,0,1009,0,6.6592,6.638,9.0659
4,1000,0,10007,0,60.0982,65.0959,65.3073
4,1000,0,50021,0,311.498,317.075,336.997
4,1000,0,100003,0,624.573,667.889,678.465
4,1000,1,53,0,0.9087,0.9717,0.8259
4,1000,1,89,0,1.0626,1.1819,1.117
4,1000,1,101,0,1.2311,1.2669,1.2868
4,1000,1,503,0,4.669,6.3937,7.2817
4,1000,1,1009,0,8.4884,8.7791,9.0491
4,1000,1,10007,0,91.3819,87.0619,99.9384
4,1000,1,50021,0,419.534,438.354,468.541
4,1000,1,100003,0,836.982,904.736,856.741
4,1000,3,53,0,1.0346,1.4224,1.7553
4,1000,3,89,0,1.159,1.1891,1.2667
4,1000,3,101,0,1.4136,1.4532,1.4656
4,1000,3,503,0,6.5552,6.5511,6.7373
4,1000,3,1009,0,13.6709,12.8374,7.0689
4,1000,3,10007,0,119.758,98.0512,124.878
4,1000,3,50021,0,586.997,599.083,599.771
4,1000,3,100003,0,1256.44,1245.76,1246.82
4,1000,5,53,0,1.4138,1.2328,1.1426
4,1000,5,89,0,1.7095,1.6877,1.7206
4,1000,5,101,0,1.9448,1.9082,1.934
4,1000,5,503,0,11.1509,9.8782,10.3247
4,1000,5,1009,0,19.4444,17.798,10.3417
4,1000,5,10007,0,200.479,190.743,192.865
4,1000,5,50021,0,933.822,896.707,893.074
4,1000,5,100003,0,1757.93,1743.36,1664.33
4,1000,7,53,0,1.5228,1.3305,1.379
4,1000,7,89,0,2.1868,2.2298,2.2933
4,1000,7,101,0,2.5692,2.4142,2.4852
4,1000,7,503,0,11.0034,12.6193,12.2894
4,1000,7,1009,0,24.5226,25.4029,16.124
4,1000,7,10007,0,246,231.275,226.68
4,1000,7,50021,0,1117.69,1168.72,1173.74
4,1000,7,100003,0,2315.87,2286.53,2295.16
4,1000,9,53,0,2.3859,1.9543,1.6525
4,1000,9,89,0,2.9507,2.8071,2.7535
4,1000,9,101,0,3.0941,3.1136,3.614
4,1000,9,503,0,14.9293,16.4277,15.3126
4,1000,9,1009,0,23.636,26.3509,32.3491
4,1000,9,10007,0,302.645,297.694,295.221
4,1000,9,50021,0,1405.2,1405.43,1449.81
4,1000,9,100003,0,2892.47,3095.09,3010.78
8,1000,0,53,0,1.3356,1.1856,1.6303
8,1000,0,89,0,1.9724,1.7911,2.0319
8,1000,0,101,0,2.0545,1.8202,2.2073
8,1000,0,503,0,7.1706,6.5791,7.3413
8,1000,0,1009,0,14.8937,13.039,15.0556
8,1000,0,10007,0,138.726,139.138,161.978
8,1000,0,50021,0,786.794,805.792,819.402
8,1000,0,100003,0,1651.15,1567.42,1814.54
8,1000,1,53,0,2.5705,4.3749,4.4439
8,1000,1,89,0,4.3995,4.0164,3.2462
8,1000,1,101,0,3.6214,3.8845,4.2025
8,1000,1,503,0,12.9785,15.0325,11.7735
8,1000,1,1009,0,26.1354,26.8989,22.526
8,1000,1,10007,0,230.356,216.818,213.49
8,1000,1,50021,0,1039.84,1044.28,967.188
8,1000,1,100003,0,1928.78,2130.91,1898.61
8,1000,3,53,0,4.0734,3.724,3.1338
8,1000,3,89,0,4.591,4.446,3.3478
8,1000,3,101,0,4.8449,4.4663,3.8484
8,1000,3,503,0,13.5083,13.8767,12.3328
8,1000,3,1009,0,23.9783,26.3661,23.9514
8,1000,3,10007,0,217.124,209.933,194.989
8,1000,3,50021,0,996.453,1074.58,1057.8
8,1000,3,100003,0,2088.27,2276.1,2156.68
8,1000,5,53,0,4.002,3.4147,2.9319
8,1000,5,89,0,4.1706,4.5884,3.9044
8,1000,5,101,0,4.2981,4.2931,6.8593
8,1000,5,503,0,12.2459,12.3869,13.0206
8,1000,5,1009,0,26.8782,26.8127,22.6047
8,1000,5,10007,0,236.022,220.022,217.972
8,1000,5,50021,0,1140.03,1159.28,1170.3
8,1000,5,100003,0,2277.73,2423.73,2309.45
8,1000,7,53,0,3.2644,3.4642,3.997
8,1000,7,89,0,4.4773,4.2512,3.3946
8,1000,7,101,0,4.2631,4.359,3.6637
8,1000,7,503,0,15.2792,14.5118,15.3918
8,1000,7,1009,0,32.3204,29.4028,24.0945
8,1000,7,10007,0,277.566,268.921,291.197
8,1000,7,50021,0,1369.3,1368.24,1293.14
8,1000,7,100003,0,2665.62,2733.43,2705.89
8,1000,9,53,0,3.9737,4.0411,3.5604
8,1000,9,89,0,4.0645,4.4795,4.9074
8,1000,9,101,0,5.4087,4.2973,4.4616
8,1000,9,503,0,18.6986,20.5205,20.6623
8,1000,9,1009,0,38.5075,38.3954,40.9465
8,1000,9,10007,0,348.904,356.37,345.033
8,1000,9,50021,0,1688.76,1738.2,1632.66
8,1000,9,100003,0,3167.05,3346.32,3361.5
12,1000,0,53,0,2.7263,3.035,6.2224
12,1000,0,89,0,4.1012,3.4768,4.4685
12,1000,0,101,0,4.8806,3.7113,5.4606
12,1000,0,503,0,15.061,12.6962,14.5291
12,1000,0,1009,0,28.6517,25.3804,32.9561
12,1000,0,10007,0,290.724,252.317,321.573
12,1000,0,50021,0,1530.78,1371.17,1653.96
12,1000,0,100003,0,2844.07,2894.83,3338.18
12,1000,1,53,0,6.5395,5.8417,4.487
12,1000,1,89,0,6.5762,7.6001,9.2006
12,1000,1,101,0,7.4038,7.7291,6.3386
12,1000,1,503,0,27.0583,20.6837,26.0776
12,1000,1,1009,0,46.6969,47.9742,42.0821
12,1000,1,10007,0,398.182,377.049,345.906
12,1000,1,50021,0,1667.33,1762.57,1740.54
12,1000,1,100003,0,3185.39,3873.8,3499.23
12,1000,3,53,0,6.4575,6.2675,6.0324
12,1000,3,89,0,7.673,8.2168,6.6655
12,1000,3,101,0,8.6141,8.455,7.3412
12,1000,3,503,0,26.8785,26.9673,22.1354
12,1000,3,1009,0,45.5078,44.5498,44.5404
12,1000,3,10007,0,414.27,426.149,390.302
12,1000,3,50021,0,1699.51,1902.1,1909.53
12,1000,3,100003,0,3516.86,4104.99,3788.47
12,1000,5,53,0,5.5182,5.4504,7.5796
12,1000,5,89,0,7.2235,7.274,6.628
12,1000,5,101,0,8.2163,8.3102,8.9859
12,1000,5,503,0,25.5725,26.6034,24.2579
12,1000,5,1009,0,43.2915,47.1634,45.7018
12,1000,5,10007,0,394.491,386.215,381.586
12,1000,5,50021,0,1904.69,2148.04,2011.87
12,1000,5,100003,0,3959.77,4116.21,3895.31
12,1000,7,53,0,6.5891,7.4492,5.4579
12,1000,7,89,0,8.4667,8.6161,10.9127
12,1000,7,101,0,8.2368,8.302,7.6959
12,1000,7,503,0,27.3339,28.3339,27.9303
12,1000,7,1009,0,48.9132,52.9897,47.7721
12,1000,7,10007,0,430.622,453.992,430.762
12,1000,7,50021,0,2084.92,2159.04,2062.28
12,1000,7,100003,0,3932.28,4365.7,4090.51
12,1000,9,53,0,6.0846,6.6571,5.2206
12,1000,9,89,0,7.7082,7.9991,6.8094
12,1000,9,101,0,8.8235,9.086,7.7292
12,1000,9,503,0,26.2093,27.7423,27.2391
12,1000,9,1009,0,50.7482,45.1115,48.1409
12,1000,9,10007,0,429.758,464.66,458.839
12,1000,9,50021,0,2166.13,2149.38,2230.64
12,1000,9,100003,0,4635.09,4544.15,4336.29
16,1000,0,53,0,4.0447,5.3939,5.0757
16,1000,0,89,0,7.5284,5.9671,6.9995
16,1000,0,101,0,7.5993,5.5907,7.8563
16,1000,0,503,0,27.2372,19.2188,25.0618
16,1000,0,1009,0,47.4121,37.3229,53.9397
16,1000,0,10007,0,438.384,406.926,551.007
16,1000,0,50021,0,2333.55,2127.3,2772.93
16,1000,0,100003,0,4310.93,4472.5,5392.7
16,1000,1,53,0,8.7258,10.7153,6.5304
16,1000,1,89,0,11.3907,13.6081,10.0517
16,1000,1,101,0,11.992,14.0152,9.5131
16,1000,1,503,0,42.0623,39.5332,31.7776
16,1000,1,1009,0,77.0431,72.3168,58.6478
16,1000,1,10007,0,590.124,584.488,562.172
16,1000,1,50021,0,2401.6,2991.04,2821.88
16,1000,1,100003,0,4720.6,5995.28,6005.09
16,1000,3,53,0,11.124,11.9516,12.2463
16,1000,3,89,0,13.1848,13.3137,18.0777
16,1000,3,101,0,13.5929,16.9306,10.2099
16,1000,3,503,0,41.6417,41.7898,41.534
16,1000,3,1009,0,76.6464,77.7622,74.0191
16,1000,3,10007,0,594.356,598.991,601.365
16,1000,3,50021,0,2516.38,3030.24,3095.4
16,1000,3,100003,0,5396.42,6190.45,6068.13
16,1000,5,53,0,12.367,11.3066,7.4723
16,1000,5,89,0,13.5358,15.0437,10.1032
16,1000,5,101,0,14.6451,13.2961,14.1558
16,1000,5,503,0,42.5638,40.039,36.7608
16,1000,5,1009,0,78.5737,78.5353,71.2793
16,1000,5,10007,0,623.02,627.717,618.298
16,1000,5,50021,0,2869.51,3190.96,3227.57
16,1000,5,100003,0,5616.93,6380.22,6549.19
16,1000,7,53,0,10.8858,10.0723,12.0547
16,1000,7,89,0,12.7256,12.605,10.5041
16,1000,7,101,0,14.1499,13.2453,13.9773
16,1000,7,503,0,42.5963,40.8264,44.2409
16,1000,7,1009,0,76.7641,76.7557,68.7379
16,1000,7,10007,0,653.69,663.505,656.939
16,1000,7,50021,0,2938.38,3407.97,3380.91
16,1000,7,100003,0,6224.12,6759.38,6443.84
16,1000,9,53,0,9.8602,8.1391,5.8913
16,1000,9,89,0,9.838,10.0337,8.1027
16,1000,9,101,0,12.0242,10.7035,9.0354
16,1000,9,503,0,32.2928,36.536,34.0881
16,1000,9,1009,0,66.5821,69.111,69.383
16,1000,9,10007,0,629.379,708.966,669.483
16,1000,9,50021,0,3226.16,3571.88,3227.58
16,1000,9,100003,0,6275.25,7260.78,6600.76
20,1000,0,53,0,5.8576,7.8909,9.179
20,1000,0,89,0,10.9277,11.6929,14.9445
20,1000,0,101,0,12.0801,12.5059,10.0363
20,1000,0,503,0,41.5167,24.2266,32.2583
20,1000,0,1009,0,63.7094,45.6026,58.8415
20,1000,0,10007,0,582.692,533.298,642.237
20,1000,0,50021,0,3016.83,2967.91,3172.62
20,1000,0,100003,0,5675.2,5971.25,6373.75
20,1000,1,53,0,12.2293,15.5054,8.6306
20,1000,1,89,0,15.9348,17.0315,10.4113
20,1000,1,101,0,17.37,19.1257,12.8352
20,1000,1,503,0,53.7154,48.1027,50.5538
20,1000,1,1009,0,98.5391,89.7051,97.7681
20,1000,1,10007,0,740.044,747.183,684.599
20,1000,1,50021,0,2953.82,3549.44,3350.09
20,1000,1,100003,0,5552.55,7165.96,6497.48
20,1000,3,53,0,14.5095,14.0457,12.7212
20,1000,3,89,0,17.2035,19.0524,66.2727
20,1000,3,101,0,18.6057,17.9958,17.1323
20,1000,3,503,0,49.3927,49.3396,41.2723
20,1000,3,1009,0,86.8417,88.5756,70.7954
20,1000,3,10007,0,649.884,734.273,742.241
20,1000,3,50021,0,3037.18,3819.43,3736.05
20,1000,3,100003,0,5966.39,7534.49,7016.89
20,1000,5,53,0,17.9008,13.5744,15.0522
20,1000,5,89,0,17.8803,17.3477,16.1966
20,1000,5,101,0,19.6321,18.9386,12.4852
20,1000,5,503,0,54.8828,51.3456,50.074
20,1000,5,1009,0,90.6545,91.6326,84.714
20,1000,5,10007,0,678.059,777.797,790.212
20,1000,5,50021,0,3194.81,3853.33,3685.32
20,1000,5,100003,0,6343.39,7729.22,7494.76
20,1000,7,53,0,13.7353,12.9382,14.4802
20,1000,7,89,0,16.3557,16.8367,24.8281
20,1000,7,101,0,17.9115,20.5737,25.6467
20,1000,7,503,0,52.0469,48.7513,50.8701
20,1000,7,1009,0,95.2344,96.0593,82.2225
20,1000,7,10007,0,786.253,831.898,785.838
20,1000,7,50021,0,3578.69,4132.43,3831.91
20,1000,7,100003,0,7260.09,8121.18,7673.21
20,1000,9,53,0,12.4813,10.6408,7.9224
20,1000,9,89,0,14.953,15.9739,11.9759
20,1000,9,101,0,16.1158,15.0079,18.1671
20,1000,9,503,0,46.903,46.6045,43.6479
20,1000,9,1009,0,91.6631,93.7383,83.7659
20,1000,9,10007,0,803.744,851.519,767.489
20,1000,9,50021,0,3740.63,4321.16,3877.46
20,1000,9,100003,0,7350.2,8666.99,7749.63
1,1000,0,53,0,0.8381,0.6942,0.5813
1,1000,0,89,0,0.4599,0.4123,0.5211
1,1000,0,101,0,0.4406,0.4056,0.4465
1,1000,0,503,0,1.3896,1.4466,1.4237
1,1000,0,1009,0,2.6246,3.1144,4.1558
1,1000,0,10007,0,25.4538,21.201,23.4106
1,1000,0,50021,0,104.485,101.001,92.2005
1,1000,0,100003,0,176.558,174.369,176.988
1,1000,1,53,0,0.4386,0.257,0.2621
1,1000,1,89,0,0.346,0.3389,0.3168
1,1000,1,101,0,0.3537,0.35,0.3476
1,1000,1,503,0,1.4993,1.5082,1.5033
1,1000,1,1009,0,2.9919,3.0124,4.3941
1,1000,1,10007,0,36.3953,34.7962,32.1781
1,1000,1,50021,0,168.105,161.425,160.713
1,1000,1,100003,0,321.495,316.296,318.931
1,1000,3,53,0,0.4306,0.3666,0.3626
1,1000,3,89,0,0.5747,0.5577,0.5463
1,1000,3,101,0,0.6452,1.4347,1.7931
1,1000,3,503,0,3.2161,2.8108,2.8702
1,1000,3,1009,0,6.1793,5.7062,5.5882
1,1000,3,10007,0,70.1083,66.1766,66.3942
1,1000,3,50021,0,318.711,307.781,301.536
1,1000,3,100003,0,610.152,619.489,604.116
1,1000,5,53,0,0.955,0.5567,0.5543
1,1000,5,89,0,0.8483,0.8426,0.8398
1,1000,5,101,0,0.9705,0.9505,0.968
1,1000,5,503,0,4.6869,6.1462,4.3778
1,1000,5,1009,0,8.578,8.8394,11.0271
1,1000,5,10007,0,87.2285,93.2243,94.5995
1,1000,5,50021,0,460.887,469.95,468.281
1,1000,5,100003,0,943.204,978.62,958.214
1,1000,7,53,0,0.7715,1.3603,0.7247
1,1000,7,89,0,1.0242,1.007,1.0234
1,1000,7,101,0,1.2084,1.1908,1.1859
1,1000,7,503,0,5.752,8.6545,5.4186
1,1000,7,1009,0,12.0748,18.106,11.2864
1,1000,7,10007,0,130.599,128.324,129.027
1,1000,7,50021,0,635.644,629.473,657.323
1,1000,7,100003,0,1231.1,1227.49,1257.55
1,1000,9,53,0,1.5681,0.8783,0.8712
1,1000,9,89,0,1.804,3.3588,1.2718
1,1000,9,101,0,1.4807,1.4378,1.488
1,1000,9,503,0,7.3628,7.4965,9.5567
1,1000,9,1009,0,15.087,16.4812,14.2733
1,1000,9,10007,0,153.066,155.982,155.585
1,1000,9,50021,0,797.767,785.366,786.86
1,1000,9,100003,0,1644.57,1591.98,1562.78
2,1000,0,53,0,0.3851,0.2937,0.8397
2,1000,0,89,0,0.3602,0.3395,0.4235
2,1000,0,101,0,0.4639,0.4962,0.5528
2,1000,0,503,0,1.4438,1.7411,1.8578
2,1000,0,1009,0,4.089,3.088,3.2331
2,1000,0,10007,0,32.4935,33.1848,34.2107
2,1000,0,50021,0,162.66,164.748,164.012
2,1000,0,100003,0,322.064,319.213,327.494
2,1000,1,53,0,0.4874,0.4678,0.5301
2,1000,1,89,0,0.6403,0.8202,0.8816
2,1000,1,101,0,0.5843,1.0437,0.9222
2,1000,1,503,0,3.1001,1.9665,2.8566
2,1000,1,1009,0,5.7222,6.4675,6.7771
2,1000,1,10007,0,42.7959,61.3654,60.1053
2,1000,1,50021,0,287.594,276.119,283.481
2,1000,1,100003,0,555.674,577.802,563.676
2,1000,3,53,0,1.368,0.6433,0.7174
2,1000,3,89,0,1.0434,2.3584,1.7131
2,1000,3,101,0,1.23,0.705,1.2133
2,1000,3,503,0,5.7758,3.6792,5.9496
2,1000,3,1009,0,11.6666,12.3044,12.4654
2,1000,3,10007,0,121.964,113.026,115.606
2,1000,3,50021,0,548.513,544.148,562.993
2,1000,3,100003,0,1134.06,1106.95,1149.09
2,1000,5,53,0,1.0643,0.6157,0.5668
2,1000,5,89,0,1.8415,2.6635,1.2869
2,1000,5,101,0,1.7796,1.8935,1.8982
2,1000,5,503,0,9.4566,9.2908,6.8502
2,1000,5,1009,0,17.8062,17.5585,16.9909
2,1000,5,10007,0,164.012,154.519,157.049
2,1000,5,50021,0,828.57,824.47,848.291
2,1000,5,100003,0,1532.6,1567.86,1595.9
2,1000,7,53,0,0.9,1.4278,1.5113
2,1000,7,89,0,1.2466,2.0785,1.9816
2,1000,7,101,0,2.2926,1.3156,2.3758
2,1000,7,503,0,11.9171,11.6125,11.8602
2,1000,7,1009,0,11.8915,20.2235,12.312
2,1000,7,10007,0,224.103,219.269,217.104
2,1000,7,50021,0,1053.65,1047.89,1041.58
2,1000,7,100003,0,2010.66,2051.65,2014.3
2,1000,9,53,0,1.4307,3.6764,1.4613
2,1000,9,89,0,2.4846,2.6325,2.6647
2,1000,9,101,0,1.8351,2.9027,3.2176
2,1000,9,503,0,13.7921,13.9085,12.1457
2,1000,9,1009,0,30.5672,30.1491,28.6385
2,1000,9,10007,0,265.745,260.604,233.359
2,1000,9,50021,0,1275.99,1264.41,1344.2
2,1000,9,100003,0,2555.89,2593.12,2491.91
4,1000,0,53,0,1.0251,0.8107,0.9904
4,1000,0,89,0,0.9002,0.8064,1.0161
4,1000,0,101,0,1.4274,2.0014,1.3895
4,1000,0,503,0,3.1826,3.0946,3.5305
4,1000,0,1009,0,6.7721,6.2432,8.1981
4,1000,0,10007,0,61.6751,61.4416,69.0461
4,1000,0,50021,0,304.693,315.464,329.538
4,1000,0,100003,0,612.552,646.196,656.71
4,1000,1,53,0,1.1322,1.0157,0.9921
4,1000,1,89,0,1.0156,1.0574,1.0731
4,1000,1,101,0,1.1503,1.2451,1.1966
4,1000,1,503,0,5.7052,4.0636,3.9492
4,1000,1,1009,0,7.3714,11.8777,10.9464
4,1000,1,10007,0,87.9589,84.2487,93.5081
4,1000,1,50021,0,414.097,436.274,425.404
4,1000,1,100003,0,830.058,882.706,821.766
4,1000,3,53,0,1.4794,1.4591,1.086
4,1000,3,89,0,1.4627,1.4679,1.4098
4,1000,3,101,0,1.4692,1.5339,1.6175
4,1000,3,503,0,8.9766,3.7892,4.9108
4,1000,3,1009,0,6.933,7.7791,13.0541
4,1000,3,10007,0,135.194,120.159,121.746
4,1000,3,50021,0,608.796,629.949,601.47
4,1000,3,100003,0,1214.12,1170.52,1168.9
4,1000,5,53,0,1.3384,2.4918,2.0615
4,1000,5,89,0,1.6344,1.6702,1.7586
4,1000,5,101,0,1.8373,2.0273,1.9903
4,1000,5,503,0,8.6693,8.8557,9.6164
4,1000,5,1009,0,19.0639,19.8981,18.1686
4,1000,5,10007,0,158.008,179.486,184.917
4,1000,5,50021,0,883.616,836.556,849.103
4,1000,5,100003,0,1677.83,1679.75,1674.63
4,1000,7,53,0,1.4824,1.3366,1.4633
4,1000,7,89,0,2.2495,2.319,2.207
4,1000,7,101,0,2.5715,2.5722,2.6194
4,1000,7,503,0,12.6863,12.6551,12.1715
4,1000,7,1009,0,24.5668,25.2693,25.6728
4,1000,7,10007,0,232.429,237.475,249.584
4,1000,7,50021,0,1181.4,1222.48,1222.64
4,1000,7,100003,0,2405.96,2255.62,2238.82
4,1000,9,53,0,1.563,1.6654,1.6481
4,1000,9,89,0,2.6688,2.637,2.6676
4,1000,9,101,0,4.3734,1.9534,2.1215
4,1000,9,503,0,10.2946,14.3313,16.0639
4,1000,9,1009,0,33.4579,29.0493,25.0016
4,1000,9,10007,0,282.894,258.721,294.161
4,1000,9,50021,0,1416.55,1483.19,1472.39
4,1000,9,100003,0,2870.54,2937.43,2893.64
8,1000,0,53,0,2.0745,1.4317,1.5801
8,1000,0,89,0,1.755,1.8409,2.2523
8,1000,0,101,0,2.529,1.6046,2.3002
8,1000,0,503,0,6.7365,6.524,7.3062
8,1000,0,1009,0,13.5086,13.8581,14.3213
8,1000,0,10007,0,140.968,140.168,162.181
8,1000,0,50021,0,767.196,795.153,912.266
8,1000,0,100003,0,1722.91,1613.42,1807.32
8,1000,1,53,0,3.6835,3.3647,3.1005
8,1000,1,89,0,4.8767,4.5633,4.1805
8,1000,1,101,0,4.6004,3.9159,3.7336
8,1000,1,503,0,15.0469,14.0613,14.3569
8,1000,1,1009,0,23.9689,26.5447,22.6035
8,1000,1,10007,0,229.62,220.957,187.304
8,1000,1,50021,0,980.026,1020.01,874.981
8,1000,1,100003,0,1885.99,2022.78,1908.92
8,1000,3,53,0,3.3062,3.9923,2.7263
8,1000,3,89,0,3.8186,4.1005,4.3166
8,1000,3,101,0,4.2359,4.0916,3.9412
8,1000,3,503,0,12.8379,14.2265,12.8595
8,1000,3,1009,0,24.9867,23.8939,23.3626
8,1000,3,10007,0,217.875,234.871,222.803
8,1000,3,50021,0,1068.95,1125.05,1105.08
8,1000,3,100003,0,2014.46,2240.72,2094.29
8,1000,5,53,0,3.2743,3.3046,3.0459
8,1000,5,89,0,4.2075,4.4165,3.549
8,1000,5,101,0,4.0887,4.3349,3.6003
8,1000,5,503,0,13.232,13.3119,13.0764
8,1000,5,1009,0,20.6377,24.779,26.7845
8,1000,5,10007,0,234.945,235.304,233.225
8,1000,5,50021,0,1172.7,1229.91,1112.98
8,1000,5,100003,0,2262.53,2499.51,2365.45
8,1000,7,53,0,3.6621,3.7618,3.5677
8,1000,7,89,0,5.1892,4.3148,3.6573
8,1000,7,101,0,4.2419,4.3809,4.0634
8,1000,7,503,0,17.0516,17.1432,16.6621
8,1000,7,1009,0,31.8543,34.646,34.007
8,1000,7,10007,0,267.519,268.927,269.676
8,1000,7,50021,0,1328,1385.16,1292.1
8,1000,7,100003,0,2659.74,2876.07,2783.34
8,1000,9,53,0,3.6595,3.5211,4.033
8,1000,9,89,0,3.9862,4.1003,4.1203
8,1000,9,101,0,5.544,4.571,4.9264
8,1000,9,503,0,19.0241,20.6217,17.8495
8,1000,9,1009,0,38.7495,36.2864,38.6608
8,1000,9,10007,0,362.721,344.878,354.891
8,1000,9,50021,0,1646.21,1632.02,1643.41
8,1000,9,100003,0,3185.1,3359.79,3311.74
12,1000,0,53,0,4.5764,3.224,5.1557
12,1000,0,89,0,2.9272,3.5573,4.6486
12,1000,0,101,0,4.9181,3.4929,4.595
12,1000,0,503,0,15.4984,12.6276,15.0897
12,1000,0,1009,0,27.8494,24.4332,29.8224
12,1000,0,10007,0,280.812,249.335,304.956
12,1000,0,50021,0,1427.09,1365.46,1612.05
12,1000,0,100003,0,2921.92,2906.82,3210.43
12,1000,1,53,0,4.7703,5.403,5.2766
12,1000,1,89,0,6.0408,6.6727,5.3694
12,1000,1,101,0,6.5187,7.509,5.8633
12,1000,1,503,0,24.9052,23.9278,21.7311
12,1000,1,1009,0,46.4609,45.6391,36.728
12,1000,1,10007,0,392.045,373.272,330.873
12,1000,1,50021,0,1598.39,1816.51,1709.32
12,1000,1,100003,0,3255.91,3982.4,3445.57
12,1000,3,53,0,5.3426,5.8532,5.4365
12,1000,3,89,0,8.0333,7.6119,5.9392
12,1000,3,101,0,6.9612,7.0634,8.7756
12,1000,3,503,0,22.6542,22.5913,21.1008
12,1000,3,1009,0,44.7736,44.3166,45.4724
12,1000,3,10007,0,370.494,368.72,381.322
12,1000,3,50021,0,1706.93,1954.16,2025.86
12,1000,3,100003,0,3584.35,4016.86,3626.26
12,1000,5,53,0,7.0011,6.2957,4.9771
12,1000,5,89,0,8.253,7.1951,6.0346
12,1000,5,101,0,9.0924,7.9082,6.8931
12,1000,5,503,0,25.1715,26.867,25.5099
12,1000,5,1009,0,51.8186,49.7448,45.8666
12,1000,5,10007,0,418.173,417.758,411.353
12,1000,5,50021,0,1952.71,2053.22,2012.41
12,1000,5,100003,0,3664.5,4073.21,4084.88
12,1000,7,53,0,6.5682,6.6047,5.0657
12,1000,7,89,0,8.5171,7.4943,8.0119
12,1000,7,101,0,8.2923,8.7916,6.5359
12,1000,7,503,0,26.8702,26.6283,23.6445
12,1000,7,1009,0,47.8163,49.5586,48.9293
12,1000,7,10007,0,405.839,422.715,376.681
12,1000,7,50021,0,1956.46,2121.65,1936.76
12,1000,7,100003,0,3898.57,4570.86,4122.79
12,1000,9,53,0,6.9992,6.5932,5.3121
12,1000,9,89,0,8.5406,7.0616,6.1371
12,1000,9,101,0,7.7913,7.5982,7.2343
12,1000,9,503,0,25.1479,23.8571,23.754
12,1000,9,1009,0,49.6724,51.7648,50.5905
12,1000,9,10007,0,448.53,457.47,441.088
12,1000,9,50021,0,2092.67,2299.67,2325.14
12,1000,9,100003,0,4464.48,4388.18,4382.49
16,1000,0,53,0,6.1464,4.9491,5.2841
16,1000,0,89,0,9.6917,7.3264,7.1938
16,1000,0,101,0,10.2278,8.7115,7.399
16,1000,0,503,0,29.0134,20.2978,28.8234
16,1000,0,1009,0,52.8528,39.6196,54.6392
16,1000,0,10007,0,463.968,409.888,527.212
16,1000,0,50021,0,2182.24,2159.6,2544.18
16,1000,0,100003,0,4283.02,4622.13,5283.62
16,1000,1,53,0,9.1552,10.6853,6.937
16,1000,1,89,0,11.115,12.5522,10.1218
16,1000,1,101,0,12.7473,13.3097,9.3204
16,1000,1,503,0,39.5696,36.8891,36.3142
16,1000,1,1009,0,74.1171,52.4342,48.3559
16,1000,1,10007,0,533.763,555.913,550.471
16,1000,1,50021,0,2491.11,3016.78,3068.41
16,1000,1,100003,0,4772.82,6071.66,5832.44
16,1000,3,53,0,13.3239,11.4911,7.1425
16,1000,3,89,0,16.1062,13.4402,16.0967
16,1000,3,101,0,18.021,16.6339,9.9371
16,1000,3,503,0,42.4269,40.2642,39.8076
16,1000,3,1009,0,75.8846,72.4415,76.5557
16,1000,3,10007,0,628.229,558.19,555.905
16,1000,3,50021,0,2658.3,3025.38,3071.28
16,1000,3,100003,0,5195.56,6200.53,5891.06
16,1000,5,53,0,10.8235,10.6381,7.6903
16,1000,5,89,0,13.4204,12.6863,8.7489
16,1000,5,101,0,13.8174,13.5399,9.6644
16,1000,5,503,0,37.5797,37.7022,36.4592
16,1000,5,1009,0,75.7491,73.6029,71.6182
16,1000,5,10007,0,614.234,628.623,630.269
16,1000,5,50021,0,2769.72,3218.16,3313.45
16,1000,5,100003,0,5727.21,6562.88,6390.91
16,1000,7,53,0,10.9034,10.293,11.2784
16,1000,7,89,0,14.0852,13.847,10.7872
16,1000,7,101,0,14.3991,15.175,11.5927
16,1000,7,503,0,42.648,42.8147,39.2025
16,1000,7,1009,0,77.8776,76.3028,70.1706
16,1000,7,10007,0,626.597,667.797,568.531
16,1000,7,50021,0,3035.99,3439.43,3296.85
16,1000,7,100003,0,5825.4,6854.91,6353.89
16,1000,9,53,0,9.8891,10.8271,7.6186
16,1000,9,89,0,12.4379,12.4509,14.1058
16,1000,9,101,0,13.3138,13.378,11.1694
16,1000,9,503,0,41.62,42.8089,36.583
16,1000,9,1009,0,78.857,76.4295,72.1916
16,1000,9,10007,0,645.978,708.659,632.616
16,1000,9,50021,0,3247.2,3667.15,3355.6
16,1000,9,100003,0,6306.59,7019.46,6534.77
20,1000,0,53,0,7.9343,9.1506,13.1285
20,1000,0,89,0,12.7955,10.4933,12.9068
20,1000,0,101,0,13.5932,11.4111,17.0469
20,1000,0,503,0,39.3406,29.8629,41.985
20,1000,0,1009,0,74.7044,52.774,68.8527
20,1000,0,10007,0,596.831,530.926,680.144
20,1000,0,50021,0,3039.03,2923.65,3094.03
20,1000,0,100003,0,5739.39,5978.76,6260.31
20,1000,1,53,0,10.9075,12.8962,7.6497
20,1000,1,89,0,13.1194,18.2748,11.4743
20,1000,1,101,0,17.4771,17.2247,15.8702
20,1000,1,503,0,53.2898,49.1375,44.0575
20,1000,1,1009,0,95.1713,86.4711,75.4691
20,1000,1,10007,0,678.909,692.624,665.621
20,1000,1,50021,0,2845.43,3579.84,3248.04
20,1000,1,100003,0,5513.03,7332.25,6557.36
20,1000,3,53,0,12.3421,14.9016,12.4512
20,1000,3,89,0,16.5546,17.9421,19.5552
20,1000,3,101,0,18.5367,20.8114,13.042
20,1000,3,503,0,49.0606,49.8684,43.5984
20,1000,3,1009,0,87.4927,86.589,83.7325
20,1000,3,10007,0,669.992,753.196,741.774
20,1000,3,50021,0,3041.69,3790.34,3623.72
20,1000,3,100003,0,6017.31,7397.48,6938.86
20,1000,5,53,0,14.5644,13.9643,9.0776
20,1000,5,89,0,17.8806,16.2855,16.1478
20,1000,5,101,0,18.9811,18.8396,18.5201
20,1000,5,503,0,50.0317,49.0254,44.2134
20,1000,5,1009,0,90.9729,91.6557,83.0484
20,1000,5,10007,0,711.056,772.719,731.739
20,1000,5,50021,0,3267.08,3979.97,3759.8
20,1000,5,100003,0,6371.14,7959.77,7308.6
20,1000,7,53,0,14.6444,12.4331,9.0925
20,1000,7,89,0,20.6567,16.3638,13.5847
20,1000,7,101,0,17.1469,17.8587,18.7015
20,1000,7,503,0,51.0872,48.0423,45.7891
20,1000,7,1009,0,93.255,94.4548,89.7038
20,1000,7,10007,0,725.669,847.65,814.304
20,1000,7,50021,0,3541.26,4132.94,3814.97
20,1000,7,100003,0,6823.98,8240.81,7604.15
20,1000,9,53,0,14.9443,12.8245,14.3266
20,1000,9,89,0,14.9468,18.8533,11.8867
20,1000,9,101,0,18.352,16.9367,14.7042
20,1000,9,503,0,48.135,49.5218,46.358
20,1000,9,1009,0,94.9391,99.3547,85.7441
20,1000,9,10007,0,759.767,857.592,793.534
20,1000,9,50021,0,3784,4339.66,3929.05
20,1000,9,100003,0,7505.14,8570.73,7731.63
1,1000,0,53,0,0.8386,0.9927,1.1621
1,1000,0,89,0,0.4792,0.4146,0.4212
1,1000,0,101,0,0.525,0.5882,0.5084
1,1000,0,503,0,1.3736,1.3646,1.6617
1,1000,0,1009,0,2.8984,2.6499,2.6479
1,1000,0,10007,0,25.2871,24.4653,25.9616
1,1000,0,50021,0,96.2454,86.0772,82.7755
1,1000,0,100003,0,160.204,154.709,156.147
1,1000,1,53,0,0.2943,0.237,0.2367
1,1000,1,89,0,0.4389,0.3364,0.3306
1,1000,1,101,0,0.3624,0.3612,0.3613
1,1000,1,503,0,1.4701,1.4108,1.3944
1,1000,1,1009,0,2.7534,2.7488,2.7322
1,1000,1,10007,0,29.8729,31.6046,29.2617
1,1000,1,50021,0,152.642,152.423,153.9
1,1000,1,100003,0,313.621,305.505,305.369
1,1000,3,53,0,0.8158,0.5609,0.526
1,1000,3,89,0,0.6221,0.5245,0.5201
1,1000,3,101,0,0.6275,0.6131,0.5992
1,1000,3,503,0,2.8133,2.8305,3.6284
1,1000,3,1009,0,6.0836,5.7538,5.7377
1,1000,3,10007,0,59.4088,61.2792,62.5137
1,1000,3,50021,0,301.74,320.553,316.876
1,1000,3,100003,0,630.592,638.476,639.008
1,1000,5,53,0,0.5903,1.3117,1.4749
1,1000,5,89,0,2.183,0.8061,1.0467
1,1000,5,101,0,0.8843,0.8944,0.8913
1,1000,5,503,0,4.4726,4.2752,4.3991
1,1000,5,1009,0,12.1647,8.2618,8.8401
1,1000,5,10007,0,96.8541,96.2861,107.474
1,1000,5,50021,0,482.569,481.672,484.952
1,1000,5,100003,0,953.697,947.24,936.134
1,1000,7,53,0,0.7161,0.6395,0.6475
1,1000,7,89,0,1.0195,1.0115,1.0145
1,1000,7,101,0,1.212,1.1851,1.1632
1,1000,7,503,0,6.0326,5.5165,5.5855
1,1000,7,1009,0,13.5188,13.004,13.939
1,1000,7,10007,0,127.434,126.948,124.143
1,1000,7,50021,0,624.666,615.703,614.838
1,1000,7,100003,0,1244.04,1254.82,1255.49
1,1000,9,53,0,0.8631,0.8227,1.2009
1,1000,9,89,0,2.184,1.3055,1.3682
1,1000,9,101,0,1.5794,1.5763,1.6111
1,1000,9,503,0,7.6325,7.6232,10.8469
1,1000,9,1009,0,14.2301,18.0325,14.5237
1,1000,9,10007,0,157.088,158.975,164.311
1,1000,9,50021,0,812.027,795.963,782.153
1,1000,9,100003,0,1554.36,1589.14,1552.98
2,1000,0,53,0,0.7861,0.6078,0.5398
2,1000,0,89,0,0.5764,0.4726,0.5071
2,1000,0,101,0,0.4248,0.3811,0.4707
2,1000,0,503,0,2.7955,4.2727,1.8241
2,1000,0,1009,0,3.1321,3.2124,3.416
2,1000,0,10007,0,33.5932,34.7832,36.7434
2,1000,0,50021,0,163.21,168.389,172.091
2,1000,0,100003,0,336.031,329.159,336.046
2,1000,1,53,0,0.7117,0.5712,0.5069
2,1000,1,89,0,0.8041,0.6489,0.6846
2,1000,1,101,0,0.6991,0.7097,0.7747
2,1000,1,503,0,1.6595,3.0994,3.218
2,1000,1,1009,0,4.9259,3.4223,3.2939
2,1000,1,10007,0,35.3867,58.653,45.5657
2,1000,1,50021,0,256.668,265.788,249.676
2,1000,1,100003,0,517.497,553.499,562.832
2,1000,3,53,0,1.0605,0.8249,1.6439
2,1000,3,89,0,2.4458,0.7156,0.5791
2,1000,3,101,0,0.6358,0.6408,0.6502
2,1000,3,503,0,2.9802,2.8991,4.969
2,1000,3,1009,0,5.9082,6.4952,9.9619
2,1000,3,10007,0,113.081,97.2682,114.765
2,1000,3,50021,0,541.473,532.325,529.516
2,1000,3,100003,0,1107.25,1054.2,1063.69
2,1000,5,53,0,1.4025,1.0138,0.746
2,1000,5,89,0,1.4684,1.5094,1.7925
2,1000,5,101,0,1.8885,2.1483,1.2948
2,1000,5,503,0,7.4807,9.1652,9.4618
2,1000,5,1009,0,14.5206,9.5976,18.2805
2,1000,5,10007,0,158.177,170.102,165.526
2,1000,5,50021,0,792.367,792.952,788.169
2,1000,5,100003,0,1568.11,1583.61,1537.66
2,1000,7,53,0,0.7417,0.7743,0.8152
2,1000,7,89,0,1.2578,1.3054,1.3274
2,1000,7,101,0,1.3719,1.1871,1.3993
2,1000,7,503,0,6.0918,10.5275,11.5266
2,1000,7,1009,0,20.7932,24.0177,23.573
2,1000,7,10007,0,193.247,220.011,192.183
2,1000,7,50021,0,1044.79,1058.32,980.187
2,1000,7,100003,0,2105.41,2003.28,2041.38
2,1000,9,53,0,0.9645,0.8825,1.0036
2,1000,9,89,0,1.6693,1.4066,1.6341
2,1000,9,101,0,3.0572,3.1904,3.2352
2,1000,9,503,0,15.4192,14.6156,11.1452
2,1000,9,1009,0,29.6728,29.6169,28.4611
2,1000,9,10007,0,250.091,252.403,251.606
2,1000,9,50021,0,1257.36,1252.43,1273.29
2,1000,9,100003,0,2571.6,2529.11,2578.6
4,1000,0,53,0,0.6493,0.5232,0.8483
4,1000,0,89,0,0.7024,0.6028,1.0032
4,1000,0,101,0,0.7749,0.7602,1.1219
4,1000,0,503,0,3.4625,3.2864,3.7138
4,1000,0,1009,0,8.0172,6.853,7.1561
4,1000,0,10007,0,59.1183,63.8424,64.2583
4,1000,0,50021,0,297.659,312.718,322.959
4,1000,0,100003,0,595.538,633.605,645.396
4,1000,1,53,0,1.1575,1.1976,1.171
4,1000,1,89,0,1.2263,1.0691,1.0787
4,1000,1,101,0,1.1247,1.2565,1.3072
4,1000,1,503,0,4.411,5.937,6.523
4,1000,1,1009,0,8.2034,11.6197,8.8741
4,1000,1,10007,0,84.0286,93.1867,76.4259
4,1000,1,50021,0,418.209,435.592,431.278
4,1000,1,100003,0,835.985,903.541,881.741
4,1000,3,53,0,1.1556,1.1662,1.2622
4,1000,3,89,0,1.2692,1.363,1.1419
4,1000,3,101,0,1.2949,1.5895,1.3876
4,1000,3,503,0,6.0723,6.1952,7.3046
4,1000,3,1009,0,12.4544,12.7384,15.3557
4,1000,3,10007,0,119.32,126.726,127.926
4,1000,3,50021,0,585.238,563.971,616.32
4,1000,3,100003,0,1340.35,1223.03,1152.66
4,1000,5,53,0,1.2278,1.2011,1.1937
4,1000,5,89,0,1.659,1.7541,1.7444
4,1000,5,101,0,1.9372,2.0022,2.0449
4,1000,5,503,0,9.8065,10.4081,11.218
4,1000,5,1009,0,18.2022,21.105,18.8111
4,1000,5,10007,0,191.064,174.204,179.013
4,1000,5,50021,0,860.243,854.888,822.307
4,1000,5,100003,0,1762.12,1809.21,1840.65
4,1000,7,53,0,1.6448,1.503,1.6479
4,1000,7,89,0,2.6968,4.1036,2.3111
4,1000,7,101,0,2.5757,2.643,2.5681
4,1000,7,503,0,12.4114,12.8259,15.128
4,1000,7,1009,0,20.8148,25.7191,28.7412
4,1000,7,10007,0,250.63,237.673,236.602
4,1000,7,50021,0,1188.37,1206.62,1193.6
4,1000,7,100003,0,2368.83,2256.92,2324.27
4,1000,9,53,0,2.8786,1.7586,2.1105
4,1000,9,89,0,2.866,3.1154,2.843
4,1000,9,101,0,3.2104,3.8432,5.4095
4,1000,9,503,0,11.272,8.7984,12.0637
4,1000,9,1009,0,32.4477,33.7072,33.5881
4,1000,9,10007,0,305.595,287.419,311.313
4,1000,9,50021,0,1442.1,1489.3,1426.65
4,1000,9,100003,0,2904.23,2861.1,2824.83
8,1000,0,53,0,1.8895,1.9202,1.6521
8,1000,0,89,0,2.8528,2.0565,2.166
8,1000,0,101,0,2.3308,2.0878,2.2443
8,1000,0,503,0,7.6866,6.7684,11.0007
8,1000,0,1009,0,14.3081,14.0163,18.8752
8,1000,0,10007,0,142.26,145.912,169.964
8,1000,0,50021,0,803.589,804.1,903.797
8,1000,0,100003,0,1736.93,1603.77,1708.41
8,1000,1,53,0,2.7291,3.7629,2.7929
8,1000,1,89,0,4.075,3.7434,3.3893
8,1000,1,101,0,4.067,4.0597,4.1101
8,1000,1,503,0,13.2572,14.028,11.5394
8,1000,1,1009,0,23.3968,22.6288,23.858
8,1000,1,10007,0,211.852,209.141,191.417
8,1000,1,50021,0,956.248,1005.25,952.35
8,1000,1,100003,0,1836.23,2034.51,2011.76
8,1000,3,53,0,3.1271,3.0655,2.3951
8,1000,3,89,0,3.6163,3.529,3.0185
8,1000,3,101,0,3.9844,4.5014,3.5831
8,1000,3,503,0,13.5802,12.1134,11.3326
8,1000,3,1009,0,25.038,25.4701,26.1678
8,1000,3,10007,0,219.893,232.227,229.955
8,1000,3,50021,0,1143.11,1174.08,1151.52
8,1000,3,100003,0,2046.48,2190.09,2106.93
8,1000,5,53,0,3.2488,3.4967,3.0277
8,1000,5,89,0,3.9777,4.1602,3.5874
8,1000,5,101,0,4.15,4.2078,4.9646
8,1000,5,503,0,12.4418,11.583,12.4297
8,1000,5,1009,0,22.1014,25.7441,24.6171
8,1000,5,10007,0,235.244,239.876,236.847
8,1000,5,50021,0,1231.57,1242.74,1214.06
8,1000,5,100003,0,2305.82,2429.89,2264.82
8,1000,7,53,0,3.5411,3.5083,2.7992
8,1000,7,89,0,4.134,3.8,3.4006
8,1000,7,101,0,4.263,4.0782,3.874
8,1000,7,503,0,13.3571,15.1668,12.1549
8,1000,7,1009,0,29.8987,27.9713,32.4099
8,1000,7,10007,0,283.936,285.475,281.92
8,1000,7,50021,0,1391.84,1368.03,1312.65
8,1000,7,100003,0,2747.73,2760.06,2701.27
8,1000,9,53,0,4.9862,3.3259,3.034
8,1000,9,89,0,4.0981,4.4548,4.4288
8,1000,9,101,0,4.4624,4.5703,4.4627
8,1000,9,503,0,17.0403,15.9416,20.1913
8,1000,9,1009,0,32.8355,35.9261,35.201
8,1000,9,10007,0,355.566,338.763,349.828
8,1000,9,50021,0,1649.37,1595,1595.82
8,1000,9,100003,0,3248.37,3239.51,3144.01
12,1000,0,53,0,2.9484,1.8776,2.9625
12,1000,0,89,0,3.7081,2.4042,5.0922
12,1000,0,101,0,3.6379,3.6671,4.9421
12,1000,0,503,0,15.8222,12.4824,16.329
12,1000,0,1009,0,28.2207,24.5062,28.9428
12,1000,0,10007,0,287.821,238.786,290.521
12,1000,0,50021,0,1404.33,1363.04,1626.32
12,1000,0,100003,0,3110.44,3041.63,3255.86
12,1000,1,53,0,6.4342,5.9145,5.1722
12,1000,1,89,0,7.0386,7.2474,5.9966
12,1000,1,101,0,6.898,7.4398,5.577
12,1000,1,503,0,24.4933,25.6526,21.4128
12,1000,1,1009,0,44.7854,44.558,36.279
12,1000,1,10007,0,369.686,373.468,335.121
12,1000,1,50021,0,1660.32,1832.11,1856.48
12,1000,1,100003,0,3291.32,3906.65,3427.76
12,1000,3,53,0,6.2978,6.5023,4.8915
12,1000,3,89,0,6.1035,8.353,6.5105
12,1000,3,101,0,7.1159,7.4004,6.6553
12,1000,3,503,0,25.3795,24.8523,21.4968
12,1000,3,1009,0,43.9293,43.4902,43.2518
12,1000,3,10007,0,388.288,396.422,386.221
12,1000,3,50021,0,1735.1,2026.36,1965.52
12,1000,3,100003,0,3402.56,3894.59,3760.49
12,1000,5,53,0,7.1012,6.9405,6.6924
12,1000,5,89,0,7.9704,7.9479,6.362
12,1000,5,101,0,8.5764,7.9279,6.3159
12,1000,5,503,0,26.3088,25.2349,26.7331
12,1000,5,1009,0,48.9612,48.9291,49.1761
12,1000,5,10007,0,414.626,409.778,404.909
12,1000,5,50021,0,1890.38,2004.18,1951.92
12,1000,5,100003,0,3693.92,4222.7,4155.91
12,1000,7,53,0,6.0374,6.3131,4.8184
12,1000,7,89,0,9.2171,7.2742,6.4336
12,1000,7,101,0,8.7496,8.1981,6.8856
12,1000,7,503,0,25.3219,27.8056,23.6253
12,1000,7,1009,0,47.138,48.6594,44.8902
12,1000,7,10007,0,402.412,412.351,398.3
12,1000,7,50021,0,1939.75,2093.45,2079.02
12,1000,7,100003,0,4236.4,4403.35,4035.87
12,1000,9,53,0,7.5796,5.7153,5.3739
12,1000,9,89,0,7.3198,7.5421,6.5555
12,1000,9,101,0,8.0916,7.9061,6.9988
12,1000,9,503,0,25.7443,27.8033,27.9089
12,1000,9,1009,0,50.4815,51.0205,50.2436
12,1000,9,10007,0,451.603,468.815,469.267
12,1000,9,50021,0,2255.21,2311.11,2213.53
12,1000,9,100003,0,4229.77,4422.22,4452.96
16,1000,0,53,0,5.0123,2.6417,4.9949
16,1000,0,89,0,5.8507,5.2699,7.0294
16,1000,0,101,0,7.2425,7.9321,7.2875
16,1000,0,503,0,24.4618,20.2509,28.0653
16,1000,0,1009,0,46.2097,36.0458,48.1718
16,1000,0,10007,0,440.09,377.36,487.888
16,1000,0,50021,0,2156.84,2200.28,2530.56
16,1000,0,100003,0,4626.85,4594.15,5220.98
16,1000,1,53,0,9.2694,11.3354,6.3126
16,1000,1,89,0,14.4273,12.2312,9.201
16,1000,1,101,0,12.6365,13.7822,9.5785
16,1000,1,503,0,40.6841,40.9461,37.3823
16,1000,1,1009,0,77.0258,74.3561,64.3448
16,1000,1,10007,0,609.172,591.168,608.143
16,1000,1,50021,0,2636.78,2927.02,2828.28
16,1000,1,100003,0,4713.58,6104.64,5568.9
16,1000,3,53,0,10.7828,11.3755,6.6576
16,1000,3,89,0,13.3002,13.4822,12.6027
16,1000,3,101,0,14.0093,13.3407,9.9697
16,1000,3,503,0,39.7739,39.0581,35.689
16,1000,3,1009,0,69.5872,68.5183,53.7112
16,1000,3,10007,0,499.183,583.883,621.202
16,1000,3,50021,0,2753.58,3068.47,2938.27
16,1000,3,100003,0,5094.28,6322.36,5950.39
16,1000,5,53,0,10.6314,10.4065,6.9369
16,1000,5,89,0,13.9886,11.9851,9.7777
16,1000,5,101,0,12.7227,14.2867,10.4492
16,1000,5,503,0,40.2907,40.237,37.448
16,1000,5,1009,0,68.7032,67.2922,67.6873
16,1000,5,10007,0,605.819,614.528,640.013
16,1000,5,50021,0,2975.29,3307.17,3150.45
16,1000,5,100003,0,5644.92,6579.67,6083.68
16,1000,7,53,0,10.6498,10.3733,7.4744
16,1000,7,89,0,13.6264,13.2837,9.6523
16,1000,7,101,0,14.259,14.7324,10.1811
16,1000,7,503,0,40.678,43.6158,41.396
16,1000,7,1009,0,74.6554,82.7103,73.5593
16,1000,7,10007,0,579.62,660.772,656.775
16,1000,7,50021,0,3203.39,3287.5,3188.03
16,1000,7,100003,0,5884.55,6966.18,6321.15
16,1000,9,53,0,10.2939,9.9691,12.3518
16,1000,9,89,0,12.6646,12.8301,14.5897
16,1000,9,101,0,14.1523,15.5136,12.3316
16,1000,9,503,0,46.6767,48.1819,43.0611
16,1000,9,1009,0,87.3066,88.2199,85.7275
16,1000,9,10007,0,719.471,719.547,711.814
16,1000,9,50021,0,3356.45,3523.61,3211.4
16,1000,9,100003,0,6372.31,6919.18,6730.61
20,1000,0,53,0,5.8567,9.3595,8.7879
20,1000,0,89,0,15.0959,11.5583,10.6344
20,1000,0,101,0,17.4208,11.9031,15.8512
20,1000,0,503,0,38.299,30.6391,35.0862
20,1000,0,1009,0,75.5714,51.8252,66.6357
20,1000,0,10007,0,607.218,484.06,633.236
20,1000,0,50021,0,2836.54,2832.61,3918.54
20,1000,0,100003,0,5657.18,6105.67,6298.79
20,1000,1,53,0,11.147,11.7904,16.9719
20,1000,1,89,0,13.8846,16.7738,11.42
20,1000,1,101,0,19.2281,17.9988,13.0351
20,1000,1,503,0,49.6459,45.5326,40.6575
20,1000,1,1009,0,94.1673,86.7376,74.6942
20,1000,1,10007,0,707.485,713.039,694.069
20,1000,1,50021,0,2900.75,3680.59,3307.65
20,1000,1,100003,0,5618.9,7374.86,6565.68
20,1000,3,53,0,14.027,13.3709,9.3152
20,1000,3,89,0,19.4074,18.9742,11.8777
20,1000,3,101,0,18.6565,17.8824,19.9853
20,1000,3,503,0,49.5321,49.9584,48.1569
20,1000,3,1009,0,86.1078,87.0949,73.4918
20,1000,3,10007,0,646.893,682.366,693.597
20,1000,3,50021,0,2992.6,3700.73,3491.75
20,1000,3,100003,0,5950.56,7622.26,6980.97
20,1000,5,53,0,14.8937,14.7439,11.2672
20,1000,5,89,0,19.4135,17.5284,15.9511
20,1000,5,101,0,18.4118,18.4681,16.9331
20,1000,5,503,0,50.4466,47.404,46.3901
20,1000,5,1009,0,92.3218,90.1379,85.1899
20,1000,5,10007,0,688.937,785.891,794.378
20,1000,5,50021,0,3282.31,4110.31,3765.86
20,1000,5,100003,0,6295.56,7696.76,7543.84
20,1000,7,53,0,13.3808,11.5916,13.9994
20,1000,7,89,0,16.3165,16.1298,11.41
20,1000,7,101,0,17.6316,17.3033,16.5048
20,1000,7,503,0,47.5392,50.1238,46.5961
20,1000,7,1009,0,91.2949,93.5605,104.908
20,1000,7,10007,0,768.552,811.934,769.174
20,1000,7,50021,0,3495.71,4004.44,3733.8
20,1000,7,100003,0,6890.77,8033.67,7595.64
20,1000,9,53,0,14.6243,14.3434,9.2287
20,1000,9,89,0,16.8957,16.1447,14.9126
20,1000,9,101,0,18.5136,18.4278,15.076
20,1000,9,503,0,52.157,54.9793,47.5615
20,1000,9,1009,0,102.208,97.898,102.872
20,1000,9,10007,0,810.806,876.783,831.917
20,1000,9,50021,0,3798.91,4289.08,3912.33
20,1000,9,100003,0,7542.21,8484.45,7724.1
1,1000,0,53,0,0.948,0.6851,0.6345
1,1000,0,89,0,0.778,0.3203,0.9531
1,1000,0,101,0,0.5367,0.4809,0.4322
1,1000,0,503,0,1.2665,1.2775,1.3375
1,1000,0,1009,0,2.7266,1.9745,3.0631
1,1000,0,10007,0,25.341,18.7677,17.1506
1,1000,0,50021,0,99.445,88.2719,83.5822
1,1000,0,100003,0,169.016,164.414,161.139
1,1000,1,53,0,0.3145,0.3208,0.2805
1,1000,1,89,0,0.3168,0.3103,0.3046
1,1000,1,101,0,0.3406,0.3338,0.3319
1,1000,1,503,0,4.5573,1.4767,1.482
1,1000,1,1009,0,3.0005,3.134,3.382
1,1000,1,10007,0,33.6431,31.6742,32.3783
1,1000,1,50021,0,163.183,164.48,171.607
1,1000,1,100003,0,340.462,342.374,333.392
1,1000,3,53,0,0.4811,0.3824,0.3625
1,1000,3,89,0,0.5969,0.5836,0.5713
1,1000,3,101,0,0.6589,0.6704,0.7516
1,1000,3,503,0,3.1381,3.0454,2.9096
1,1000,3,1009,0,5.6464,7.0032,7.9862
1,1000,3,10007,0,66.6817,67.0278,67.0104
1,1000,3,50021,0,336.091,337.265,336.23
1,1000,3,100003,0,668.632,677.454,652.698
1,1000,5,53,0,1.952,2.4003,0.8751
1,1000,5,89,0,0.7729,0.82,0.8803
1,1000,5,101,0,1.0676,1.0669,1.052
1,1000,5,503,0,5.3312,4.0885,4.4139
1,1000,5,1009,0,12.976,10.2748,9.3201
1,1000,5,10007,0,98.5631,100.881,100.324
1,1000,5,50021,0,493.217,489.917,489.56
1,1000,5,100003,0,971.548,966.592,975.432
1,1000,7,53,0,0.8985,0.7128,0.7137
1,1000,7,89,0,1.1855,1.2652,1.1
1,1000,7,101,0,1.1547,1.122,1.1057
1,1000,7,503,0,5.4608,6.5684,7.2667
1,1000,7,1009,0,12.0059,14.5131,11.0629
1,1000,7,10007,0,126.72,126.273,129.177
1,1000,7,50021,0,644.574,654.921,652.692
1,1000,7,100003,0,1355.39,1326.46,1313.93
1,1000,9,53,0,0.8244,0.9199,0.854
1,1000,9,89,0,1.6368,1.3698,1.3986
1,1000,9,101,0,1.5925,1.5813,1.6389
1,1000,9,503,0,7.6541,7.7275,7.6462
1,1000,9,1009,0,18.4153,15.2975,15.3977
1,1000,9,10007,0,167.406,156.411,163.783
1,1000,9,50021,0,815.915,843.844,824.116
1,1000,9,100003,0,1640.21,1606.83,1592.96
2,1000,0,53,0,0.4947,0.7563,0.596
2,1000,0,89,0,0.6733,0.4033,0.8057
2,1000,0,101,0,0.434,0.3592,0.5603
2,1000,0,503,0,1.7333,1.7402,1.9175
2,1000,0,1009,0,3.5335,5.0205,3.6569
2,1000,0,10007,0,33.8727,30.6219,32.0784
2,1000,0,50021,0,162.521,160.713,157.467
2,1000,0,100003,0,314.522,314.436,320.69
2,1000,1,53,0,0.5934,0.5041,0.7804
2,1000,1,89,0,0.6682,0.7595,1.5078
2,1000,1,101,0,1.0499,0.5752,0.7249
2,1000,1,503,0,2.9712,2.9552,3.1741
2,1000,1,1009,0,4.39,5.9663,6.064
2,1000,1,10007,0,56.0482,60.234,59.0406
2,1000,1,50021,0,281.986,261.037,258.182
2,1000,1,100003,0,568.405,537.564,567.519
2,1000,3,53,0,0.534,0.4183,0.424
2,1000,3,89,0,0.6174,0.6927,1.6882
2,1000,3,101,0,0.6465,0.6343,0.6609
2,1000,3,503,0,2.902,3.0558,2.954
2,1000,3,1009,0,10.2782,11.4216,11.658
2,1000,3,10007,0,101.911,97.0442,111.035
2,1000,3,50021,0,536.289,540.505,508.526
2,1000,3,100003,0,1046.01,1055.56,1017.09
2,1000,5,53,0,2.22,1.3402,2.225
2,1000,5,89,0,0.8376,0.954,0.9955
2,1000,5,101,0,0.984,1.0038,1.0786
2,1000,5,503,0,6.4619,4.8227,4.8624
2,1000,5,1009,0,16.4259,16.6172,17.7574
2,1000,5,10007,0,164.548,151.412,174.603
2,1000,5,50021,0,796.205,697.856,811.343
2,1000,5,100003,0,1554.87,1555.11,1471.96
2,1000,7,53,0,0.9896,0.7014,0.7347
2,1000,7,89,0,1.1445,1.1027,1.2288
2,1000,7,101,0,2.0682,2.2412,1.5349
2,1000,7,503,0,9.6409,13.4381,11.4028
2,1000,7,1009,0,17.0287,21.2598,23.8512
2,1000,7,10007,0,181.207,195.978,227.535
2,1000,7,50021,0,991.881,1026.05,1026.06
2,1000,7,100003,0,2067.12,2042.78,2052.99
2,1000,9,53,0,1.044,1.6254,1.6609
2,1000,9,89,0,2.8255,3.6187,1.343
2,1000,9,101,0,2.7905,2.3152,3.1224
2,1000,9,503,0,13.8554,8.9302,7.5416
2,1000,9,1009,0,28.2566,29.8468,28.7588
2,1000,9,10007,0,231.663,280.266,252.773
2,1000,9,50021,0,1288.27,1289.22,1251.82
2,1000,9,100003,0,2550.15,2588.26,2553.04
4,1000,0,53,0,0.7058,0.5729,0.8412
4,1000,0,89,0,1.0473,0.7141,1.179
4,1000,0,101,0,0.8863,0.796,4.0094
4,1000,0,503,0,3.3373,3.1142,3.3307
4,1000,0,1009,0,6.247,6.2705,8.2235
4,1000,0,10007,0,59.5713,61.4276,67.0217
4,1000,0,50021,0,304.363,313.125,327.197
4,1000,0,100003,0,603.42,647.625,659.206
4,1000,1,53,0,1.1151,1.0788,0.8406
4,1000,1,89,0,0.9621,1.1263,1.0596
4,1000,1,101,0,1.1158,1.3117,2.7307
4,1000,1,503,0,4.5843,5.0933,4.4266
4,1000,1,1009,0,8.8121,11.723,8.5379
4,1000,1,10007,0,83.0647,91.6498,79.9657
4,1000,1,50021,0,417.333,448.074,436.805
4,1000,1,100003,0,827.586,882.671,852.505
4,1000,3,53,0,1.6537,1.132,0.8496
4,1000,3,89,0,1.1224,1.1488,1.2161
4,1000,3,101,0,1.3145,1.3513,1.4248
4,1000,3,503,0,7.8002,6.8858,5.2217
4,1000,3,1009,0,6.4461,7.6797,11.4238
4,1000,3,10007,0,114.997,126.026,124.224
4,1000,3,50021,0,618.329,626.742,619.144
4,1000,3,100003,0,1170.97,1191.97,1249.73
4,1000,5,53,0,1.169,1.1097,1.2295
4,1000,5,89,0,1.8855,1.8619,1.8988
4,1000,5,101,0,2.168,2.4644,4.0433
4,1000,5,503,0,10.4077,9.4972,10.0389
4,1000,5,1009,0,21.76,19.9258,20.3778
4,1000,5,10007,0,179.106,198.014,174.044
4,1000,5,50021,0,917.018,917.995,858.593
4,1000,5,100003,0,1715.68,1694.86,1769.43
4,1000,7,53,0,1.5244,1.3847,1.3434
4,1000,7,89,0,2.2595,2.2117,2.3493
4,1000,7,101,0,2.6206,2.6565,2.6361
4,1000,7,503,0,14.1317,12.1421,11.6821
4,1000,7,1009,0,24.0494,24.6547,28.3386
4,1000,7,10007,0,240.768,232.379,255.802
4,1000,7,50021,0,1204.3,1185.87,1212.33
4,1000,7,100003,0,2333.53,2322.53,2306.65
4,1000,9,53,0,1.8642,3.5628,1.8514
4,1000,9,89,0,2.6284,2.5956,2.645
4,1000,9,101,0,2.9929,3.0084,3.0629
4,1000,9,503,0,13.5667,16.2365,13.4795
4,1000,9,1009,0,29.3396,31.9072,32.5528
4,1000,9,10007,0,300.078,293.148,292.619
4,1000,9,50021,0,1439.63,1436.56,1493.17
4,1000,9,100003,0,2869.66,2805.66,2767.2
8,1000,0,53,0,1.9305,1.8978,1.8265
8,1000,0,89,0,2.6347,1.7422,2.0576
8,1000,0,101,0,2.2003,2.0229,2.1714
8,1000,0,503,0,7.3614,6.7079,7.3987
8,1000,0,1009,0,15.2256,13.7365,14.2105
8,1000,0,10007,0,139.561,141.477,163.398
8,1000,0,50021,0,818.661,770.943,822.491
8,1000,0,100003,0,1640.54,1627.68,1918.04
8,1000,1,53,0,2.8954,3.0234,2.6821
8,1000,1,89,0,4.6127,4.8651,3.8152
8,1000,1,101,0,5.2973,4.9295,3.9029
8,1000,1,503,0,13.6123,14.5881,12.8829
8,1000,1,1009,0,26.769,26.9171,27.1154
8,1000,1,10007,0,232.792,226.612,204.874
8,1000,1,50021,0,1062.09,1005.45,926.51
8,1000,1,100003,0,1905.53,1987.56,1886.26
8,1000,3,53,0,3.0159,2.8909,2.6952
8,1000,3,89,0,4.1614,4.6414,3.1938
8,1000,3,101,0,4.2438,4.4579,3.6295
8,1000,3,503,0,13.5473,14.2805,12.4022
8,1000,3,1009,0,25.0195,26.8752,25.7243
8,1000,3,10007,0,231.897,225.831,229.745
8,1000,3,50021,0,1131.64,1150.04,1095.39
8,1000,3,100003,0,2133.1,2258.77,2103.61
8,1000,5,53,0,3.666,3.207,3.3159
8,1000,5,89,0,4.0621,3.9561,4.2549
8,1000,5,101,0,4.3546,4.8885,3.7565
8,1000,5,503,0,13.6647,13.7038,13.7857
8,1000,5,1009,0,27.1495,27.7514,24.4165
8,1000,5,10007,0,229.567,241.963,232.433
8,1000,5,50021,0,1133.03,1148.1,1119.03
8,1000,5,100003,0,2339.41,2411.43,2331.31
8,1000,7,53,0,4.1931,4.3321,3.9916
8,1000,7,89,0,4.068,3.8481,5.2387
8,1000,7,101,0,4.1113,3.9567,3.9282
8,1000,7,503,0,14.0919,14.205,17.9531
8,1000,7,1009,0,30.9892,33.5183,30.6456
8,1000,7,10007,0,286.858,285.943,283.359
8,1000,7,50021,0,1345.45,1366.34,1363.25
8,1000,7,100003,0,2646.88,2832.47,2588.51
8,1000,9,53,0,3.8669,3.8504,3.7738
8,1000,9,89,0,4.1281,3.8802,3.5666
8,1000,9,101,0,4.5068,5.3159,4.6472
8,1000,9,503,0,17.2193,17.154,18.8898
8,1000,9,1009,0,33.7107,36.1699,38.5502
8,1000,9,10007,0,325.777,333.825,325.154
8,1000,9,50021,0,1631.4,1635.01,1553.14
8,1000,9,100003,0,3196.38,3353.93,3411.19
12,1000,0,53,0,2.668,3.8191,3.6664
12,1000,0,89,0,4.0508,3.7651,5.7693
12,1000,0,101,0,4.2849,3.9096,4.7867
12,1000,0,503,0,15.5376,11.3329,16.7577
12,1000,0,1009,0,27.883,27.0277,30.9684
12,1000,0,10007,0,287.036,251.656,298.58
12,1000,0,50021,0,1491.86,1377.34,1531.39
12,1000,0,100003,0,3021.18,2921.9,3427.87
12,1000,1,53,0,5.7436,6.018,7.9854
12,1000,1,89,0,6.7051,7.3828,5.8659
12,1000,1,101,0,7.8111,7.6619,6.4676
12,1000,1,503,0,25.0188,23.1544,22.4889
12,1000,1,1009,0,46.8662,47.567,45.1896
12,1000,1,10007,0,365.423,362.379,352.709
12,1000,1,50021,0,1671.26,1831.97,1628.06
12,1000,1,100003,0,3410.54,3840.78,3506.8
12,1000,3,53,0,4.9652,5.5985,4.4621
12,1000,3,89,0,6.7071,7.2579,6.4542
12,1000,3,101,0,7.6891,7.3395,6.0287
12,1000,3,503,0,24.5108,25.1916,20.9058
12,1000,3,1009,0,43.2772,45.0951,41.3481
12,1000,3,10007,0,373.383,384.874,388.323
12,1000,3,50021,0,1736.14,1944.38,1949.71
12,1000,3,100003,0,3458.3,3920.85,3696
12,1000,5,53,0,5.3036,5.4065,4.9299
12,1000,5,89,0,8.2814,7.5597,12.0401
12,1000,5,101,0,7.3953,8.4316,6.691
12,1000,5,503,0,25.2674,24.2464,25.5728
12,1000,5,1009,0,45.9205,46.8136,42.7585
12,1000,5,10007,0,399.068,409.111,402.351
12,1000,5,50021,0,1984.37,2273.76,2127.7
12,1000,5,100003,0,3651.19,4028.57,4146.06
12,1000,7,53,0,6.2325,5.3224,7.5841
12,1000,7,89,0,7.4883,7.3703,5.7617
12,1000,7,101,0,8.6904,8.6178,10.9164
12,1000,7,503,0,26.37,26.2836,26.6812
12,1000,7,1009,0,47.2174,43.2602,49.5192
12,1000,7,10007,0,437.249,447.492,442.388
12,1000,7,50021,0,2139.39,2125.56,2057.47
12,1000,7,100003,0,4046.73,4387.69,4139.86
12,1000,9,53,0,8.2114,6.5912,5.2309
12,1000,9,89,0,8.3248,6.7395,5.9796
12,1000,9,101,0,9.5307,7.3145,6.1341
12,1000,9,503,0,25.1004,27.4098,24.3047
12,1000,9,1009,0,40.4371,41.7019,43.3125
12,1000,9,10007,0,404.422,424.796,456.802
12,1000,9,50021,0,2206.09,2216.42,2282.2
12,1000,9,100003,0,4272.67,4370.97,4527.82
16,1000,0,53,0,3.4722,4.0927,5.2152
16,1000,0,89,0,9.0623,6.9248,7.3407
16,1000,0,101,0,8.9331,6.7868,7.2814
16,1000,0,503,0,29.9489,20.2403,30.0028
16,1000,0,1009,0,53.5188,40.7627,53.2959
16,1000,0,10007,0,480.06,398.036,558.304
16,1000,0,50021,0,2464.7,2077.13,2567
16,1000,0,100003,0,4456.51,4699.17,5433.86
16,1000,1,53,0,10.0501,10.6426,7.6502
16,1000,1,89,0,11.0107,12.4097,11.8505
16,1000,1,101,0,12.5742,12.0689,9.1074
16,1000,1,503,0,41.0181,38.2658,31.959
16,1000,1,1009,0,75.9514,71.356,61.9133
16,1000,1,10007,0,578.543,577.099,556.431
16,1000,1,50021,0,2526.86,3007.09,2700.18
16,1000,1,100003,0,4761.82,6123.11,5513.21
16,1000,3,53,0,11.0265,10.4079,6.7884
16,1000,3,89,0,12.7169,13.2693,9.0298
16,1000,3,101,0,13.7198,13.754,9.5307
16,1000,3,503,0,38.4643,35.5763,35.501
16,1000,3,1009,0,69.1246,71.6878,71.6808
16,1000,3,10007,0,565.972,590.355,602.482
16,1000,3,50021,0,2537.37,3157.28,3164.38
16,1000,3,100003,0,5201.93,6357.27,6070.05
16,1000,5,53,0,10.9608,10.9894,7.4688
16,1000,5,89,0,16.5971,13.2502,12.7087
16,1000,5,101,0,14.2802,13.8979,10.1783
16,1000,5,503,0,44.298,41.584,39.2573
16,1000,5,1009,0,76.1642,77.1997,74.3672
16,1000,5,10007,0,621.83,652.886,604.637
16,1000,5,50021,0,2804.09,3234.19,3238.26
16,1000,5,100003,0,5640.08,6489.13,6031.54
16,1000,7,53,0,11.7532,11.1638,7.5066
16,1000,7,89,0,14.8834,12.751,13.1298
16,1000,7,101,0,14.076,13.0218,10.361
16,1000,7,503,0,42.3296,42.9627,38.5109
16,1000,7,1009,0,76.3488,76.9345,71.7909
16,1000,7,10007,0,627.817,721.03,679.909
16,1000,7,50021,0,3022.25,3680.61,3362.03
16,1000,7,100003,0,5874.82,6994.77,6453.05
16,1000,9,53,0,10.7058,11.2694,11.5942
16,1000,9,89,0,13.0447,13.0202,9.343
16,1000,9,101,0,14.0011,14.0557,14.1078
16,1000,9,503,0,43.0261,42.4708,39.6609
16,1000,9,1009,0,75.58,76.9115,75.6389
16,1000,9,10007,0,633.848,665.218,681.924
16,1000,9,50021,0,3315.16,3472.15,3276.71
16,1000,9,100003,0,6390.42,6870.79,6591.22
20,1000,0,53,0,5.4349,10.6651,8.8588
20,1000,0,89,0,12.738,15.3589,9.5907
20,1000,0,101,0,14.6992,16.6339,11.8752
20,1000,0,503,0,48.3027,34.582,51.472
20,1000,0,1009,0,83.8011,59.8525,94.1463
20,1000,0,10007,0,621.612,576.523,709.046
20,1000,0,50021,0,3118.15,2916.93,3119.38
20,1000,0,100003,0,5546.92,6049.85,6320.25
20,1000,1,53,0,9.4259,15.2938,9.338
20,1000,1,89,0,16.49,16.6896,17.7702
20,1000,1,101,0,16.6148,19.1398,13.3784
20,1000,1,503,0,54.9874,48.6183,46.3319
20,1000,1,1009,0,94.8231,85.406,76.1094
20,1000,1,10007,0,725.172,723.853,673.347
20,1000,1,50021,0,2865.71,3545.12,3198.63
20,1000,1,100003,0,5481.98,7287.46,6394.84
20,1000,3,53,0,13.8034,17.2553,9.2801
20,1000,3,89,0,18.9629,18.1284,24.4656
20,1000,3,101,0,18.6834,21.6976,13.3374
20,1000,3,503,0,52.4478,49.5251,40.1848
20,1000,3,1009,0,72.4282,76.7394,71.3907
20,1000,3,10007,0,673.524,762.006,715.675
20,1000,3,50021,0,2994.84,3763.13,3494.43
20,1000,3,100003,0,5813.74,7605.25,6801.77
20,1000,5,53,0,16.0446,12.7855,9.3379
20,1000,5,89,0,19.6089,16.3425,10.7498
20,1000,5,101,0,20.1225,18.9972,13.7244
20,1000,5,503,0,52.4952,49.1329,43.9977
20,1000,5,1009,0,91.7505,92.5924,81.6794
20,1000,5,10007,0,708.517,811.732,782.297
20,1000,5,50021,0,3262.06,4041.09,3694.63
20,1000,5,100003,0,6456.24,7810.79,7476.02
20,1000,7,53,0,15.0727,13.7713,15.4149
20,1000,7,89,0,16.9717,20.0977,11.2902
20,1000,7,101,0,19.48,18.22,16.3949
20,1000,7,503,0,51.0879,49.386,44.8286
20,1000,7,1009,0,97.0309,95.1192,84.3324
20,1000,7,10007,0,769.227,851.266,773.517
20,1000,7,50021,0,3535.65,4216.44,3738.47
20,1000,7,100003,0,7002.36,8441.3,7598.57
20,1000,9,53,0,11.0312,13.9794,7.8571
20,1000,9,89,0,17.8875,14.3318,16.8218
20,1000,9,101,0,16.0209,17.8463,11.1021
20,1000,9,503,0,50.6251,52.974,45.4736
20,1000,9,1009,0,92.9274,97.2514,87.6815
20,1000,9,10007,0,826.25,901.266,817.365
20,1000,9,50021,0,3727.85,4262.52,3801.33
20,1000,9,100003,0,7347.5,8499.67,7705.72
1,1000,0,53,0,0.9236,0.7265,0.8897
1,1000,0,89,0,0.8429,0.7623,0.5365
1,1000,0,101,0,0.4887,0.5774,0.7457
1,1000,0,503,0,1.6585,1.5698,1.3798
1,1000,0,1009,0,2.4983,2.462,2.4925
1,1000,0,10007,0,20.2598,23.9898,23.3894
1,1000,0,50021,0,97.1909,82.6826,83.3776
1,1000,0,100003,0,161.203,156.605,152.553
1,1000,1,53,0,0.5635,0.4149,0.3366
1,1000,1,89,0,0.4539,0.4377,0.4229
1,1000,1,101,0,0.4367,0.4279,0.403
1,1000,1,503,0,1.5917,1.58,1.4118
1,1000,1,1009,0,4.1864,5.4705,2.792
1,1000,1,10007,0,28.8338,32.9656,30.6294
1,1000,1,50021,0,163.816,160.152,160.067
1,1000,1,100003,0,322.44,323.703,316.975
1,1000,3,53,0,0.439,0.3979,0.3532
1,1000,3,89,0,0.5627,0.5427,0.5526
1,1000,3,101,0,0.6479,0.6316,0.6236
1,1000,3,503,0,2.9236,2.7592,2.7836
1,1000,3,1009,0,6.1561,6.0756,10.4731
1,1000,3,10007,0,60.9621,63.2702,65.8971
1,1000,3,50021,0,319.655,317.327,317.579
1,1000,3,100003,0,634.095,637.487,620.749
1,1000,5,53,0,0.6666,0.5264,1.5005
1,1000,5,89,0,1.2074,0.8504,0.8399
1,1000,5,101,0,0.8837,0.8765,0.9129
1,1000,5,503,0,4.32,4.5082,4.1817
1,1000,5,1009,0,8.9811,11.7262,10.6248
1,1000,5,10007,0,91.8566,95.8132,89.3389
1,1000,5,50021,0,468.57,463.031,492.308
1,1000,5,100003,0,948.593,940.971,947.138
1,1000,7,53,0,1.0605,0.6798,0.6676
1,1000,7,89,0,1.1563,1.1678,1.124
1,1000,7,101,0,1.1274,1.149,1.1257
1,1000,7,503,0,5.4667,5.6433,9.4094
1,1000,7,1009,0,11.2685,11.498,12.0405
1,1000,7,10007,0,122.376,122.525,119.261
1,1000,7,50021,0,612.649,611.626,604.109
1,1000,7,100003,0,1235.94,1213.9,1252.18
1,1000,9,53,0,0.836,0.7705,0.7989
1,1000,9,89,0,1.379,1.3883,1.34
1,1000,9,101,0,1.5539,1.5451,1.5316
1,1000,9,503,0,11.1157,7.5579,6.7737
1,1000,9,1009,0,17.1705,14.8671,14.9913
1,1000,9,10007,0,152.337,162.593,148.059
1,1000,9,50021,0,781.883,784.771,781.391
1,1000,9,100003,0,1568.64,1532.84,1542.06
2,1000,0,53,0,0.3556,0.5916,0.719
2,1000,0,89,0,0.7378,0.4982,0.4812
2,1000,0,101,0,0.3583,0.3781,0.7263
2,1000,0,503,0,1.9039,1.8884,2.0392
2,1000,0,1009,0,3.0154,3.2645,4.3269
2,1000,0,10007,0,34.565,32.3687,30.5737
2,1000,0,50021,0,159.502,164.786,158.227
2,1000,0,100003,0,309.959,314.221,324.343
2,1000,1,53,0,0.5792,0.8436,0.9272
2,1000,1,89,0,0.8749,0.9739,1.115
2,1000,1,101,0,0.6589,0.6399,0.7238
2,1000,1,503,0,1.6154,2.9855,3.0794
2,1000,1,1009,0,4.6253,6.2921,3.1948
2,1000,1,10007,0,46.8142,56.2959,57.2901
2,1000,1,50021,0,263.616,267.877,267.861
2,1000,1,100003,0,541.346,528.08,554.481
2,1000,3,53,0,2.3224,0.733,1.0358
2,1000,3,89,0,0.6363,0.6163,1.1377
2,1000,3,101,0,1.2843,1.3132,1.3248
2,1000,3,503,0,6.3364,5.3847,2.9637
2,1000,3,1009,0,9.9975,13.2359,11.3676
2,1000,3,10007,0,98.0641,94.631,108.674
2,1000,3,50021,0,488.309,502.32,527.84
2,1000,3,100003,0,1066.03,1017.95,1045.37
2,1000,5,53,0,0.7317,0.5601,0.8769
2,1000,5,89,0,0.8765,0.8125,1.296
2,1000,5,101,0,0.9091,0.9069,1.0668
2,1000,5,503,0,4.2425,4.3069,8.8282
2,1000,5,1009,0,17.6403,15.2297,19.4382
2,1000,5,10007,0,139.764,150.642,149.638
2,1000,5,50021,0,740.135,711.934,722.57
2,1000,5,100003,0,1530.41,1461.09,1482.64
2,1000,7,53,0,2.3797,1.5289,1.5455
2,1000,7,89,0,1.1,1.9641,2.0468
2,1000,7,101,0,1.2239,1.2641,1.3159
2,1000,7,503,0,6.2955,6.3607,6.1385
2,1000,7,1009,0,12.3048,25.8284,24.0472
2,1000,7,10007,0,203.09,206.692,214.237
2,1000,7,50021,0,1005.61,980.003,1036.32
2,1000,7,100003,0,2059.36,2116.65,2158.88
2,1000,9,53,0,1.6575,0.9633,1.482
2,1000,9,89,0,1.4227,1.3652,2.4699
2,1000,9,101,0,2.8682,2.951,2.9404
2,1000,9,503,0,14.2761,13.2844,7.8257
2,1000,9,1009,0,17.1153,26.9649,30.1011
2,1000,9,10007,0,253.971,257.829,260.635
2,1000,9,50021,0,1255.57,1266.8,1279.77
2,1000,9,100003,0,2540.06,2632.1,2636.59
4,1000,0,53,0,0.5432,0.4564,0.6634
4,1000,0,89,0,0.7511,0.6131,1.0892
4,1000,0,101,0,0.8183,1.0155,1.1562
4,1000,0,503,0,3.0733,3.3101,3.3337
4,1000,0,1009,0,7.9472,6.3595,7.1737
4,1000,0,10007,0,65.9136,63.5849,71.2387
4,1000,0,50021,0,305.582,316.736,340.561
4,1000,0,100003,0,623.439,661.547,690.504
4,1000,1,53,0,0.8206,0.9651,0.7851
4,1000,1,89,0,0.9845,1.1657,1.0348
4,1000,1,101,0,1.1215,1.7584,3.5681
4,1000,1,503,0,4.311,6.0705,3.952
4,1000,1,1009,0,8.4924,11.5378,10.3697
4,1000,1,10007,0,86.3618,91.8517,84.073
4,1000,1,50021,0,419.175,451.399,455.403
4,1000,1,100003,0,843.13,849.8,875.73
4,1000,3,53,0,0.9893,0.9786,1.2482
4,1000,3,89,0,1.2123,1.2211,2.1223
4,1000,3,101,0,2.1228,1.7068,1.5556
4,1000,3,503,0,5.9117,6.8535,6.1603
4,1000,3,1009,0,12.283,12.331,12.7649
4,1000,3,10007,0,117.568,125.657,130.017
4,1000,3,50021,0,594.956,601.068,564.046
4,1000,3,100003,0,1205.37,1252.28,1199.07
4,1000,5,53,0,1.16,1.1872,1.2445
4,1000,5,89,0,3.7171,2.577,2.0389
4,1000,5,101,0,2.0855,2.0914,2.1306
4,1000,5,503,0,9.5222,10.1531,6.4286
4,1000,5,1009,0,17.5986,18.44,22.0707
4,1000,5,10007,0,190.577,190.16,191.582
4,1000,5,50021,0,913.219,932.495,893.889
4,1000,5,100003,0,1728.12,1751.2,1711.17
4,1000,7,53,0,1.9191,1.5592,1.3034
4,1000,7,89,0,1.3079,1.3386,1.3571
4,1000,7,101,0,1.4366,1.4094,1.4465
4,1000,7,503,0,10.1718,11.64,12.2925
4,1000,7,1009,0,24.8786,24.9591,25.3315
4,1000,7,10007,0,224.104,228.143,230.174
4,1000,7,50021,0,1139.48,1183.13,1162.46
4,1000,7,100003,0,2315.66,2282.41,2265.42
4,1000,9,53,0,1.7578,1.6502,2.0998
4,1000,9,89,0,2.7664,2.8888,2.9833
4,1000,9,101,0,2.995,3.2834,3.2061
4,1000,9,503,0,15.1108,15.4444,15.7449
4,1000,9,1009,0,30.8758,30.7948,32.919
4,1000,9,10007,0,297.219,290.08,282.554
4,1000,9,50021,0,1384.58,1407.46,1386.68
4,1000,9,100003,0,2835.73,3058.81,3113.36
8,1000,0,53,0,1.9607,1.2015,1.7384
8,1000,0,89,0,1.7849,1.9583,3.0373
8,1000,0,101,0,2.2619,2.0464,2.314
8,1000,0,503,0,7.054,6.4415,7.7448
8,1000,0,1009,0,14.7675,14.1613,14.4481
8,1000,0,10007,0,139.646,130.727,148.787
8,1000,0,50021,0,773.522,810.18,908.359
8,1000,0,100003,0,1675.17,1537.76,1817.07
8,1000,1,53,0,2.45,2.8452,3.2725
8,1000,1,89,0,4.872,4.5959,3.9461
8,1000,1,101,0,5.536,4.9212,3.9393
8,1000,1,503,0,13.964,14.5077,16.6456
8,1000,1,1009,0,24.2499,26.9942,26.9021
8,1000,1,10007,0,234.125,233.253,199.103
8,1000,1,50021,0,1038.94,1020.39,965.158
8,1000,1,100003,0,2000.38,2123.9,1875.31
8,1000,3,53,0,3.7589,3.0471,2.9583
8,1000,3,89,0,4.1778,3.8067,4.2623
8,1000,3,101,0,4.2712,4.6181,3.677
8,1000,3,503,0,13.1452,11.1455,11.818
8,1000,3,1009,0,23.2037,26.2808,24.7154
8,1000,3,10007,0,219.681,232.546,215.225
8,1000,3,50021,0,1034.49,1094.77,1078.62
8,1000,3,100003,0,2189.97,2269.95,2114.88
8,1000,5,53,0,3.4562,4.0602,3.5398
8,1000,5,89,0,4.0534,4.1909,3.8713
8,1000,5,101,0,4.846,4.9257,3.9424
8,1000,5,503,0,12.3556,14.5159,13.6936
8,1000,5,1009,0,29.5397,26.5245,27.5796
8,1000,5,10007,0,242.695,244.942,224.665
8,1000,5,50021,0,1161.21,1147.67,1067.74
8,1000,5,100003,0,2267.9,2350.18,2357.9
8,1000,7,53,0,3.5821,3.6228,2.8109
8,1000,7,89,0,4.1696,4.3615,3.8741
8,1000,7,101,0,4.3275,4.5647,5.9375
8,1000,7,503,0,16.6538,17.1721,18.3558
8,1000,7,1009,0,34.4046,32.5686,32.7147
8,1000,7,10007,0,266.815,282.324,293.648
8,1000,7,50021,0,1364.47,1348.42,1356.36
8,1000,7,100003,0,2649.35,2577.07,2640.73
8,1000,9,53,0,3.9653,3.0791,3.6176
8,1000,9,89,0,5.0336,4.8924,3.3971
8,1000,9,101,0,4.0558,3.824,3.9036
8,1000,9,503,0,16.947,19.1892,17.7154
8,1000,9,1009,0,37.298,38.0044,35.1093
8,1000,9,10007,0,333.065,347.445,353.801
8,1000,9,50021,0,1742.02,1703.62,1644.16
8,1000,9,100003,0,3191.44,3240.32,3416.94
12,1000,0,53,0,4.064,2.8403,3.4358
12,1000,0,89,0,3.4327,3.3294,5.1475
12,1000,0,101,0,4.0661,2.9623,4.3198
12,1000,0,503,0,13.6193,11.53,15.4119
12,1000,0,1009,0,25.2048,21.2578,29.5621
12,1000,0,10007,0,260.162,240.389,304.808
12,1000,0,50021,0,1520.83,1456.3,1662.23
12,1000,0,100003,0,2859.21,2773.34,3406.6
12,1000,1,53,0,4.6874,4.8813,4.3008
12,1000,1,89,0,6.3863,6.7209,6.3185
12,1000,1,101,0,8.9445,7.5529,6.6611
12,1000,1,503,0,26.1603,24.7939,26.8741
12,1000,1,1009,0,48.8786,47.0302,39.7816
12,1000,1,10007,0,394.414,389.374,374.204
12,1000,1,50021,0,1624.9,1836.28,1697.81
12,1000,1,100003,0,3147.81,3848,3558.34
12,1000,3,53,0,5.5032,5.7637,7.0133
12,1000,3,89,0,7.1949,7.455,5.5596
12,1000,3,101,0,8.7149,7.5132,6.2622
12,1000,3,503,0,22.6316,23.3842,20.7629
12,1000,3,1009,0,43.9341,42.6096,33.9921
12,1000,3,10007,0,325.439,371.955,378.97
12,1000,3,50021,0,1757.36,1935.37,1825.08
12,1000,3,100003,0,3493.44,4161.79,3767.61
12,1000,5,53,0,6.403,5.6806,4.6408
12,1000,5,89,0,7.2504,8.141,5.711
12,1000,5,101,0,8.1498,7.5648,6.7446
12,1000,5,503,0,25.1776,25.5682,21.5527
12,1000,5,1009,0,45.6881,47.4051,44.0564
12,1000,5,10007,0,400.281,413.934,394.579
12,1000,5,50021,0,1871.25,2041,2158.15
12,1000,5,100003,0,3850.81,4110.68,3985.17
12,1000,7,53,0,6.5969,6.0189,9.1305
12,1000,7,89,0,7.6349,7.5251,6.9204
12,1000,7,101,0,7.7786,7.7346,10.0257
12,1000,7,503,0,24.9823,25.6313,28.2608
12,1000,7,1009,0,48.742,48.4446,49.5748
12,1000,7,10007,0,385.346,427.087,424.638
12,1000,7,50021,0,2080.09,2174.15,2007.45
12,1000,7,100003,0,4026.73,4336.99,4176.72
12,1000,9,53,0,6.0586,7.3853,5.0604
12,1000,9,89,0,7.931,7.8146,6.8957
12,1000,9,101,0,8.292,7.9756,6.999
12,1000,9,503,0,26.6821,25.2205,27.2018
12,1000,9,1009,0,52.7616,49.7598,50.3995
12,1000,9,10007,0,452.342,450.582,460.777
12,1000,9,50021,0,2169.03,2210.29,2134.5
12,1000,9,100003,0,4570.78,4636.93,4295.73
16,1000,0,53,0,3.5696,3.5437,9.7305
16,1000,0,89,0,6.7753,6.9592,6.4545
16,1000,0,101,0,7.0655,6.2182,10.3716
16,1000,0,503,0,25.1292,19.4659,22.6007
16,1000,0,1009,0,46.1073,36.3538,48.1863
16,1000,0,10007,0,442.57,379.521,534.518
16,1000,0,50021,0,2317.67,2196.57,2736.16
16,1000,0,100003,0,4371.22,4617.08,5479.18
16,1000,1,53,0,8.88,10.0467,6.5814
16,1000,1,89,0,11.9054,11.8278,7.9148
16,1000,1,101,0,9.4218,11.1319,7.3769
16,1000,1,503,0,30.9572,29.6151,27.7872
16,1000,1,1009,0,60.6668,60.5167,52.6431
16,1000,1,10007,0,558.701,572.718,562.701
16,1000,1,50021,0,2511.28,2864.65,2898.52
16,1000,1,100003,0,4789.59,6051.78,5941.29
16,1000,3,53,0,12.3687,12.2029,12.7822
16,1000,3,89,0,12.6516,13.7544,19.1904
16,1000,3,101,0,14.2337,16.5875,9.9431
16,1000,3,503,0,42.6671,39.7016,42.7722
16,1000,3,1009,0,73.5833,74.1925,75.325
16,1000,3,10007,0,543.134,591.892,613.442
16,1000,3,50021,0,2640.68,3023.86,3110.57
16,1000,3,100003,0,5341.72,6183.38,6069.49
16,1000,5,53,0,11.5748,11.4038,7.0108
16,1000,5,89,0,14.0829,12.6553,9.4617
16,1000,5,101,0,15.5867,13.7887,14.3407
16,1000,5,503,0,42.1354,41.3963,39.7397
16,1000,5,1009,0,76.6794,71.4309,76.1152
16,1000,5,10007,0,606.692,642.163,641.957
16,1000,5,50021,0,2774.45,3181.03,3142.87
16,1000,5,100003,0,5617.08,6368.48,6508.04
16,1000,7,53,0,11.8073,10.908,15.7461
16,1000,7,89,0,13.1916,16.8234,9.3594
16,1000,7,101,0,14.6251,15.062,13.9776
16,1000,7,503,0,45.203,47.2052,45.0639
16,1000,7,1009,0,86.1604,82.884,92.6735
16,1000,7,10007,0,667.605,621.115,614.551
16,1000,7,50021,0,3000.07,3310.78,3461.21
16,1000,7,100003,0,6077.82,6658.48,6515.28
16,1000,9,53,0,9.843,10.5424,7.9938
16,1000,9,89,0,14.0284,12.3064,9.6484
16,1000,9,101,0,14.9446,13.2245,10.3701
16,1000,9,503,0,44.3689,42.888,37.7608
16,1000,9,1009,0,78.5119,79.5395,77.0099
16,1000,9,10007,0,658.728,698.472,650.847
16,1000,9,50021,0,3211.73,3548.03,3335.63
16,1000,9,100003,0,6269.57,7110.62,6678.36
20,1000,0,53,0,5.8656,4.6763,12.3551
20,1000,0,89,0,11.1755,9.6572,12.3193
20,1000,0,101,0,12.0383,10.4926,9.5515
20,1000,0,503,0,40.6597,27.524,33.5879
20,1000,0,1009,0,72.2209,50.9557,66.6987
20,1000,0,10007,0,584.433,513.708,602.684
20,1000,0,50021,0,2960.67,2936.41,3117.87
20,1000,0,100003,0,5857.96,6228.37,6297.81
20,1000,1,53,0,11.4983,16.6342,8.7001
20,1000,1,89,0,20.9382,15.5527,16.7156
20,1000,1,101,0,17.539,18.4255,20.9683
20,1000,1,503,0,52.2628,49.4398,46.5791
20,1000,1,1009,0,100.197,78.2697,64.8696
20,1000,1,10007,0,707.544,726.331,646.867
20,1000,1,50021,0,2922.04,3501.29,3171.35
20,1000,1,100003,0,5492.66,7235.3,6745.21
20,1000,3,53,0,13.3692,15.6168,9.8596
20,1000,3,89,0,20.2881,18.4962,12.7412
20,1000,3,101,0,21.2061,18.8015,18.6498
20,1000,3,503,0,49.5914,47.1263,41.3123
20,1000,3,1009,0,91.491,91.4027,87.1321
20,1000,3,10007,0,681.485,691.733,691.387
20,1000,3,50021,0,2981.46,3827.15,3606.29
20,1000,3,100003,0,6046.24,7714.39,7260.82
20,1000,5,53,0,16.4337,13.9591,14.5817
20,1000,5,89,0,16.5753,17.9624,11.7426
20,1000,5,101,0,19.4487,18.5904,14.7487
20,1000,5,503,0,52.4514,50.258,47.2249
20,1000,5,1009,0,88.8021,89.1605,80.2527
20,1000,5,10007,0,704.816,779.885,729.618
20,1000,5,50021,0,3275.96,3909.61,3713.92
20,1000,5,100003,0,6395.76,7887.82,7419.55
20,1000,7,53,0,13.897,13.859,13.1332
20,1000,7,89,0,15.8355,18.174,11.8925
20,1000,7,101,0,19.3415,17.6199,14.5416
20,1000,7,503,0,53.9288,47.67,44.868
20,1000,7,1009,0,93.705,94.3163,83.0189
20,1000,7,10007,0,780.737,855.001,805.736
20,1000,7,50021,0,3549.54,4096.24,3819.07
20,1000,7,100003,0,6994.41,8202.83,7557.97
20,1000,9,53,0,12.1492,12.4482,13.1361
20,1000,9,89,0,14.5929,14.4541,11.8701
20,1000,9,101,0,16.5267,15.3184,15.5615
20,1000,9,503,0,44.3456,47.9214,33.2102
20,1000,9,1009,0,72.9799,82.0788,73.7705
20,1000,9,10007,0,758.472,868.202,799.91
20,1000,9,50021,0,3773.82,4331.35,3912.32
20,1000,9,100003,0,7451.79,8514.06,7752.48
1,1000,0,53,0,0.782,0.3953,0.3569
1,1000,0,89,0,0.433,0.4751,0.4589
1,1000,0,101,0,0.4041,0.3976,0.455
1,1000,0,503,0,1.3658,1.3546,1.4083
1,1000,0,1009,0,2.6303,2.7316,4.2893
1,1000,0,10007,0,24.8893,24.0534,23.0887
1,1000,0,50021,0,97.0813,111.826,92.3628
1,1000,0,100003,0,176.77,178.637,174.472
1,1000,1,53,0,0.5825,0.2976,0.2417
1,1000,1,89,0,0.3598,0.3646,0.3478
1,1000,1,101,0,0.4343,0.4707,0.3848
1,1000,1,503,0,1.6633,1.6455,1.9967
1,1000,1,1009,0,5.7612,3.0051,2.9863
1,1000,1,10007,0,34.5923,33.3808,33.5711
1,1000,1,50021,0,164.983,165.168,163.411
1,1000,1,100003,0,320.595,310.773,328.289
1,1000,3,53,0,0.5514,0.4196,0.6924
1,1000,3,89,0,0.7395,0.5585,0.5436
1,1000,3,101,0,0.6098,0.6073,0.5948
1,1000,3,503,0,2.7608,2.8299,2.8451
1,1000,3,1009,0,10.5407,6.8465,6.2807
1,1000,3,10007,0,63.302,66.9197,64.7925
1,1000,3,50021,0,318.077,304.043,303.461
1,1000,3,100003,0,622.566,619.392,612.374
1,1000,5,53,0,1.0691,0.5424,0.4999
1,1000,5,89,0,0.838,0.8524,0.858
1,1000,5,101,0,0.9916,0.9897,0.9967
1,1000,5,503,0,4.8191,6.653,4.6018
1,1000,5,1009,0,9.2144,8.077,10.4667
1,1000,5,10007,0,90.0264,92.9273,92.0126
1,1000,5,50021,0,461.788,470.81,474.866
1,1000,5,100003,0,960.392,955.279,950.873
1,1000,7,53,0,0.7546,0.6646,0.6627
1,1000,7,89,0,1.1591,1.0992,1.092
1,1000,7,101,0,1.2819,1.4699,1.2667
1,1000,7,503,0,6.0871,6.1429,10.6825
1,1000,7,1009,0,12.0198,13.9564,11.3778
1,1000,7,10007,0,129.753,130.372,130.641
1,1000,7,50021,0,638.101,638.094,632.071
1,1000,7,100003,0,1249.54,1252.1,1216.54
1,1000,9,53,0,0.8775,0.7834,0.7829
1,1000,9,89,0,1.3314,1.3618,1.2726
1,1000,9,101,0,1.4617,1.425,1.4244
1,1000,9,503,0,7.0221,8.6434,6.8979
1,1000,9,1009,0,14.6882,16.0083,14.2233
1,1000,9,10007,0,155.613,152.642,160.016
1,1000,9,50021,0,784.213,792.66,806.315
1,1000,9,100003,0,1604.06,1602.1,1550.15
2,1000,0,53,0,0.3997,0.2716,0.3199
2,1000,0,89,0,0.6285,0.3586,0.556
2,1000,0,101,0,0.3912,0.4336,0.5032
2,1000,0,503,0,1.7586,1.5337,1.8412
2,1000,0,1009,0,4.4141,2.8965,3.4937
2,1000,0,10007,0,34.4525,34.2193,34.4103
2,1000,0,50021,0,162.028,159.147,161.981
2,1000,0,100003,0,323.798,318.471,324.294
2,1000,1,53,0,0.5881,0.5794,0.8356
2,1000,1,89,0,0.5635,0.645,0.636
2,1000,1,101,0,0.5362,0.5593,0.6085
2,1000,1,503,0,1.5969,1.6698,1.7535
2,1000,1,1009,0,3.1579,5.0304,5.0598
2,1000,1,10007,0,60.5368,58.3258,56.2722
2,1000,1,50021,0,281.144,271.494,289.289
2,1000,1,100003,0,589.239,540.007,590.103
2,1000,3,53,0,0.6057,0.6873,0.5414
2,1000,3,89,0,0.6314,1.0742,1.19
2,1000,3,101,0,0.6829,0.6548,1.2576
2,1000,3,503,0,7.5209,6.0581,5.9827
2,1000,3,1009,0,10.8946,11.0627,12.3491
2,1000,3,10007,0,116.181,118.348,115.228
2,1000,3,50021,0,568.717,579.042,574.194
2,1000,3,100003,0,1129.9,1151.39,1163.3
2,1000,5,53,0,0.7498,0.9495,1.2193
2,1000,5,89,0,1.6765,2.4369,1.9432
2,1000,5,101,0,1.7923,1.8131,1.854
2,1000,5,503,0,8.825,7.8822,9.2592
2,1000,5,1009,0,15.2819,17.4844,14.2925
2,1000,5,10007,0,174.704,174.778,176.041
2,1000,5,50021,0,789.385,808.259,769.653
2,1000,5,100003,0,1569.54,1587.84,1567.86
2,1000,7,53,0,2.6591,3.656,1.378
2,1000,7,89,0,1.0832,1.0805,1.1918
2,1000,7,101,0,1.2973,1.2726,1.3879
2,1000,7,503,0,6.3535,10.0958,12.5205
2,1000,7,1009,0,12.3006,18.1003,21.3528
2,1000,7,10007,0,223.832,203.174,212.582
2,1000,7,50021,0,1055.72,1033.79,1069.71
2,1000,7,100003,0,2051.45,2105.99,2092.21
2,1000,9,53,0,0.9517,0.8716,0.9282
2,1000,9,89,0,1.4285,1.3909,1.5135
2,1000,9,101,0,2.8261,4.7791,1.9033
2,1000,9,503,0,12.3897,16.3781,16.4831
2,1000,9,1009,0,28.062,29.7801,19.9547
2,1000,9,10007,0,269.159,260.456,289.712
2,1000,9,50021,0,1318.45,1288.5,1308.6
2,1000,9,100003,0,2592.11,2543.13,2564.69
4,1000,0,53,0,0.8623,0.7729,0.8924
4,1000,0,89,0,0.964,0.8126,0.9665
4,1000,0,101,0,0.8342,0.9133,1.1184
4,1000,0,503,0,4.0541,4.5589,3.3141
4,1000,0,1009,0,6.1332,6.2254,6.5517
4,1000,0,10007,0,60.581,63.5984,71.91
4,1000,0,50021,0,314.277,325.581,338.553
4,1000,0,100003,0,623.933,661.536,687.023
4,1000,1,53,0,0.9367,0.8415,0.7505
4,1000,1,89,0,1.1358,1.1399,1.093
4,1000,1,101,0,1.1381,1.2801,1.183
4,1000,1,503,0,4.544,5.9453,3.7794
4,1000,1,1009,0,9.9052,8.4628,6.6758
4,1000,1,10007,0,87.2924,99.9962,90.9751
4,1000,1,50021,0,429.764,480.03,439.631
4,1000,1,100003,0,829.5,882.292,870.899
4,1000,3,53,0,1.2098,1.2061,1.2032
4,1000,3,89,0,1.4665,1.6963,1.9645
4,1000,3,101,0,1.5414,1.4839,2.6033
4,1000,3,503,0,6.6717,6.7954,6.8317
4,1000,3,1009,0,13.4957,14.9473,7.9418
4,1000,3,10007,0,132.258,130.832,126.761
4,1000,3,50021,0,617.64,612.16,577.419
4,1000,3,100003,0,1187.22,1222.02,1182.46
4,1000,5,53,0,1.0902,1.2014,1.2351
4,1000,5,89,0,1.7357,1.7678,1.909
4,1000,5,101,0,2.0001,1.938,1.9853
4,1000,5,503,0,9.0383,9.3482,9.7117
4,1000,5,1009,0,20.1091,18.4704,19.6129
4,1000,5,10007,0,178.094,186.025,190.667
4,1000,5,50021,0,863.542,899.208,913.426
4,1000,5,100003,0,1864.29,1861.37,1871.33
4,1000,7,53,0,1.792,1.549,1.5736
4,1000,7,89,0,2.2687,2.0797,2.4868
4,1000,7,101,0,3.0284,4.116,3.9705
4,1000,7,503,0,13.8859,13.1427,14.5037
4,1000,7,1009,0,26.1129,29.0972,29.1643
4,1000,7,10007,0,261.545,252.415,222.06
4,1000,7,50021,0,1148.41,1136.43,1133.35
4,1000,7,100003,0,2255.02,2297.46,2439.8
4,1000,9,53,0,2.2782,1.677,1.8284
4,1000,9,89,0,2.7471,2.7347,4.3007
4,1000,9,101,0,1.8574,1.9483,1.8666
4,1000,9,503,0,11.6136,13.1126,16.6375
4,1000,9,1009,0,32.552,31.1062,32.762
4,1000,9,10007,0,295.13,314.752,262.098
4,1000,9,50021,0,1501.49,1516.75,1471.83
4,1000,9,100003,0,2834.99,2760.36,2898.97
8,1000,0,53,0,1.5967,1.404,1.8667
8,1000,0,89,0,2.0855,1.6762,2.1934
8,1000,0,101,0,2.2473,1.7742,2.3989
8,1000,0,503,0,7.5003,6.8136,9.2139
8,1000,0,1009,0,14.2974,13.8375,14.9871
8,1000,0,10007,0,151.189,146.814,171.177
8,1000,0,50021,0,866.912,780.089,851.653
8,1000,0,100003,0,1693.58,1551.34,1645.91
8,1000,1,53,0,2.2104,2.6243,2.2615
8,1000,1,89,0,4.4744,3.4768,3.6458
8,1000,1,101,0,4.7551,3.9437,3.359
8,1000,1,503,0,12.6919,14.1566,12.6472
8,1000,1,1009,0,24.7821,22.8264,22.3198
8,1000,1,10007,0,224.574,222.774,199.999
8,1000,1,50021,0,985.03,1001.53,956.107
8,1000,1,100003,0,1905.69,2111.01,1884.21
8,1000,3,53,0,2.7924,2.7487,3.0059
8,1000,3,89,0,4.0157,3.5575,3.6768
8,1000,3,101,0,3.8655,4.0073,3.7076
8,1000,3,503,0,13.1716,13.2325,13.9452
8,1000,3,1009,0,24.0474,26.8225,23.5962
8,1000,3,10007,0,215.229,220.101,219.076
8,1000,3,50021,0,1076.33,1102.32,1053.37
8,1000,3,100003,0,2037.43,2214.96,2115.54
8,1000,5,53,0,3.547,2.8948,2.6037
8,1000,5,89,0,3.8054,4.0356,3.3846
8,1000,5,101,0,4.3608,4.1478,3.7119
8,1000,5,503,0,14.5079,14.067,12.7731
8,1000,5,1009,0,26.346,28.0258,26.037
8,1000,5,10007,0,251.529,255.943,253.342
8,1000,5,50021,0,1236.63,1255.22,1225.9
8,1000,5,100003,0,2289.26,2321.56,2185.62
8,1000,7,53,0,3.5315,3.5394,3.7856
8,1000,7,89,0,4.1293,4.6135,3.7858
8,1000,7,101,0,4.4762,4.0796,5.7161
8,1000,7,503,0,16.7685,15.8755,14.6014
8,1000,7,1009,0,28.0041,29.1345,32.3028
8,1000,7,10007,0,283.876,279.626,294.599
8,1000,7,50021,0,1376.57,1475.22,1373.61
8,1000,7,100003,0,2727.72,2753.02,2612.99
8,1000,9,53,0,3.5248,3.7923,4
8,1000,9,89,0,3.7862,3.6144,3.5211
8,1000,9,101,0,4.2127,3.6787,3.5125
8,1000,9,503,0,16.6548,19.2666,20.6956
8,1000,9,1009,0,33.2416,37.7473,37.5179
8,1000,9,10007,0,332.592,338.876,331.981
8,1000,9,50021,0,1555.31,1645.04,1625.74
8,1000,9,100003,0,3357.8,3273.16,3169.17
12,1000,0,53,0,2.7029,4.684,4.7677
12,1000,0,89,0,3.9663,3.5622,4.3784
12,1000,0,101,0,4.5379,4.951,7.6878
12,1000,0,503,0,15.8233,12.6651,16.9388
12,1000,0,1009,0,28.7482,24.1271,33.1212
12,1000,0,10007,0,297.516,255.461,302.771
12,1000,0,50021,0,1479.07,1413.14,1682.99
12,1000,0,100003,0,2870.93,2878.53,3217.35
12,1000,1,53,0,5.1585,5.3805,3.9575
12,1000,1,89,0,6.0217,6.4962,6.1722
12,1000,1,101,0,7.4274,8.1208,5.7121
12,1000,1,503,0,25.0488,25.0382,21.5779
12,1000,1,1009,0,41.7942,43.1234,35.0741
12,1000,1,10007,0,368.927,367.988,331.539
12,1000,1,50021,0,1672.67,1929.55,1909.52
12,1000,1,100003,0,3193.28,3716.71,3552.85
12,1000,3,53,0,6.9101,6.6919,4.6219
12,1000,3,89,0,7.2853,8.4418,7.2291
12,1000,3,101,0,8.5215,9.3806,7.0641
12,1000,3,503,0,27.333,27.1591,28.3596
12,1000,3,1009,0,48.6353,48.2282,47.6543
12,1000,3,10007,0,404.044,412.807,420.851
12,1000,3,50021,0,1727.45,2024.9,1934.42
12,1000,3,100003,0,3401.17,3933.73,3831.99
12,1000,5,53,0,5.9216,5.9639,4.2279
12,1000,5,89,0,7.5834,8.6557,6.561
12,1000,5,101,0,8.3649,8.3615,7.0168
12,1000,5,503,0,25.428,26.1205,27.4273
12,1000,5,1009,0,49.0543,52.9892,47.325
12,1000,5,10007,0,400.582,413.468,414.383
12,1000,5,50021,0,1923.63,1954.6,1936.97
12,1000,5,100003,0,3772.73,4205.54,3889.44
12,1000,7,53,0,6.5542,6.103,4.4963
12,1000,7,89,0,8.0825,8.2684,6.054
12,1000,7,101,0,7.9611,8.0997,6.7508
12,1000,7,503,0,26.677,28.7982,26.0381
12,1000,7,1009,0,46.6123,49.4582,46.787
12,1000,7,10007,0,421.666,438.611,388.457
12,1000,7,50021,0,2001.1,2112.31,2158.45
12,1000,7,100003,0,4377,4203.5,4234.78
12,1000,9,53,0,8.3131,5.6649,5.2809
12,1000,9,89,0,8.3937,9.4691,6.5941
12,1000,9,101,0,8.2721,8.0899,7.2275
12,1000,9,503,0,27.8583,29.2075,27.7406
12,1000,9,1009,0,51.5588,53.6191,54.3332
12,1000,9,10007,0,481.815,481.387,478.142
12,1000,9,50021,0,2204.08,2362.78,2205.02
12,1000,9,100003,0,4348.18,4561.08,4417.06
16,1000,0,53,0,4.9055,2.4935,5.2265
16,1000,0,89,0,7.167,4.0877,9.7817
16,1000,0,101,0,6.6872,6.1398,8.22
16,1000,0,503,0,26.1024,18.8028,24.0685
16,1000,0,1009,0,48.8647,38.815,50.4752
16,1000,0,10007,0,471.498,378.197,491.356
16,1000,0,50021,0,2182.75,2189.87,2627.51
16,1000,0,100003,0,4439.26,4590.7,5429.48
16,1000,1,53,0,9.0365,11.3886,10.0842
16,1000,1,89,0,11.2941,12.4834,11.5983
16,1000,1,101,0,13.9123,13.4951,9.6753
16,1000,1,503,0,46.0835,38.3789,46.2052
16,1000,1,1009,0,78.2278,74.0265,58.7719
16,1000,1,10007,0,607.451,616.626,610.059
16,1000,1,50021,0,2602.61,2805.32,2760.27
16,1000,1,100003,0,5065.84,6072.41,5620.45
16,1000,3,53,0,9.8297,12.476,6.7845
16,1000,3,89,0,12.1982,12.8764,9.6931
16,1000,3,101,0,14.7418,13.6229,9.9919
16,1000,3,503,0,41.49,40.4876,36.5698
16,1000,3,1009,0,61.3962,64.9997,60.6651
16,1000,3,10007,0,579.437,616.898,627.946
16,1000,3,50021,0,2731.12,2945.94,2941.45
16,1000,3,100003,0,5291.17,6165.92,5777.48
16,1000,5,53,0,12.8379,11.4442,8.0861
16,1000,5,89,0,13.3762,13.0189,9.3355
16,1000,5,101,0,13.8681,14.0251,10.2573
16,1000,5,503,0,42.6568,41.8467,39.4138
16,1000,5,1009,0,78.1887,75.9364,70.3032
16,1000,5,10007,0,627.505,679.777,680.667
16,1000,5,50021,0,2982.57,3284.51,3005.28
16,1000,5,100003,0,5735.53,6632.65,6131.75
16,1000,7,53,0,11.4709,11.9724,8.7162
16,1000,7,89,0,13.3992,14.2627,9.8961
16,1000,7,101,0,16.0768,13.6688,10.5719
16,1000,7,503,0,43.564,41.845,37.9384
16,1000,7,1009,0,80.6583,79.2326,79.3144
16,1000,7,10007,0,631.349,630.157,670.062
16,1000,7,50021,0,3127.01,3270.36,3149.65
16,1000,7,100003,0,6086.72,6611.76,6519.5
16,1000,9,53,0,13.9068,10.7257,7.9788
16,1000,9,89,0,15.0419,12.9185,10.0361
16,1000,9,101,0,15.8898,13.7384,11.1471
16,1000,9,503,0,43.8531,46.6201,44.5128
16,1000,9,1009,0,82.1993,81.181,79.0091
16,1000,9,10007,0,728.904,732.174,650.315
16,1000,9,50021,0,3233.99,3358.01,3455.75
16,1000,9,100003,0,6553.81,6921.37,6854.9
20,1000,0,53,0,9.3691,5.4949,10.4214
20,1000,0,89,0,10.2913,12.0389,13.7163
20,1000,0,101,0,12.3303,11.1234,11.3788
20,1000,0,503,0,40.57,29.1047,35.5047
20,1000,0,1009,0,78.033,52.7407,69.5541
20,1000,0,10007,0,599.7,525.425,630.148
20,1000,0,50021,0,2849.96,2867.44,3160.8
20,1000,0,100003,0,5711.61,5851.24,6406.54
20,1000,1,53,0,12.1589,11.9545,12.3117
20,1000,1,89,0,13.7244,16.0926,10.1381
20,1000,1,101,0,16.7423,16.6563,11.0511
20,1000,1,503,0,50.5376,45.5362,41.5749
20,1000,1,1009,0,91.6004,87.7299,73.061
20,1000,1,10007,0,715.796,704.899,646.48
20,1000,1,50021,0,2805.87,3556.6,3194.96
20,1000,1,100003,0,5656.41,7329.27,6600.98
20,1000,3,53,0,10.6541,14.4488,9.1515
20,1000,3,89,0,16.3452,17.2583,12.6565
20,1000,3,101,0,19.2733,18.479,19.4956
20,1000,3,503,0,50.002,50.5628,45.2236
20,1000,3,1009,0,89.2562,87.7868,73.9225
20,1000,3,10007,0,676.121,721.773,720.894
20,1000,3,50021,0,2998.36,3850.7,3318.57
20,1000,3,100003,0,5887.56,7574.75,7070.7
20,1000,5,53,0,14.8652,17.1493,9.2207
20,1000,5,89,0,17.9951,16.8478,19.6433
20,1000,5,101,0,19.8429,18.6998,16.3083
20,1000,5,503,0,50.9237,48.9646,44.6449
20,1000,5,1009,0,94.1132,91.7412,85.709
20,1000,5,10007,0,739.542,748.075,760.692
20,1000,5,50021,0,3174.14,3975.85,3717.88
20,1000,5,100003,0,6491.85,7968.68,7402.88
20,1000,7,53,0,12.8126,14.8133,7.8186
20,1000,7,89,0,15.1359,16.3766,11.3547
20,1000,7,101,0,18.0041,16.0366,16.7844
20,1000,7,503,0,47.89,49.323,56.793
20,1000,7,1009,0,90.6162,90.81,81.3632
20,1000,7,10007,0,768.971,810.622,769.589
20,1000,7,50021,0,3506.32,4078.13,3780.1
20,1000,7,100003,0,6937.31,8206.76,7567.52
20,1000,9,53,0,13.542,9.8655,7.9692
20,1000,9,89,0,16.1947,14.6864,16.939
20,1000,9,101,0,16.2941,16.8834,13.4259
20,1000,9,503,0,50.598,47.0729,41.8786
20,1000,9,1009,0,93.996,95.4417,84.4101
20,1000,9,10007,0,800.474,913.54,826.048
20,1000,9,50021,0,3812.51,4329.55,3903.11
20,1000,9,100003,0,7402.98,8576.97,7778.49
1,1000,0,53,1,0.4916,0.3167,-1
1,1000,0,89,1,0.2223,0.2075,-1
1,1000,0,101,1,0.7011,0.2038,-1
1,1000,0,503,1,0.7749,0.7792,-1
1,1000,0,1009,1,1.4036,1.4318,-1
1,1000,0,10007,1,14.2047,13.3645,-1
1,1000,0,50021,1,65.4789,65.488,-1
1,1000,0,100003,1,128.949,128.257,-1
1,1000,1,53,1,0.4564,0.6823,-1
1,1000,1,89,1,0.368,0.6853,-1
1,1000,1,101,1,0.5765,0.3436,-1
1,1000,1,503,1,1.407,1.3603,-1
1,1000,1,1009,1,2.6059,2.8643,-1
1,1000,1,10007,1,25.5745,26.8461,-1
1,1000,1,50021,1,129.934,130.828,-1
1,1000,1,100003,1,274.185,271.807,-1
1,1000,3,53,1,0.4995,0.5399,-1
1,1000,3,89,1,0.6356,0.5769,-1
1,1000,3,101,1,0.6297,0.6215,-1
1,1000,3,503,1,3.5579,3.017,-1
1,1000,3,1009,1,5.4464,5.6484,-1
1,1000,3,10007,1,53.254,52.9162,-1
1,1000,3,50021,1,261.383,290.68,-1
1,1000,3,100003,1,593.568,525.394,-1
1,1000,5,53,1,0.7474,0.7496,-1
1,1000,5,89,1,0.8361,0.7912,-1
1,1000,5,101,1,0.8316,0.8991,-1
1,1000,5,503,1,4.1916,4.1456,-1
1,1000,5,1009,1,7.7518,8.0669,-1
1,1000,5,10007,1,78.9289,79.2642,-1
1,1000,5,50021,1,397.531,416.873,-1
1,1000,5,100003,1,824.06,980.577,-1
1,1000,7,53,1,0.6805,0.663,-1
1,1000,7,89,1,1.0132,1.0207,-1
1,1000,7,101,1,1.1509,1.6644,-1
1,1000,7,503,1,5.8904,5.917,-1
1,1000,7,1009,1,11.1563,11.0607,-1
1,1000,7,10007,1,110.871,111.59,-1
1,1000,7,50021,1,565.583,577.558,-1
1,1000,7,100003,1,1083.76,1068.27,-1
1,1000,9,53,1,2.2875,1.3834,-1
1,1000,9,89,1,1.2183,1.636,-1
1,1000,9,101,1,1.4257,1.4257,-1
1,1000,9,503,1,6.6815,6.6131,-1
1,1000,9,1009,1,13.7724,14.7534,-1
1,1000,9,10007,1,137.103,130.846,-1
1,1000,9,50021,1,677.535,660.826,-1
1,1000,9,100003,1,1328.26,1326.95,-1
2,1000,0,53,1,0.6801,0.3399,-1
2,1000,0,89,1,0.3876,0.5984,-1
2,1000,0,101,1,0.3703,0.4038,-1
2,1000,0,503,1,1.5519,1.4045,-1
2,1000,0,1009,1,2.6907,2.9423,-1
2,1000,0,10007,1,27.0872,27.1603,-1
2,1000,0,50021,1,137.052,134.103,-1
2,1000,0,100003,1,267.064,266.957,-1
2,1000,1,53,1,0.683,0.4884,-1
2,1000,1,89,1,0.5497,0.4543,-1
2,1000,1,101,1,0.6402,0.6767,-1
2,1000,1,503,1,1.6671,1.5385,-1
2,1000,1,1009,1,3.09,3.1667,-1
2,1000,1,10007,1,28.723,27.3245,-1
2,1000,1,50021,1,144.426,138.953,-1
2,1000,1,100003,1,298.018,279.087,-1
2,1000,3,53,1,0.765,0.791,-1
2,1000,3,89,1,0.8002,0.6031,-1
2,1000,3,101,1,0.6617,0.6497,-1
2,1000,3,503,1,2.8758,2.8269,-1
2,1000,3,1009,1,7.0087,8.8396,-1
2,1000,3,10007,1,60.23,55.7594,-1
2,1000,3,50021,1,277.759,276.234,-1
2,1000,3,100003,1,578.652,585.57,-1
2,1000,5,53,1,1.4038,1.1738,-1
2,1000,5,89,1,1.022,0.8393,-1
2,1000,5,101,1,0.9342,1.1665,-1
2,1000,5,503,1,4.2775,4.2571,-1
2,1000,5,1009,1,8.4123,8.4488,-1
2,1000,5,10007,1,87.754,82.2563,-1
2,1000,5,50021,1,420.775,425.355,-1
2,1000,5,100003,1,834.865,868.315,-1
2,1000,7,53,1,1.2506,1.2468,-1
2,1000,7,89,1,1.7276,1.2192,-1
2,1000,7,101,1,1.3859,1.2951,-1
2,1000,7,503,1,5.6927,5.8485,-1
2,1000,7,1009,1,11.2336,11.2,-1
2,1000,7,10007,1,109.744,129.123,-1
2,1000,7,50021,1,548.231,544.061,-1
2,1000,7,100003,1,1092.43,1101.33,-1
2,1000,9,53,1,1.943,1.4936,-1
2,1000,9,89,1,1.4362,1.287,-1
2,1000,9,101,1,1.3946,1.4366,-1
2,1000,9,503,1,7.245,6.9395,-1
2,1000,9,1009,1,15.801,13.8457,-1
2,1000,9,10007,1,139.578,138.689,-1
2,1000,9,50021,1,694.991,689.774,-1
2,1000,9,100003,1,1386.13,1369.75,-1
4,1000,0,53,1,1.1222,0.6975,-1
4,1000,0,89,1,0.8295,1.0011,-1
4,1000,0,101,1,0.8656,0.6694,-1
4,1000,0,503,1,2.8362,3.2575,-1
4,1000,0,1009,1,5.884,5.8793,-1
4,1000,0,10007,1,55.6824,55.1583,-1
4,1000,0,50021,1,270.506,278.048,-1
4,1000,0,100003,1,531.822,556.568,-1
4,1000,1,53,1,1.235,1.3921,-1
4,1000,1,89,1,1.273,1.3443,-1
4,1000,1,101,1,1.2428,1.3521,-1
4,1000,1,503,1,4.0006,3.7594,-1
4,1000,1,1009,1,6.6353,6.6476,-1
4,1000,1,10007,1,57.0044,57.4326,-1
4,1000,1,50021,1,281.335,284.222,-1
4,1000,1,100003,1,563.651,586.72,-1
4,1000,3,53,1,1.4577,1.5779,-1
4,1000,3,89,1,1.6152,1.4962,-1
4,1000,3,101,1,1.4733,1.3295,-1
4,1000,3,503,1,4.651,3.3827,-1
4,1000,3,1009,1,9.0913,6.6545,-1
4,1000,3,10007,1,60.5779,60.692,-1
4,1000,3,50021,1,292.418,293.517,-1
4,1000,3,100003,1,588.143,584.812,-1
4,1000,5,53,1,0.9003,1.0236,-1
4,1000,5,89,1,1.6109,2.2652,-1
4,1000,5,101,1,1.908,1.1373,-1
4,1000,5,503,1,4.8131,4.6354,-1
4,1000,5,1009,1,10.0271,9.7447,-1
4,1000,5,10007,1,89.5904,89.3858,-1
4,1000,5,50021,1,438.151,437.448,-1
4,1000,5,100003,1,937.77,1022.49,-1
4,1000,7,53,1,1.1644,0.9939,-1
4,1000,7,89,1,2.3304,1.4831,-1
4,1000,7,101,1,1.622,1.5681,-1
4,1000,7,503,1,7.2946,7.4462,-1
4,1000,7,1009,1,13.9712,14.6703,-1
4,1000,7,10007,1,148.953,138.672,-1
4,1000,7,50021,1,705.38,693.446,-1
4,1000,7,100003,1,1377.95,1348.16,-1
4,1000,9,53,1,2.0665,1.6778,-1
4,1000,9,89,1,1.8764,1.712,-1
4,1000,9,101,1,1.9481,1.9849,-1
4,1000,9,503,1,9.6798,8.9877,-1
4,1000,9,1009,1,17.433,17.4174,-1
4,1000,9,10007,1,172.921,171.414,-1
4,1000,9,50021,1,911.406,813.626,-1
4,1000,9,100003,1,1669.4,1755.12,-1
8,1000,0,53,1,1.5568,1.4694,-1
8,1000,0,89,1,1.3956,1.3621,-1
8,1000,0,101,1,1.9534,1.7437,-1
8,1000,0,503,1,6.6318,7.4434,-1
8,1000,0,1009,1,13.5649,14.3336,-1
8,1000,0,10007,1,130.098,145.105,-1
8,1000,0,50021,1,667.094,715.541,-1
8,1000,0,100003,1,1236.52,1619.19,-1
8,1000,1,53,1,2.4724,2.1043,-1
8,1000,1,89,1,3.0501,2.8578,-1
8,1000,1,101,1,3.4471,2.8934,-1
8,1000,1,503,1,9.9307,8.613,-1
8,1000,1,1009,1,17.6538,17.3667,-1
8,1000,1,10007,1,161.4,162.559,-1
8,1000,1,50021,1,740.373,802.836,-1
8,1000,1,100003,1,1430.25,1738.2,-1
8,1000,3,53,1,2.9684,2.5387,-1
8,1000,3,89,1,2.6274,2.9022,-1
8,1000,3,101,1,2.9627,3.097,-1
8,1000,3,503,1,10.9193,10.2146,-1
8,1000,3,1009,1,18.011,18.9386,-1
8,1000,3,10007,1,155.466,184.433,-1
8,1000,3,50021,1,830.721,875.482,-1
8,1000,3,100003,1,1635.21,1764.36,-1
8,1000,5,53,1,3.1116,2.3386,-1
8,1000,5,89,1,3.6002,2.9335,-1
8,1000,5,101,1,3.0627,3.1536,-1
8,1000,5,503,1,10.3945,9.9291,-1
8,1000,5,1009,1,19.8032,19.1672,-1
8,1000,5,10007,1,172.022,186.638,-1
8,1000,5,50021,1,920.136,890.68,-1
8,1000,5,100003,1,1756.73,2120.76,-1
8,1000,7,53,1,4.0354,2.5541,-1
8,1000,7,89,1,3.0883,3.6426,-1
8,1000,7,101,1,3.0941,2.7327,-1
8,1000,7,503,1,9.7972,9.1863,-1
8,1000,7,1009,1,17.3555,20.2295,-1
8,1000,7,10007,1,186.894,185.922,-1
8,1000,7,50021,1,988.495,922.632,-1
8,1000,7,100003,1,1871.26,2043.03,-1
8,1000,9,53,1,3.8136,2.8261,-1
8,1000,9,89,1,3.1246,3.176,-1
8,1000,9,101,1,3.5674,3.4846,-1
8,1000,9,503,1,10.6192,10.9791,-1
8,1000,9,1009,1,20.741,25.2505,-1
8,1000,9,10007,1,266.16,223.318,-1
8,1000,9,50021,1,1141.14,1428.32,-1
8,1000,9,100003,1,2541.34,2250.7,-1
12,1000,0,53,1,3.1821,1.4538,-1
12,1000,0,89,1,2.715,1.9157,-1
12,1000,0,101,1,3.4975,2.3612,-1
12,1000,0,503,1,11.8244,11.8207,-1
12,1000,0,1009,1,22.5776,23.8601,-1
12,1000,0,10007,1,213.077,221.518,-1
12,1000,0,50021,1,915.753,1330.98,-1
12,1000,0,100003,1,1971.41,2544.77,-1
12,1000,1,53,1,3.3613,2.7917,-1
12,1000,1,89,1,4.5743,4.6939,-1
12,1000,1,101,1,5.2332,5.0499,-1
12,1000,1,503,1,14.8017,14.0858,-1
12,1000,1,1009,1,28.4305,29.8623,-1
12,1000,1,10007,1,290.08,272.931,-1
12,1000,1,50021,1,1261.2,1514.17,-1
12,1000,1,100003,1,2845,3080.63,-1
12,1000,3,53,1,5.3951,3.2793,-1
12,1000,3,89,1,5.2554,4.5451,-1
12,1000,3,101,1,6.0022,4.6666,-1
12,1000,3,503,1,16.4956,16.6816,-1
12,1000,3,1009,1,31.4514,30.2219,-1
12,1000,3,10007,1,279.575,291.232,-1
12,1000,3,50021,1,1358.28,1632.61,-1
12,1000,3,100003,1,2722.52,3352.99,-1
12,1000,5,53,1,4.0156,3.8642,-1
12,1000,5,89,1,5.4859,4.4698,-1
12,1000,5,101,1,5.4728,5.0528,-1
12,1000,5,503,1,15.4214,16.1654,-1
12,1000,5,1009,1,29.2757,28.4301,-1
12,1000,5,10007,1,283.914,280.524,-1
12,1000,5,50021,1,1590.07,1509.69,-1
12,1000,5,100003,1,2835.76,3115.24,-1
12,1000,7,53,1,5.1052,4.2964,-1
12,1000,7,89,1,6.0414,5.6117,-1
12,1000,7,101,1,6.5292,5.5958,-1
12,1000,7,503,1,19.3748,18.6988,-1
12,1000,7,1009,1,37.1702,32.6591,-1
12,1000,7,10007,1,328.82,311.624,-1
12,1000,7,50021,1,1633.3,1645.94,-1
12,1000,7,100003,1,3335.65,3570.37,-1
12,1000,9,53,1,5.1818,3.1675,-1
12,1000,9,89,1,4.1898,3.8306,-1
12,1000,9,101,1,4.6411,4.4961,-1
12,1000,9,503,1,16.0308,15.7158,-1
12,1000,9,1009,1,30.8684,29.449,-1
12,1000,9,10007,1,360.089,321.8,-1
12,1000,9,50021,1,1698.43,1875.47,-1
12,1000,9,100003,1,3805.32,3651.69,-1
16,1000,0,53,1,2.9629,3.7456,-1
16,1000,0,89,1,4.383,2.7581,-1
16,1000,0,101,1,4.3667,2.9504,-1
16,1000,0,503,1,15.7804,16.0581,-1
16,1000,0,1009,1,30.5225,30.7226,-1
16,1000,0,10007,1,295.596,345.203,-1
16,1000,0,50021,1,1488.19,2021.31,-1
16,1000,0,100003,1,3045.41,4078.31,-1
16,1000,1,53,1,5.6603,5.1333,-1
16,1000,1,89,1,6.9418,7.9227,-1
16,1000,1,101,1,8.1456,7.6745,-1
16,1000,1,503,1,28.0314,24.1026,-1
16,1000,1,1009,1,56.8606,50.3666,-1
16,1000,1,10007,1,540.002,558.672,-1
16,1000,1,50021,1,2309.88,2786.11,-1
16,1000,1,100003,1,4503.42,5602.24,-1
16,1000,3,53,1,6.6581,5.1687,-1
16,1000,3,89,1,7.625,6.8535,-1
16,1000,3,101,1,8.6133,8.2567,-1
16,1000,3,503,1,23.3193,23.7841,-1
16,1000,3,1009,1,45.8585,46.3237,-1
16,1000,3,10007,1,447.325,491.878,-1
16,1000,3,50021,1,2341.34,2753.82,-1
16,1000,3,100003,1,4386.96,5620.6,-1
16,1000,5,53,1,6.9502,4.2004,-1
16,1000,5,89,1,6.4439,6.8157,-1
16,1000,5,101,1,7.6251,8.1518,-1
16,1000,5,503,1,22.8502,23.0229,-1
16,1000,5,1009,1,47.7612,47.2412,-1
16,1000,5,10007,1,454.243,487.151,-1
16,1000,5,50021,1,2423.77,2795.17,-1
16,1000,5,100003,1,4643.45,5487.87,-1
16,1000,7,53,1,5.7862,4.532,-1
16,1000,7,89,1,7.3192,6.8606,-1
16,1000,7,101,1,8.6433,8.3814,-1
16,1000,7,503,1,26.6489,25.9806,-1
16,1000,7,1009,1,51.003,52.9753,-1
16,1000,7,10007,1,508.905,534.823,-1
16,1000,7,50021,1,2532.22,2824.6,-1
16,1000,7,100003,1,4951.2,5699.58,-1
16,1000,9,53,1,6.4829,4.1341,-1
16,1000,9,89,1,8.2924,8.3211,-1
16,1000,9,101,1,9.2451,8.9331,-1
16,1000,9,503,1,28.4363,29.7651,-1
16,1000,9,1009,1,51.5512,55.1224,-1
16,1000,9,10007,1,525.019,571.786,-1
16,1000,9,50021,1,2608.13,2958.36,-1
16,1000,9,100003,1,5130.19,5820.82,-1
20,1000,0,53,1,6.0106,3.1136,-1
20,1000,0,89,1,5.405,3.5588,-1
20,1000,0,101,1,6.8868,3.8406,-1
20,1000,0,503,1,22.1062,18.8065,-1
20,1000,0,1009,1,41.0883,38.1912,-1
20,1000,0,10007,1,422.52,477.866,-1
20,1000,0,50021,1,2057.53,2773.45,-1
20,1000,0,100003,1,3906.15,5732.99,-1
20,1000,1,53,1,7.0404,6.9466,-1
20,1000,1,89,1,9.2862,9.9126,-1
20,1000,1,101,1,10.6953,9.7606,-1
20,1000,1,503,1,34.5017,30.9699,-1
20,1000,1,1009,1,72.1388,62.6412,-1
20,1000,1,10007,1,651.291,693.476,-1
20,1000,1,50021,1,3035.63,3847,-1
20,1000,1,100003,1,5589.7,7411.78,-1
20,1000,3,53,1,10.4702,7.9712,-1
20,1000,3,89,1,10.633,9.5314,-1
20,1000,3,101,1,11.2503,13.3892,-1
20,1000,3,503,1,35.4195,32.7632,-1
20,1000,3,1009,1,67.7,69.0889,-1
20,1000,3,10007,1,619.861,692.738,-1
20,1000,3,50021,1,2892.25,3717.98,-1
20,1000,3,100003,1,5709.04,7396.22,-1
20,1000,5,53,1,6.7788,5.2757,-1
20,1000,5,89,1,9.787,8.2163,-1
20,1000,5,101,1,9.7931,9.2653,-1
20,1000,5,503,1,32.0552,31.1659,-1
20,1000,5,1009,1,63.297,64.6167,-1
20,1000,5,10007,1,637.935,722.939,-1
20,1000,5,50021,1,3204.99,3741.35,-1
20,1000,5,100003,1,6035.07,7732.47,-1
20,1000,7,53,1,8.8599,7.6318,-1
20,1000,7,89,1,9.1274,9.1362,-1
20,1000,7,101,1,11.1159,9.4325,-1
20,1000,7,503,1,30.7229,33.6152,-1
20,1000,7,1009,1,62.3849,68.5758,-1
20,1000,7,10007,1,670.489,762.439,-1
20,1000,7,50021,1,3249.44,4122.97,-1
20,1000,7,100003,1,6347.69,8051.53,-1
20,1000,9,53,1,7.8413,5.4688,-1
20,1000,9,89,1,8.1663,7.2721,-1
20,1000,9,101,1,9.4535,10.7415,-1
20,1000,9,503,1,32.9171,34.7275,-1
20,1000,9,1009,1,65.7957,67.4325,-1
20,1000,9,10007,1,682.348,766.767,-1
20,1000,9,50021,1,3478.89,4026.4,-1
20,1000,9,100003,1,7474.26,7966.23,-1
1,1000,0,53,1,0.6112,0.6889,-1
1,1000,0,89,1,0.4708,0.3546,-1
1,1000,0,101,1,0.3625,0.2506,-1
1,1000,0,503,1,1.2038,0.8601,-1
1,1000,0,1009,1,1.5016,1.5172,-1
1,1000,0,10007,1,14.6823,14.2723,-1
1,1000,0,50021,1,73.4917,70.0594,-1
1,1000,0,100003,1,135.054,131.787,-1
1,1000,1,53,1,0.6731,0.393,-1
1,1000,1,89,1,1.1611,0.5959,-1
1,1000,1,101,1,0.3982,0.3957,-1
1,1000,1,503,1,1.3714,1.4425,-1
1,1000,1,1009,1,3.5416,2.8725,-1
1,1000,1,10007,1,26.4957,26.3661,-1
1,1000,1,50021,1,132.871,131.613,-1
1,1000,1,100003,1,280.88,262.82,-1
1,1000,3,53,1,0.5428,0.5237,-1
1,1000,3,89,1,0.5897,1.2896,-1
1,1000,3,101,1,0.872,0.6005,-1
1,1000,3,503,1,2.6838,3.327,-1
1,1000,3,1009,1,5.586,6.2852,-1
1,1000,3,10007,1,53.7387,52.8015,-1
1,1000,3,50021,1,264.938,262.856,-1
1,1000,3,100003,1,532.365,527.053,-1
1,1000,5,53,1,1.2832,0.935,-1
1,1000,5,89,1,1.3501,0.9327,-1
1,1000,5,101,1,1.4857,0.9731,-1
1,1000,5,503,1,5.3528,4.2521,-1
1,1000,5,1009,1,8.5227,8.6001,-1
1,1000,5,10007,1,84.5859,80.6088,-1
1,1000,5,50021,1,396.422,396.39,-1
1,1000,5,100003,1,799.495,813.737,-1
1,1000,7,53,1,1.5449,0.8383,-1
1,1000,7,89,1,1.0177,2.3281,-1
1,1000,7,101,1,1.6188,1.3005,-1
1,1000,7,503,1,5.4171,5.5527,-1
1,1000,7,1009,1,11.1718,11.2051,-1
1,1000,7,10007,1,112.965,105.065,-1
1,1000,7,50021,1,556.399,559.215,-1
1,1000,7,100003,1,1094.33,1126.05,-1
1,1000,9,53,1,1.4526,1.1891,-1
1,1000,9,89,1,1.4124,1.5055,-1
1,1000,9,101,1,1.3575,1.4095,-1
1,1000,9,503,1,7.485,7.7252,-1
1,1000,9,1009,1,13.8993,14.0565,-1
1,1000,9,10007,1,139.564,136.048,-1
1,1000,9,50021,1,698.713,671.832,-1
1,1000,9,100003,1,1361.69,1313.92,-1
2,1000,0,53,1,0.5778,0.4905,-1
2,1000,0,89,1,0.4993,0.7018,-1
2,1000,0,101,1,0.4763,0.4339,-1
2,1000,0,503,1,1.5082,1.4456,-1
2,1000,0,1009,1,2.716,2.7792,-1
2,1000,0,10007,1,27.339,28.236,-1
2,1000,0,50021,1,135.492,136.557,-1
2,1000,0,100003,1,271.867,273.903,-1
2,1000,1,53,1,0.6324,0.6464,-1
2,1000,1,89,1,0.5288,0.421,-1
2,1000,1,101,1,0.6152,0.5507,-1
2,1000,1,503,1,1.6175,1.5279,-1
2,1000,1,1009,1,3.007,2.9732,-1
2,1000,1,10007,1,29.2219,28.2425,-1
2,1000,1,50021,1,146.604,142.897,-1
2,1000,1,100003,1,284.634,288.143,-1
2,1000,3,53,1,0.7978,0.7446,-1
2,1000,3,89,1,0.7758,0.8172,-1
2,1000,3,101,1,0.6426,0.6255,-1
2,1000,3,503,1,2.8453,2.9582,-1
2,1000,3,1009,1,5.6331,5.6325,-1
2,1000,3,10007,1,58.2425,56.4038,-1
2,1000,3,50021,1,285.051,285.817,-1
2,1000,3,100003,1,570.114,568.067,-1
2,1000,5,53,1,1.2917,1.1182,-1
2,1000,5,89,1,0.8134,0.7868,-1
2,1000,5,101,1,1.017,0.8892,-1
2,1000,5,503,1,4.305,4.2419,-1
2,1000,5,1009,1,9.101,8.6552,-1
2,1000,5,10007,1,84.2394,85.4094,-1
2,1000,5,50021,1,431.862,430.503,-1
2,1000,5,100003,1,856.1,857.488,-1
2,1000,7,53,1,1.5724,0.7778,-1
2,1000,7,89,1,1.0482,1.2602,-1
2,1000,7,101,1,1.2488,1.1381,-1
2,1000,7,503,1,5.4978,5.7456,-1
2,1000,7,1009,1,11.6079,11.7384,-1
2,1000,7,10007,1,115.826,115.697,-1
2,1000,7,50021,1,575.771,580.286,-1
2,1000,7,100003,1,1147.35,1157.31,-1
2,1000,9,53,1,1.0046,0.9919,-1
2,1000,9,89,1,1.262,2.3908,-1
2,1000,9,101,1,1.4775,1.4298,-1
2,1000,9,503,1,6.9842,7.1778,-1
2,1000,9,1009,1,14.4001,14.5733,-1
2,1000,9,10007,1,145.799,144.192,-1
2,1000,9,50021,1,715.368,701.212,-1
2,1000,9,100003,1,1433.09,1408.84,-1
4,1000,0,53,1,0.6263,0.5882,-1
4,1000,0,89,1,1.1993,0.8636,-1
4,1000,0,101,1,1.0499,0.9494,-1
4,1000,0,503,1,3.3126,2.9793,-1
4,1000,0,1009,1,5.6137,6.1747,-1
4,1000,0,10007,1,56.7863,60.7304,-1
4,1000,0,50021,1,279.548,308.767,-1
4,1000,0,100003,1,557.378,623.552,-1
4,1000,1,53,1,1.459,1.1304,-1
4,1000,1,89,1,1.2209,1.2809,-1
4,1000,1,101,1,1.5125,1.0378,-1
4,1000,1,503,1,3.8932,3.6405,-1
4,1000,1,1009,1,7.11,7.1341,-1
4,1000,1,10007,1,59.2472,63.259,-1
4,1000,1,50021,1,288.924,326.327,-1
4,1000,1,100003,1,683.167,739.016,-1
4,1000,3,53,1,1.2736,1.713,-1
4,1000,3,89,1,1.4601,1.3983,-1
4,1000,3,101,1,1.5175,1.3845,-1
4,1000,3,503,1,6.0999,4.5309,-1
4,1000,3,1009,1,8.1587,8.6754,-1
4,1000,3,10007,1,79.5798,77.3177,-1
4,1000,3,50021,1,367.577,359.482,-1
4,1000,3,100003,1,699.474,690.356,-1
4,1000,5,53,1,1.2513,1.191,-1
4,1000,5,89,1,1.1505,1.1183,-1
4,1000,5,101,1,1.2017,1.1776,-1
4,1000,5,503,1,5.5116,5.9132,-1
4,1000,5,1009,1,10.8,10.6681,-1
4,1000,5,10007,1,130.399,110.243,-1
4,1000,5,50021,1,548.559,687.265,-1
4,1000,5,100003,1,1030.43,1041.78,-1
4,1000,7,53,1,1.2668,1.5154,-1
4,1000,7,89,1,2.3313,1.3958,-1
4,1000,7,101,1,1.6549,1.6141,-1
4,1000,7,503,1,8.4492,7.7612,-1
4,1000,7,1009,1,15.6917,15.5005,-1
4,1000,7,10007,1,148.373,143.425,-1
4,1000,7,50021,1,700.404,696.737,-1
4,1000,7,100003,1,1367.92,1346.85,-1
4,1000,9,53,1,1.7011,1.5576,-1
4,1000,9,89,1,1.8755,1.6653,-1
4,1000,9,101,1,1.8715,2.2718,-1
4,1000,9,503,1,9.523,9.0054,-1
4,1000,9,1009,1,18.7039,18.7622,-1
4,1000,9,10007,1,173.905,174.012,-1
4,1000,9,50021,1,853.781,844.272,-1
4,1000,9,100003,1,1666.35,1684.81,-1
8,1000,0,53,1,1.5535,1.1535,-1
8,1000,0,89,1,1.5927,1.5029,-1
8,1000,0,101,1,1.8783,1.7818,-1
8,1000,0,503,1,7.2193,7.2078,-1
8,1000,0,1009,1,14.0498,13.4943,-1
8,1000,0,10007,1,137.748,144.238,-1
8,1000,0,50021,1,740.145,833.396,-1
8,1000,0,100003,1,1459.49,1789.98,-1
8,1000,1,53,1,2.7889,2.8785,-1
8,1000,1,89,1,3.3773,2.9762,-1
8,1000,1,101,1,3.702,3.5152,-1
8,1000,1,503,1,11.2195,10.4134,-1
8,1000,1,1009,1,19.6343,19.0031,-1
8,1000,1,10007,1,170.01,179.245,-1
8,1000,1,50021,1,833.726,936.589,-1
8,1000,1,100003,1,1592.68,1915.27,-1
8,1000,3,53,1,3.0757,2.2674,-1
8,1000,3,89,1,3.0462,3.1524,-1
8,1000,3,101,1,4.2093,3.2366,-1
8,1000,3,503,1,11.1674,10.9099,-1
8,1000,3,1009,1,20.1044,19.6134,-1
8,1000,3,10007,1,180.545,184.21,-1
8,1000,3,50021,1,875.996,970.745,-1
8,1000,3,100003,1,1662.41,1881.74,-1
8,1000,5,53,1,3.4738,2.8193,-1
8,1000,5,89,1,3.7781,3.3876,-1
8,1000,5,101,1,3.9559,3.8318,-1
8,1000,5,503,1,11.1013,11.0308,-1
8,1000,5,1009,1,20.8448,20.8626,-1
8,1000,5,10007,1,182.091,185.173,-1
8,1000,5,50021,1,916.735,905.924,-1
8,1000,5,100003,1,1805.03,1844.09,-1
8,1000,7,53,1,3.462,2.7019,-1
8,1000,7,89,1,3.9655,3.6013,-1
8,1000,7,101,1,3.7567,4.2369,-1
8,1000,7,503,1,11.4533,11.8967,-1
8,1000,7,1009,1,20.7089,21.8028,-1
8,1000,7,10007,1,203.946,206.119,-1
8,1000,7,50021,1,1014.54,1027.15,-1
8,1000,7,100003,1,1987.85,1974.12,-1
8,1000,9,53,1,3.4289,3.337,-1
8,1000,9,89,1,3.7424,3.3121,-1
8,1000,9,101,1,4.8481,4.4065,-1
8,1000,9,503,1,13.4047,14.7155,-1
8,1000,9,1009,1,23.455,27.4059,-1
8,1000,9,10007,1,228.736,238.499,-1
8,1000,9,50021,1,1195.91,1199.48,-1
8,1000,9,100003,1,2392.55,2438.69,-1
12,1000,0,53,1,3.1634,1.7924,-1
12,1000,0,89,1,2.8953,2.1519,-1
12,1000,0,101,1,3.0062,2.9089,-1
12,1000,0,503,1,10.8479,10.6722,-1
12,1000,0,1009,1,21.5577,21.9923,-1
12,1000,0,10007,1,216.593,248.034,-1
12,1000,0,50021,1,1153.1,1428.68,-1
12,1000,0,100003,1,2180.29,3150.37,-1
12,1000,1,53,1,3.522,3.8809,-1
12,1000,1,89,1,6.4616,4.6801,-1
12,1000,1,101,1,6.0937,4.7297,-1
12,1000,1,503,1,19.2958,16.6676,-1
12,1000,1,1009,1,31.197,29.7185,-1
12,1000,1,10007,1,266.985,283.565,-1
12,1000,1,50021,1,1266.18,1640.51,-1
12,1000,1,100003,1,2455.82,3389.15,-1
12,1000,3,53,1,5.2546,3.4554,-1
12,1000,3,89,1,6.784,5.7221,-1
12,1000,3,101,1,6.8881,6.1601,-1
12,1000,3,503,1,19.1794,17.5851,-1
12,1000,3,1009,1,33.4768,33.1882,-1
12,1000,3,10007,1,299.825,312.867,-1
12,1000,3,50021,1,1407.38,1725.01,-1
12,1000,3,100003,1,2704.53,3530.42,-1
12,1000,5,53,1,5.6917,3.4363,-1
12,1000,5,89,1,7.0614,6.878,-1
12,1000,5,101,1,6.5331,6.5048,-1
12,1000,5,503,1,20.7635,19.0755,-1
12,1000,5,1009,1,39.0366,36.7738,-1
12,1000,5,10007,1,316.383,315.267,-1
12,1000,5,50021,1,1486.1,1708.31,-1
12,1000,5,100003,1,2861.55,3419.6,-1
12,1000,7,53,1,6.0514,5.177,-1
12,1000,7,89,1,7.0223,5.9051,-1
12,1000,7,101,1,7.6393,6.6934,-1
12,1000,7,503,1,21.6644,20.4766,-1
12,1000,7,1009,1,35.9741,38.1307,-1
12,1000,7,10007,1,334.336,364.118,-1
12,1000,7,50021,1,1581.44,1723.86,-1
12,1000,7,100003,1,3130.96,3457.02,-1
12,1000,9,53,1,4.5512,4.4876,-1
12,1000,9,89,1,4.4003,4.5059,-1
12,1000,9,101,1,5.9941,4.9058,-1
12,1000,9,503,1,15.6871,17.0454,-1
12,1000,9,1009,1,35.4655,32.9885,-1
12,1000,9,10007,1,294.529,358.898,-1
12,1000,9,50021,1,1700.23,1731.19,-1
12,1000,9,100003,1,3201.78,3369.79,-1
16,1000,0,53,1,2.8311,2.772,-1
16,1000,0,89,1,5.3671,3.4151,-1
16,1000,0,101,1,6.4197,3.8537,-1
16,1000,0,503,1,20.0835,17.9899,-1
16,1000,0,1009,1,37.3448,34.5894,-1
16,1000,0,10007,1,346.738,398.694,-1
16,1000,0,50021,1,1746.21,2217.32,-1
16,1000,0,100003,1,3361.49,4561.03,-1
16,1000,1,53,1,6.5658,6.3287,-1
16,1000,1,89,1,8.198,6.1703,-1
16,1000,1,101,1,9.7337,8.8945,-1
16,1000,1,503,1,26.905,23.5228,-1
16,1000,1,1009,1,52.0348,46.6993,-1
16,1000,1,10007,1,433.035,414.857,-1
16,1000,1,50021,1,2106.34,2610.91,-1
16,1000,1,100003,1,4103.5,5370.99,-1
16,1000,3,53,1,8.8009,5.9841,-1
16,1000,3,89,1,10.4002,8.6405,-1
16,1000,3,101,1,11.1278,9.9549,-1
16,1000,3,503,1,29.398,26.7343,-1
16,1000,3,1009,1,53.9374,49.6961,-1
16,1000,3,10007,1,450.991,492.243,-1
16,1000,3,50021,1,2131.56,2729.71,-1
16,1000,3,100003,1,4159.02,5583.8,-1
16,1000,5,53,1,8.295,6.7388,-1
16,1000,5,89,1,10.1826,10.1528,-1
16,1000,5,101,1,11.3921,9.6588,-1
16,1000,5,503,1,29.7671,27.7959,-1
16,1000,5,1009,1,54.9973,53.0569,-1
16,1000,5,10007,1,477.279,515.008,-1
16,1000,5,50021,1,2253.77,2761.44,-1
16,1000,5,100003,1,4361.23,5523.35,-1
16,1000,7,53,1,8.5329,6.6187,-1
16,1000,7,89,1,9.4086,8.401,-1
16,1000,7,101,1,10.0651,7.6988,-1
16,1000,7,503,1,26.9805,27.463,-1
16,1000,7,1009,1,52.7879,55.4664,-1
16,1000,7,10007,1,472.169,531.291,-1
16,1000,7,50021,1,2393.16,2760.83,-1
16,1000,7,100003,1,4687.22,5631.59,-1
16,1000,9,53,1,7.2141,5.5427,-1
16,1000,9,89,1,6.6816,7.1585,-1
16,1000,9,101,1,8.5408,7.2938,-1
16,1000,9,503,1,24.6883,26.2268,-1
16,1000,9,1009,1,44.8213,49.6482,-1
16,1000,9,10007,1,450.882,551.874,-1
16,1000,9,50021,1,2514.09,2770.44,-1
16,1000,9,100003,1,4920.53,5572.66,-1
20,1000,0,53,1,6.7233,3.1449,-1
20,1000,0,89,1,7.9894,4.4278,-1
20,1000,0,101,1,8.5149,5.0887,-1
20,1000,0,503,1,25.5731,22.942,-1
20,1000,0,1009,1,51.98,47.8898,-1
20,1000,0,10007,1,452.914,517.653,-1
20,1000,0,50021,1,2630.94,2731.04,-1
20,1000,0,100003,1,4125.07,5911.74,-1
20,1000,1,53,1,6.5056,7.6554,-1
20,1000,1,89,1,11.2473,7.9357,-1
20,1000,1,101,1,11.4316,11.3157,-1
20,1000,1,503,1,36.3039,30.8371,-1
20,1000,1,1009,1,72.1273,61.789,-1
20,1000,1,10007,1,657.415,738.88,-1
20,1000,1,50021,1,3002.39,3661.17,-1
20,1000,1,100003,1,5811.44,7374.15,-1
20,1000,3,53,1,13.802,5.8562,-1
20,1000,3,89,1,15.2916,11.1233,-1
20,1000,3,101,1,14.1546,13.9093,-1
20,1000,3,503,1,37.8558,35.3854,-1
20,1000,3,1009,1,69.4897,67.8046,-1
20,1000,3,10007,1,619.398,681.865,-1
20,1000,3,50021,1,3149.15,3728.37,-1
20,1000,3,100003,1,5824.55,7449.46,-1
20,1000,5,53,1,8.398,7.256,-1
20,1000,5,89,1,6.7243,8.6238,-1
20,1000,5,101,1,12.4549,8.6156,-1
20,1000,5,503,1,38.1115,32.7066,-1
20,1000,5,1009,1,61.2945,69.6821,-1
20,1000,5,10007,1,628.623,687.505,-1
20,1000,5,50021,1,3180.64,3814.21,-1
20,1000,5,100003,1,6129.79,7596.15,-1
20,1000,7,53,1,7.2058,7.3997,-1
20,1000,7,89,1,10.8225,9.5311,-1
20,1000,7,101,1,12.1248,11.2206,-1
20,1000,7,503,1,34.7931,34.3499,-1
20,1000,7,1009,1,70.9216,71.6088,-1
20,1000,7,10007,1,690.395,776.765,-1
20,1000,7,50021,1,3311.46,3961.44,-1
20,1000,7,100003,1,6551.04,7937.88,-1
20,1000,9,53,1,8.8247,7.0987,-1
20,1000,9,89,1,10.4248,9.4488,-1
20,1000,9,101,1,11.7948,11.5854,-1
20,1000,9,503,1,34.9022,34.8973,-1
20,1000,9,1009,1,68.4657,70.4907,-1
20,1000,9,10007,1,730.262,805.173,-1
20,1000,9,50021,1,3559.21,4078.77,-1
20,1000,9,100003,1,6983.52,8149.73,-1
1,1000,0,53,1,0.6989,0.7852,-1
1,1000,0,89,1,0.6147,0.445,-1
1,1000,0,101,1,0.4663,0.2723,-1
1,1000,0,503,1,1.2856,0.8253,-1
1,1000,0,1009,1,1.5423,1.5129,-1
1,1000,0,10007,1,14.733,14.1453,-1
1,1000,0,50021,1,70.3682,66.9394,-1
1,1000,0,100003,1,133.653,135.495,-1
1,1000,1,53,1,0.483,0.6271,-1
1,1000,1,89,1,0.8598,0.4506,-1
1,1000,1,101,1,0.3733,0.4022,-1
1,1000,1,503,1,1.4012,1.4215,-1
1,1000,1,1009,1,2.7483,2.746,-1
1,1000,1,10007,1,26.8974,27.4558,-1
1,1000,1,50021,1,134.118,135.011,-1
1,1000,1,100003,1,269.592,284.805,-1
1,1000,3,53,1,0.466,0.347,-1
1,1000,3,89,1,0.612,0.5401,-1
1,1000,3,101,1,0.9201,0.7402,-1
1,1000,3,503,1,2.8989,2.9987,-1
1,1000,3,1009,1,6.2498,7.5144,-1
1,1000,3,10007,1,58.9035,59.6764,-1
1,1000,3,50021,1,292.163,289.254,-1
1,1000,3,100003,1,579.491,573.554,-1
1,1000,5,53,1,0.5845,1.3536,-1
1,1000,5,89,1,0.8548,0.7682,-1
1,1000,5,101,1,0.8791,0.9231,-1
1,1000,5,503,1,6.0614,4.1563,-1
1,1000,5,1009,1,9.5158,9.5656,-1
1,1000,5,10007,1,86.1064,85.1837,-1
1,1000,5,50021,1,432.018,432.205,-1
1,1000,5,100003,1,859.784,850.163,-1
1,1000,7,53,1,0.9166,1.7075,-1
1,1000,7,89,1,1.0897,1.0142,-1
1,1000,7,101,1,1.2072,1.1599,-1
1,1000,7,503,1,6.657,5.8466,-1
1,1000,7,1009,1,11.5035,12.2621,-1
1,1000,7,10007,1,114.348,114.165,-1
1,1000,7,50021,1,571.045,567.638,-1
1,1000,7,100003,1,1125.76,1122.08,-1
1,1000,9,53,1,1.5065,0.9186,-1
1,1000,9,89,1,1.3056,1.3116,-1
1,1000,9,101,1,1.4943,1.4745,-1
1,1000,9,503,1,7.2048,7.2269,-1
1,1000,9,1009,1,15.1115,14.5275,-1
1,1000,9,10007,1,142.064,141.679,-1
1,1000,9,50021,1,706.236,700.319,-1
1,1000,9,100003,1,1401.26,1392.3,-1
2,1000,0,53,1,0.5901,0.5966,-1
2,1000,0,89,1,0.788,0.7202,-1
2,1000,0,101,1,0.4627,0.4318,-1
2,1000,0,503,1,1.4133,1.4772,-1
2,1000,0,1009,1,2.7856,3.081,-1
2,1000,0,10007,1,27.8235,28.2269,-1
2,1000,0,50021,1,137.237,139.426,-1
2,1000,0,100003,1,277.63,280.179,-1
2,1000,1,53,1,0.6441,0.558,-1
2,1000,1,89,1,1.039,0.6015,-1
2,1000,1,101,1,0.5731,0.5624,-1
2,1000,1,503,1,1.6636,2.7055,-1
2,1000,1,1009,1,3.1268,3.1843,-1
2,1000,1,10007,1,28.8261,31.3231,-1
2,1000,1,50021,1,144.54,144.899,-1
2,1000,1,100003,1,288.596,289.128,-1
2,1000,3,53,1,0.655,0.649,-1
2,1000,3,89,1,0.9485,0.6401,-1
2,1000,3,101,1,0.924,0.6601,-1
2,1000,3,503,1,4.1012,2.9913,-1
2,1000,3,1009,1,7.0311,5.8176,-1
2,1000,3,10007,1,58.6876,57.4649,-1
2,1000,3,50021,1,287.282,282.999,-1
2,1000,3,100003,1,575.053,578.967,-1
2,1000,5,53,1,0.6628,0.7092,-1
2,1000,5,89,1,0.9308,0.8759,-1
2,1000,5,101,1,1.0982,1.0869,-1
2,1000,5,503,1,5.4462,4.6527,-1
2,1000,5,1009,1,9.6858,9.1976,-1
2,1000,5,10007,1,87.0912,86.374,-1
2,1000,5,50021,1,432.739,434.906,-1
2,1000,5,100003,1,847.382,822.014,-1
2,1000,7,53,1,1.8018,0.9262,-1
2,1000,7,89,1,1.1002,1.6724,-1
2,1000,7,101,1,1.1803,1.1861,-1
2,1000,7,503,1,7.4216,6.8536,-1
2,1000,7,1009,1,11.4579,11.1833,-1
2,1000,7,10007,1,108.878,112.216,-1
2,1000,7,50021,1,549.531,552.111,-1
2,1000,7,100003,1,1096.67,1101.4,-1
2,1000,9,53,1,1.009,0.9608,-1
2,1000,9,89,1,1.3955,1.3247,-1
2,1000,9,101,1,1.5231,1.6172,-1
2,1000,9,503,1,7.5817,7.3812,-1
2,1000,9,1009,1,14.8038,15.0613,-1
2,1000,9,10007,1,144.459,144.079,-1
2,1000,9,50021,1,727.663,702.625,-1
2,1000,9,100003,1,1371.14,1361.44,-1
4,1000,0,53,1,0.7285,0.6885,-1
4,1000,0,89,1,0.8783,0.6178,-1
4,1000,0,101,1,0.7497,0.6968,-1
4,1000,0,503,1,2.8326,3.1322,-1
4,1000,0,1009,1,5.7172,5.7939,-1
4,1000,0,10007,1,55.9621,55.9626,-1
4,1000,0,50021,1,275.695,283.547,-1
4,1000,0,100003,1,549.127,638.735,-1
4,1000,1,53,1,1.346,0.9722,-1
4,1000,1,89,1,1.2791,1.2282,-1
4,1000,1,101,1,1.5208,1.3686,-1
4,1000,1,503,1,4.4289,4.418,-1
4,1000,1,1009,1,8.1248,8.0994,-1
4,1000,1,10007,1,73.4986,66.0004,-1
4,1000,1,50021,1,331.595,337.939,-1
4,1000,1,100003,1,625.749,668.245,-1
4,1000,3,53,1,0.9069,0.8496,-1
4,1000,3,89,1,1.3967,1.2352,-1
4,1000,3,101,1,1.3676,1.3104,-1
4,1000,3,503,1,4.8661,4.0147,-1
4,1000,3,1009,1,8.1886,7.3458,-1
4,1000,3,10007,1,87.8967,64.1167,-1
4,1000,3,50021,1,357.373,362.884,-1
4,1000,3,100003,1,690.78,623.615,-1
4,1000,5,53,1,1.2059,1.157,-1
4,1000,5,89,1,1.1497,1.5067,-1
4,1000,5,101,1,1.6677,1.2434,-1
4,1000,5,503,1,5.1617,5.9657,-1
4,1000,5,1009,1,10.6011,10.9829,-1
4,1000,5,10007,1,113.424,110.737,-1
4,1000,5,50021,1,599.42,572.748,-1
4,1000,5,100003,1,1085.85,1033.19,-1
4,1000,7,53,1,0.9681,1.5635,-1
4,1000,7,89,1,1.4222,1.2911,-1
4,1000,7,101,1,1.4738,1.4477,-1
4,1000,7,503,1,7.5728,6.945,-1
4,1000,7,1009,1,13.8955,14.615,-1
4,1000,7,10007,1,136.738,138.801,-1
4,1000,7,50021,1,693.639,685.382,-1
4,1000,7,100003,1,1406.74,1351.26,-1
4,1000,9,53,1,2.0791,1.2865,-1
4,1000,9,89,1,1.705,1.7675,-1
4,1000,9,101,1,1.9101,2.1972,-1
4,1000,9,503,1,9.3881,9.0399,-1
4,1000,9,1009,1,18.8679,18.6174,-1
4,1000,9,10007,1,179.289,176.248,-1
4,1000,9,50021,1,879.869,849.433,-1
4,1000,9,100003,1,1696.2,1690.42,-1
8,1000,0,53,1,1.4667,1.1832,-1
8,1000,0,89,1,1.7723,1.624,-1
8,1000,0,101,1,2.1562,1.6154,-1
8,1000,0,503,1,7.3893,7.5766,-1
8,1000,0,1009,1,14.1873,14.3005,-1
8,1000,0,10007,1,143.969,148.093,-1
8,1000,0,50021,1,703.954,835.122,-1
8,1000,0,100003,1,1502.64,1786.65,-1
8,1000,1,53,1,2.6149,3.0154,-1
8,1000,1,89,1,3.5003,3.4309,-1
8,1000,1,101,1,4.2314,3.6792,-1
8,1000,1,503,1,11.0439,10.266,-1
8,1000,1,1009,1,20.2592,18.8895,-1
8,1000,1,10007,1,173.951,178.224,-1
8,1000,1,50021,1,848.942,974.841,-1
8,1000,1,100003,1,1619.02,2009.15,-1
8,1000,3,53,1,3.3908,2.9007,-1
8,1000,3,89,1,4.6295,3.8212,-1
8,1000,3,101,1,4.8144,4.4636,-1
8,1000,3,503,1,12.9493,12.2544,-1
8,1000,3,1009,1,23.1749,22.4565,-1
8,1000,3,10007,1,183.856,180.672,-1
8,1000,3,50021,1,856.232,950.407,-1
8,1000,3,100003,1,1695.89,1887.82,-1
8,1000,5,53,1,2.9147,2.7441,-1
8,1000,5,89,1,3.4475,3.5218,-1
8,1000,5,101,1,3.5274,3.7398,-1
8,1000,5,503,1,11.4321,10.9087,-1
8,1000,5,1009,1,19.4198,21.3488,-1
8,1000,5,10007,1,175.012,181.42,-1
8,1000,5,50021,1,908.835,923.016,-1
8,1000,5,100003,1,1829.51,1830.41,-1
8,1000,7,53,1,3.2137,2.2729,-1
8,1000,7,89,1,3.9577,3.7863,-1
8,1000,7,101,1,4.2327,3.7512,-1
8,1000,7,503,1,12.1216,10.8073,-1
8,1000,7,1009,1,21.012,20.6224,-1
8,1000,7,10007,1,206.872,201.603,-1
8,1000,7,50021,1,1020.63,1013.7,-1
8,1000,7,100003,1,1980.82,2152.27,-1
8,1000,9,53,1,3.7792,2.7042,-1
8,1000,9,89,1,4.2073,3.1894,-1
8,1000,9,101,1,3.8623,3.5185,-1
8,1000,9,503,1,15.2768,12.6797,-1
8,1000,9,1009,1,21.9107,23.741,-1
8,1000,9,10007,1,227.141,234.231,-1
8,1000,9,50021,1,1198.76,1202.85,-1
8,1000,9,100003,1,2388.52,2392.35,-1
12,1000,0,53,1,2.5064,2.4008,-1
12,1000,0,89,1,2.7677,2.4545,-1
12,1000,0,101,1,3.7036,2.4463,-1
12,1000,0,503,1,11.8196,11.2793,-1
12,1000,0,1009,1,25.5187,23.305,-1
12,1000,0,10007,1,222.626,252.603,-1
12,1000,0,50021,1,1162.99,1437.28,-1
12,1000,0,100003,1,2192.7,3041.45,-1
12,1000,1,53,1,4.3209,3.9117,-1
12,1000,1,89,1,6.1872,5.576,-1
12,1000,1,101,1,7.3688,6.0417,-1
12,1000,1,503,1,18.3164,16.7139,-1
12,1000,1,1009,1,36.1164,30.6604,-1
12,1000,1,10007,1,295.95,292.438,-1
12,1000,1,50021,1,1312.31,1654.41,-1
12,1000,1,100003,1,2551.56,3472.15,-1
12,1000,3,53,1,4.3945,4.7749,-1
12,1000,3,89,1,9.2326,5.9657,-1
12,1000,3,101,1,7.5958,7.0682,-1
12,1000,3,503,1,20.1067,18.952,-1
12,1000,3,1009,1,37.611,34.2452,-1
12,1000,3,10007,1,300.641,308.304,-1
12,1000,3,50021,1,1393.05,1682.5,-1
12,1000,3,100003,1,2743.93,3489.94,-1
12,1000,5,53,1,5.7192,5.422,-1
12,1000,5,89,1,6.6382,7.3439,-1
12,1000,5,101,1,7.7767,5.8792,-1
12,1000,5,503,1,20.4382,19.6227,-1
12,1000,5,1009,1,39.2479,36.6765,-1
12,1000,5,10007,1,318.315,341.611,-1
12,1000,5,50021,1,1504.76,1662.01,-1
12,1000,5,100003,1,2917.98,3442.79,-1
12,1000,7,53,1,4.7556,3.9687,-1
12,1000,7,89,1,4.6232,5.4095,-1
12,1000,7,101,1,5.5909,5.3072,-1
12,1000,7,503,1,16.1792,17.1463,-1
12,1000,7,1009,1,31.2676,33.3488,-1
12,1000,7,10007,1,309.298,329.465,-1
12,1000,7,50021,1,1584.78,1747.07,-1
12,1000,7,100003,1,3020.67,3388.25,-1
12,1000,9,53,1,4.7039,3.6927,-1
12,1000,9,89,1,5.3566,5.7081,-1
12,1000,9,101,1,4.9003,5.927,-1
12,1000,9,503,1,17.3998,19.2143,-1
12,1000,9,1009,1,37.2405,36.5453,-1
12,1000,9,10007,1,319.259,355.452,-1
12,1000,9,50021,1,1715.2,1647.26,-1
12,1000,9,100003,1,3173.76,3343.31,-1
16,1000,0,53,1,4.4584,2.4069,-1
16,1000,0,89,1,5.6571,3.4692,-1
16,1000,0,101,1,5.2988,3.9651,-1
16,1000,0,503,1,20.796,18.2086,-1
16,1000,0,1009,1,36.8116,35.716,-1
16,1000,0,10007,1,345.709,392.609,-1
16,1000,0,50021,1,1726.38,2238.13,-1
16,1000,0,100003,1,3356.05,4551.88,-1
16,1000,1,53,1,5.2416,4.841,-1
16,1000,1,89,1,9.0299,11.444,-1
16,1000,1,101,1,10.5451,9.1412,-1
16,1000,1,503,1,28.3679,23.9151,-1
16,1000,1,1009,1,52.3144,47.3173,-1
16,1000,1,10007,1,450.934,467.881,-1
16,1000,1,50021,1,2160.78,2643.06,-1
16,1000,1,100003,1,4109.63,5401.49,-1
16,1000,3,53,1,6.2467,4.7157,-1
16,1000,3,89,1,10.0003,9.6132,-1
16,1000,3,101,1,11.0477,8.418,-1
16,1000,3,503,1,28.5191,26.9674,-1
16,1000,3,1009,1,53.3166,48.8075,-1
16,1000,3,10007,1,443.975,471.374,-1
16,1000,3,50021,1,2135.63,2713.15,-1
16,1000,3,100003,1,4155.88,5568.23,-1
16,1000,5,53,1,8.1381,5.9614,-1
16,1000,5,89,1,8.8183,7.3007,-1
16,1000,5,101,1,10.4217,7.8161,-1
16,1000,5,503,1,27.0303,26.4663,-1
16,1000,5,1009,1,51.0745,48.8752,-1
16,1000,5,10007,1,465.839,526.488,-1
16,1000,5,50021,1,2388.14,2678.47,-1
16,1000,5,100003,1,4496.7,5648.22,-1
16,1000,7,53,1,5.9912,5.1169,-1
16,1000,7,89,1,8.3859,6.4231,-1
16,1000,7,101,1,9.7293,9.2577,-1
16,1000,7,503,1,25.5829,25.1857,-1
16,1000,7,1009,1,49.2968,48.2479,-1
16,1000,7,10007,1,472.112,506.065,-1
16,1000,7,50021,1,2418.84,2793.22,-1
16,1000,7,100003,1,4642.39,5896.49,-1
16,1000,9,53,1,6.6,5.402,-1
16,1000,9,89,1,6.8109,7.9592,-1
16,1000,9,101,1,6.9447,7.3036,-1
16,1000,9,503,1,23.5426,25.5672,-1
16,1000,9,1009,1,46.8801,49.0386,-1
16,1000,9,10007,1,473.473,550.782,-1
16,1000,9,50021,1,2466,2810.9,-1
16,1000,9,100003,1,4893.15,5539.46,-1
20,1000,0,53,1,5.5367,3.3155,-1
20,1000,0,89,1,9.1739,4.623,-1
20,1000,0,101,1,8.1626,4.9678,-1
20,1000,0,503,1,25.735,24.4436,-1
20,1000,0,1009,1,51.1513,47.9385,-1
20,1000,0,10007,1,464.525,538.161,-1
20,1000,0,50021,1,2214.5,2914.75,-1
20,1000,0,100003,1,4189.98,5944.91,-1
20,1000,1,53,1,10.5565,6.5029,-1
20,1000,1,89,1,11.1689,11.5177,-1
20,1000,1,101,1,12.3665,12.6253,-1
20,1000,1,503,1,37.3966,33.3642,-1
20,1000,1,1009,1,73.2842,67.4778,-1
20,1000,1,10007,1,646.614,722.571,-1
20,1000,1,50021,1,3011.87,3690.6,-1
20,1000,1,100003,1,5688.01,7423.08,-1
20,1000,3,53,1,7.4431,8.1101,-1
20,1000,3,89,1,11.5168,9.2473,-1
20,1000,3,101,1,13.2603,10.4926,-1
20,1000,3,503,1,33.7793,31.1955,-1
20,1000,3,1009,1,64.7259,65.1644,-1
20,1000,3,10007,1,615.871,703.296,-1
20,1000,3,50021,1,3036.18,3707.15,-1
20,1000,3,100003,1,5790.65,7323.03,-1
20,1000,5,53,1,11.7809,9.5511,-1
20,1000,5,89,1,13.2445,12.4306,-1
20,1000,5,101,1,14.0416,13.2735,-1
20,1000,5,503,1,38.3179,36.8654,-1
20,1000,5,1009,1,73.0566,71.8594,-1
20,1000,5,10007,1,657.8,723.552,-1
20,1000,5,50021,1,3155.39,3798.36,-1
20,1000,5,100003,1,6260.79,7615.52,-1
20,1000,7,53,1,10.2872,8.1887,-1
20,1000,7,89,1,8.3271,7.4362,-1
20,1000,7,101,1,12.4538,9.8349,-1
20,1000,7,503,1,33.3774,34.4968,-1
20,1000,7,1009,1,69.2209,67.317,-1
20,1000,7,10007,1,688.698,760.499,-1
20,1000,7,50021,1,3358.33,3973.99,-1
20,1000,7,100003,1,6586.88,7917.04,-1
20,1000,9,53,1,8.6388,5.9893,-1
20,1000,9,89,1,10.2309,9.0277,-1
20,1000,9,101,1,10.7215,10.65,-1
20,1000,9,503,1,32.7187,35.1515,-1
20,1000,9,1009,1,68.1998,72.7216,-1
20,1000,9,10007,1,720.395,772.346,-1
20,1000,9,50021,1,3552.5,4101.19,-1
20,1000,9,100003,1,7031.43,8174.3,-1
1,1000,0,53,1,0.5555,0.666,-1
1,1000,0,89,1,0.585,0.4289,-1
1,1000,0,101,1,0.305,0.2373,-1
1,1000,0,503,1,0.7983,0.7823,-1
1,1000,0,1009,1,1.5665,1.6064,-1
1,1000,0,10007,1,14.2546,14.4296,-1
1,1000,0,50021,1,69.9435,67.4887,-1
1,1000,0,100003,1,135.12,133.341,-1
1,1000,1,53,1,0.5883,0.4625,-1
1,1000,1,89,1,0.6886,0.5606,-1
1,1000,1,101,1,0.3614,0.349,-1
1,1000,1,503,1,1.3818,1.3954,-1
1,1000,1,1009,1,2.8865,2.9849,-1
1,1000,1,10007,1,26.9372,28.8091,-1
1,1000,1,50021,1,135.596,133.547,-1
1,1000,1,100003,1,273.891,286.41,-1
1,1000,3,53,1,1.0439,0.9074,-1
1,1000,3,89,1,1.2129,0.6501,-1
1,1000,3,101,1,0.6245,0.6541,-1
1,1000,3,503,1,2.856,3.0258,-1
1,1000,3,1009,1,6.1778,5.879,-1
1,1000,3,10007,1,58.8458,58.1958,-1
1,1000,3,50021,1,292.579,288.562,-1
1,1000,3,100003,1,572.935,568.514,-1
1,1000,5,53,1,1.2788,0.9742,-1
1,1000,5,89,1,1.8922,0.9986,-1
1,1000,5,101,1,1.502,1.0697,-1
1,1000,5,503,1,4.8305,4.4013,-1
1,1000,5,1009,1,8.6707,9.5899,-1
1,1000,5,10007,1,88.4803,85.0297,-1
1,1000,5,50021,1,429.771,425.531,-1
1,1000,5,100003,1,852.575,860.171,-1
1,1000,7,53,1,0.8841,0.7028,-1
1,1000,7,89,1,1.0874,1.0649,-1
1,1000,7,101,1,1.1635,1.2317,-1
1,1000,7,503,1,6.3904,7.1399,-1
1,1000,7,1009,1,11.681,11.663,-1
1,1000,7,10007,1,113.554,113.074,-1
1,1000,7,50021,1,567.412,565.55,-1
1,1000,7,100003,1,1133.28,1130.08,-1
1,1000,9,53,1,1.1233,1.0151,-1
1,1000,9,89,1,1.3464,1.3191,-1
1,1000,9,101,1,1.5873,1.4849,-1
1,1000,9,503,1,8.42,7.0693,-1
1,1000,9,1009,1,14.8539,14.4303,-1
1,1000,9,10007,1,143.358,141.26,-1
1,1000,9,50021,1,709.245,700.573,-1
1,1000,9,100003,1,1407.89,1399.16,-1
2,1000,0,53,1,0.6286,0.5836,-1
2,1000,0,89,1,0.4443,0.3231,-1
2,1000,0,101,1,0.3514,0.5519,-1
2,1000,0,503,1,1.5614,1.7605,-1
2,1000,0,1009,1,2.8173,2.8228,-1
2,1000,0,10007,1,28.821,28.3595,-1
2,1000,0,50021,1,140.329,135.518,-1
2,1000,0,100003,1,280.646,286.512,-1
2,1000,1,53,1,0.494,0.4171,-1
2,1000,1,89,1,0.8115,0.7135,-1
2,1000,1,101,1,0.6829,0.5537,-1
2,1000,1,503,1,1.6863,1.6421,-1
2,1000,1,1009,1,3.5595,3.1031,-1
2,1000,1,10007,1,30.1837,30.2457,-1
2,1000,1,50021,1,146.521,153.331,-1
2,1000,1,100003,1,288.704,298.731,-1
2,1000,3,53,1,0.8177,1.095,-1
2,1000,3,89,1,0.9958,0.7398,-1
2,1000,3,101,1,0.8713,0.6589,-1
2,1000,3,503,1,2.9643,2.9751,-1
2,1000,3,1009,1,5.9967,7.4273,-1
2,1000,3,10007,1,59.4871,58.0849,-1
2,1000,3,50021,1,295.014,290.059,-1
2,1000,3,100003,1,571.705,574.778,-1
2,1000,5,53,1,1.2858,0.7105,-1
2,1000,5,89,1,0.8886,0.9424,-1
2,1000,5,101,1,2.228,0.9599,-1
2,1000,5,503,1,5.6919,4.3931,-1
2,1000,5,1009,1,9.1803,9.6465,-1
2,1000,5,10007,1,88.7856,91.7638,-1
2,1000,5,50021,1,432.728,442.055,-1
2,1000,5,100003,1,874.344,868.694,-1
2,1000,7,53,1,1.6255,1.4966,-1
2,1000,7,89,1,1.2139,1.0366,-1
2,1000,7,101,1,1.2015,1.2312,-1
2,1000,7,503,1,7.5794,6.018,-1
2,1000,7,1009,1,13.3034,12.2137,-1
2,1000,7,10007,1,118.76,116.726,-1
2,1000,7,50021,1,580.344,577.033,-1
2,1000,7,100003,1,1149.52,1101.42,-1
2,1000,9,53,1,1.8191,1.4307,-1
2,1000,9,89,1,1.2887,1.3009,-1
2,1000,9,101,1,1.4867,1.4346,-1
2,1000,9,503,1,8.1352,8.4414,-1
2,1000,9,1009,1,14.4602,13.9881,-1
2,1000,9,10007,1,138.94,137.059,-1
2,1000,9,50021,1,715.078,721.83,-1
2,1000,9,100003,1,1448.75,1457.51,-1
4,1000,0,53,1,0.8834,0.6749,-1
4,1000,0,89,1,1.1287,0.7047,-1
4,1000,0,101,1,0.87,0.909,-1
4,1000,0,503,1,2.8499,3.295,-1
4,1000,0,1009,1,5.6179,6.954,-1
4,1000,0,10007,1,57.3749,59.2947,-1
4,1000,0,50021,1,289.469,296.003,-1
4,1000,0,100003,1,573.836,586.81,-1
4,1000,1,53,1,0.8686,1.2324,-1
4,1000,1,89,1,1.1722,1.0288,-1
4,1000,1,101,1,1.2483,1.1393,-1
4,1000,1,503,1,4.8012,3.732,-1
4,1000,1,1009,1,7.0522,7.4179,-1
4,1000,1,10007,1,61.3178,63.2915,-1
4,1000,1,50021,1,293.812,303.548,-1
4,1000,1,100003,1,585.648,609.26,-1
4,1000,3,53,1,0.8478,1.0937,-1
4,1000,3,89,1,1.3939,1.0325,-1
4,1000,3,101,1,1.1623,1.0993,-1
4,1000,3,503,1,4.223,3.5345,-1
4,1000,3,1009,1,7.7107,7.523,-1
4,1000,3,10007,1,63.0116,63.4231,-1
4,1000,3,50021,1,314.515,313.774,-1
4,1000,3,100003,1,624.199,615.3,-1
4,1000,5,53,1,1.4277,1.2484,-1
4,1000,5,89,1,1.2455,0.9161,-1
4,1000,5,101,1,1.0603,1.0128,-1
4,1000,5,503,1,4.9578,4.8672,-1
4,1000,5,1009,1,9.5311,9.7515,-1
4,1000,5,10007,1,94.5057,96.1303,-1
4,1000,5,50021,1,482.074,515.648,-1
4,1000,5,100003,1,1059.54,1043.81,-1
4,1000,7,53,1,1.8491,1.7505,-1
4,1000,7,89,1,1.3651,1.3327,-1
4,1000,7,101,1,1.5005,1.5431,-1
4,1000,7,503,1,6.8349,7.346,-1
4,1000,7,1009,1,14.0208,14.6893,-1
4,1000,7,10007,1,136.187,138.46,-1
4,1000,7,50021,1,721.263,706.667,-1
4,1000,7,100003,1,1372.17,1348.56,-1
4,1000,9,53,1,1.674,1.61,-1
4,1000,9,89,1,2.4523,1.7871,-1
4,1000,9,101,1,1.8407,2.4901,-1
4,1000,9,503,1,9.7878,9.1614,-1
4,1000,9,1009,1,18.462,17.7151,-1
4,1000,9,10007,1,179.495,174.65,-1
4,1000,9,50021,1,861.851,854.756,-1
4,1000,9,100003,1,1698.08,1772.57,-1
8,1000,0,53,1,1.2584,1.1827,-1
8,1000,0,89,1,1.9733,1.7875,-1
8,1000,0,101,1,2.1961,1.9086,-1
8,1000,0,503,1,8.7194,8.6051,-1
8,1000,0,1009,1,16.6161,16.1676,-1
8,1000,0,10007,1,157.734,155.79,-1
8,1000,0,50021,1,742.263,821.982,-1
8,1000,0,100003,1,1411.44,1803.74,-1
8,1000,1,53,1,2.2748,2.2101,-1
8,1000,1,89,1,2.8916,3.0659,-1
8,1000,1,101,1,4.0266,3.3438,-1
8,1000,1,503,1,10.4521,9.9477,-1
8,1000,1,1009,1,20.7356,19.237,-1
8,1000,1,10007,1,167.273,170.362,-1
8,1000,1,50021,1,844.395,955.087,-1
8,1000,1,100003,1,1655.99,1962.01,-1
8,1000,3,53,1,2.9222,2.6448,-1
8,1000,3,89,1,3.6849,3.7118,-1
8,1000,3,101,1,4.7002,3.675,-1
8,1000,3,503,1,12.3546,12.4122,-1
8,1000,3,1009,1,20.9831,21.1137,-1
8,1000,3,10007,1,185.656,189.599,-1
8,1000,3,50021,1,866.504,921.32,-1
8,1000,3,100003,1,1755.99,1888.35,-1
8,1000,5,53,1,3.2737,2.7516,-1
8,1000,5,89,1,4.3741,3.1541,-1
8,1000,5,101,1,3.9681,3.961,-1
8,1000,5,503,1,11.7667,11.4765,-1
8,1000,5,1009,1,19.6009,20.9442,-1
8,1000,5,10007,1,178.582,197.109,-1
8,1000,5,50021,1,916.699,928.8,-1
8,1000,5,100003,1,1776.46,1849.81,-1
8,1000,7,53,1,3.3542,2.773,-1
8,1000,7,89,1,3.9828,3.5446,-1
8,1000,7,101,1,4.0904,3.7983,-1
8,1000,7,503,1,13.4283,13.1177,-1
8,1000,7,1009,1,20.5885,23.6599,-1
8,1000,7,10007,1,205.788,206.99,-1
8,1000,7,50021,1,1026.93,1032.22,-1
8,1000,7,100003,1,1981.85,2042.59,-1
8,1000,9,53,1,4.3678,2.9842,-1
8,1000,9,89,1,4.0381,3.521,-1
8,1000,9,101,1,4.1045,3.9928,-1
8,1000,9,503,1,13.5671,12.9628,-1
8,1000,9,1009,1,22.8691,22.5797,-1
8,1000,9,10007,1,219.7,253.274,-1
8,1000,9,50021,1,1228.02,1284.76,-1
8,1000,9,100003,1,2329.12,2397.68,-1
12,1000,0,53,1,3.193,2.0814,-1
12,1000,0,89,1,5.0006,2.1011,-1
12,1000,0,101,1,2.5742,2.4941,-1
12,1000,0,503,1,12.2943,11.7365,-1
12,1000,0,1009,1,25.3728,23.2842,-1
12,1000,0,10007,1,226.739,248.742,-1
12,1000,0,50021,1,1155.57,1447.57,-1
12,1000,0,100003,1,2238.8,3092.32,-1
12,1000,1,53,1,3.4909,3.6616,-1
12,1000,1,89,1,5.0902,5.018,-1
12,1000,1,101,1,5.8243,5.116,-1
12,1000,1,503,1,16.3826,15.7917,-1
12,1000,1,1009,1,28.5997,27.9203,-1
12,1000,1,10007,1,257.53,282.386,-1
12,1000,1,50021,1,1274.1,1652.9,-1
12,1000,1,100003,1,2481.34,3431.3,-1
12,1000,3,53,1,5.2918,2.9472,-1
12,1000,3,89,1,6.4647,6.3064,-1
12,1000,3,101,1,8.6195,5.9384,-1
12,1000,3,503,1,18.0138,16.9316,-1
12,1000,3,1009,1,34.6525,32.5306,-1
12,1000,3,10007,1,293.754,314.388,-1
12,1000,3,50021,1,1440.52,1703.07,-1
12,1000,3,100003,1,2715.84,3431.87,-1
12,1000,5,53,1,4.6002,4.1821,-1
12,1000,5,89,1,4.936,5.2385,-1
12,1000,5,101,1,5.4198,4.6613,-1
12,1000,5,503,1,16.7957,16.112,-1
12,1000,5,1009,1,33.1352,31.7306,-1
12,1000,5,10007,1,284.428,321.045,-1
12,1000,5,50021,1,1524.93,1656.85,-1
12,1000,5,100003,1,2859.96,3450.26,-1
12,1000,7,53,1,5.2447,4.2237,-1
12,1000,7,89,1,5.7516,5.1001,-1
12,1000,7,101,1,6.3948,5.6013,-1
12,1000,7,503,1,18.5695,18.0271,-1
12,1000,7,1009,1,34.0168,33.0878,-1
12,1000,7,10007,1,307.011,322.195,-1
12,1000,7,50021,1,1606.59,1731.69,-1
12,1000,7,100003,1,3026.35,3495.06,-1
12,1000,9,53,1,5.0074,3.4296,-1
12,1000,9,89,1,4.643,4.9744,-1
12,1000,9,101,1,6.3434,5.0518,-1
12,1000,9,503,1,16.9546,18.1393,-1
12,1000,9,1009,1,33.3185,33.6775,-1
12,1000,9,10007,1,309.082,343.43,-1
12,1000,9,50021,1,1671.21,1689.38,-1
12,1000,9,100003,1,3231.2,3430.02,-1
16,1000,0,53,1,4.456,2.5426,-1
16,1000,0,89,1,4.9215,3.0985,-1
16,1000,0,101,1,5.8462,4.9145,-1
16,1000,0,503,1,18.4338,16.9891,-1
16,1000,0,1009,1,35.0675,33.5582,-1
16,1000,0,10007,1,331.528,387.68,-1
16,1000,0,50021,1,1740.85,2201.94,-1
16,1000,0,100003,1,3417.39,4481.5,-1
16,1000,1,53,1,5.0661,5.1553,-1
16,1000,1,89,1,8.1714,8.0177,-1
16,1000,1,101,1,9.7514,7.1083,-1
16,1000,1,503,1,25.4226,21.2046,-1
16,1000,1,1009,1,46.9311,41.4293,-1
16,1000,1,10007,1,412.673,458.262,-1
16,1000,1,50021,1,2094.42,2607.55,-1
16,1000,1,100003,1,4162.01,5464.71,-1
16,1000,3,53,1,9.5678,4.8824,-1
16,1000,3,89,1,10.4239,9.9106,-1
16,1000,3,101,1,11.6023,10.2449,-1
16,1000,3,503,1,30.0603,26.3202,-1
16,1000,3,1009,1,55.2424,51.1732,-1
16,1000,3,10007,1,448.232,487.26,-1
16,1000,3,50021,1,2123.55,2749.99,-1
16,1000,3,100003,1,4179.65,5484.81,-1
16,1000,5,53,1,6.5614,6.2076,-1
16,1000,5,89,1,6.6949,6.8617,-1
16,1000,5,101,1,7.7493,7.0657,-1
16,1000,5,503,1,23.6984,22.3732,-1
16,1000,5,1009,1,44.6732,47.0383,-1
16,1000,5,10007,1,437.894,520.715,-1
16,1000,5,50021,1,2283.21,2752.59,-1
16,1000,5,100003,1,4435.88,5611.87,-1
16,1000,7,53,1,6.0663,5.1426,-1
16,1000,7,89,1,8.4574,7.9622,-1
16,1000,7,101,1,9.165,7.3731,-1
16,1000,7,503,1,25.6997,24.0413,-1
16,1000,7,1009,1,49.1413,46.8356,-1
16,1000,7,10007,1,467.374,530.278,-1
16,1000,7,50021,1,2384.1,2848.32,-1
16,1000,7,100003,1,4671.7,5732.99,-1
16,1000,9,53,1,6.6152,4.6583,-1
16,1000,9,89,1,6.5625,6.0971,-1
16,1000,9,101,1,7.5913,6.5529,-1
16,1000,9,503,1,21.7059,26.1123,-1
16,1000,9,1009,1,45.8787,47.2541,-1
16,1000,9,10007,1,428.348,570.81,-1
16,1000,9,50021,1,2537.68,2820.02,-1
16,1000,9,100003,1,4919.09,5572.2,-1
20,1000,0,53,1,5.8141,3.3284,-1
20,1000,0,89,1,6.9519,4.3799,-1
20,1000,0,101,1,7.3132,4.8026,-1
20,1000,0,503,1,25.3114,22.675,-1
20,1000,0,1009,1,48.1132,46.0991,-1
20,1000,0,10007,1,414.325,528.721,-1
20,1000,0,50021,1,2196.58,2909.72,-1
20,1000,0,100003,1,4384.21,5854.37,-1
20,1000,1,53,1,7.7075,4.9228,-1
20,1000,1,89,1,11.0841,9.9447,-1
20,1000,1,101,1,11.7507,9.9331,-1
20,1000,1,503,1,35.0513,29.1263,-1
20,1000,1,1009,1,66.4006,61.1553,-1
20,1000,1,10007,1,643.873,692.695,-1
20,1000,1,50021,1,3036.7,3621.69,-1
20,1000,1,100003,1,5862.37,7479.95,-1
20,1000,3,53,1,9.3693,8.658,-1
20,1000,3,89,1,12.8749,11.9875,-1
20,1000,3,101,1,13.1577,12.7798,-1
20,1000,3,503,1,36.8751,33.7805,-1
20,1000,3,1009,1,69.2445,67.1739,-1
20,1000,3,10007,1,624.865,690.008,-1
20,1000,3,50021,1,3021.44,3686.82,-1
20,1000,3,100003,1,5905.51,7432.74,-1
20,1000,5,53,1,8.39,6.5018,-1
20,1000,5,89,1,7.0689,6.931,-1
20,1000,5,101,1,11.3883,8.097,-1
20,1000,5,503,1,31.5432,33.2265,-1
20,1000,5,1009,1,54.9471,59.6447,-1
20,1000,5,10007,1,606.389,726.929,-1
20,1000,5,50021,1,3172.34,3808.05,-1
20,1000,5,100003,1,6193.14,7589.15,-1
20,1000,7,53,1,11.0017,9.4119,-1
20,1000,7,89,1,13.3272,11.8687,-1
20,1000,7,101,1,13.8157,13.4825,-1
20,1000,7,503,1,36.5776,37.1737,-1
20,1000,7,1009,1,72.3537,77.1632,-1
20,1000,7,10007,1,698.008,770.905,-1
20,1000,7,50021,1,3320.27,3965.65,-1
20,1000,7,100003,1,6591.21,7931.32,-1
20,1000,9,53,1,9.4991,5.4326,-1
20,1000,9,89,1,11.0334,12.337,-1
20,1000,9,101,1,11.8622,11.2935,-1
20,1000,9,503,1,36.4676,35.2447,-1
20,1000,9,1009,1,70.7104,72.6794,-1
20,1000,9,10007,1,726.766,814.151,-1
20,1000,9,50021,1,3630.32,4096.55,-1
20,1000,9,100003,1,6995.03,8194.85,-1